类型,索引,替换目标,文本值(繁中）
type,key,object,value
editer,interface/achievement/achievement_panel.csb,msgbox.page_btn1.desc,成就
editer,interface/achievement/achievement_panel.csb,msgbox.page_btn1.desc,成就
editer,interface/achievement/achievement_panel.csb,msgbox.page_btn2.desc,我的足跡
editer,interface/achievement/achievement_panel.csb,msgbox.player_info.desc,我的成就點
editer,interface/achievement/achievement_panel.csb,msgbox.titlebg.title,統計
editer,interface/battle/battle_end/battle_ui_end_panel_lose.csb,end_node.end_desc,失敗
editer,interface/battle/battle_end/battle_ui_end_panel_victory.csb,end_node.end_desc,勝利
editer,interface/battle/battle_ui_end_panel.csb,end_node.close_desc,點擊螢幕退出
editer,interface/battle/battle_ui_end_panel.csb,end_node.trophies.template.desc,戰利品
editer,interface/battle/battle_ui_handcard_panel.csb,sacri_node.titlebg.title,獻祭
editer,interface/battle/battle_ui_panel.csb,end_node.close_desc,點擊螢幕退出
editer,interface/battle/battle_ui_panel.csb,end_node.trophies.template.desc,戰利品
editer,interface/battle/battle_ui_panel.csb,enemy_info.card_monster_detail,剩餘怪獸
editer,interface/battle/battle_ui_panel.csb,enemy_status.desc,我想一想...
editer,interface/battle/battle_ui_panel.csb,match_info.enemy_info.level_desc,段
editer,interface/battle/battle_ui_panel.csb,match_info.ourside_info.level_desc,段
editer,interface/battle/battle_ui_panel.csb,match_info.vs.desc,對決
editer,interface/battle/battle_ui_panel.csb,ourside_info.card_monster_detail,剩餘怪獸
editer,interface/battle/card_detail_panel.csb,back_btn.desc,返回
editer,interface/battle/sacrifice_panel.csb,sacrifice_panel.cards_panel.battlefield_title,出戰卡牌
editer,interface/battle/sacrifice_panel.csb,sacrifice_panel.cards_panel.handcard_title,手牌
editer,interface/battle/sacrifice_panel.csb,sacrifice_panel.desc1,每回合可以獻祭一張卡片
editer,interface/battle/sacrifice_panel.csb,sacrifice_panel.desc1.desc2,獻祭手牌中的怪獸牌可得到2水晶，其他卡牌可得到1水晶
editer,interface/battle/sacrifice_panel.csb,sacrifice_panel.desc1.exit_btn.desc,取消
editer,interface/battle/setting_panel.csb,msgbox_panel.consume_btn.desc,繼續
editer,interface/battle/setting_panel.csb,msgbox_panel.surrender_btn.desc,投降
editer,interface/battle/setting_panel.csb,msgbox_panel.title,戰場設定
editer,interface/battle/battle_end/battle_ui_end_panel_lose.csb,confirm_btn.desc,離開
editer,interface/battle/battle_end/battle_ui_end_panel_victory.csb,confirm_btn.desc,離開
editer,interface/battle/battle_end/template_reward.csb,template_reward.title,戰利品
editer,interface/chest/cardbag_panel.csb,node.desc,指定刷新時間內每勝利一場即可獲取一個老闆娘的卡包哦！
editer,interface/chest/cardbag_panel.csb,node.title,補充包
editer,interface/chest/open_cardbag_panel.csb,back_btn.txt,返回
editer,interface/chest/resolve_tip.csb,resolve_tip.desc,分解
editer,interface/chest/resolve_tip2.csb,resolve_tip2.desc,存量大於2張的卡牌將被自動分解
editer,interface/common/reward_panel.csb,node.detailbg.confirm_btn.desc,好的
editer,interface/common/reward_panel.csb,node.detailbg.desc,今日獲得以下素材
editer,interface/common/reward_panel.csb,node.title,獲得獎勵
editer,interface/deck/battlecard_group.csb,battle_cardgroup.title,戰鬥卡組
editer,interface/deck/battlecard_group.csb,change_tab.tab_item_txt,道具
editer,interface/deck/battlecard_group.csb,change_tab.tab_monster_txt,怪獸
editer,interface/deck/card_detail_panel.csb,node.add_btn.desc,上陣
editer,interface/deck/card_detail_panel.csb,node.create_node.create_btn.desc,製造
editer,interface/deck/card_detail_panel.csb,node.deck_tips_btn.desc,已上陣
editer,interface/deck/card_detail_panel.csb,node.delete_btn.desc,分解
editer,interface/deck/card_detail_panel.csb,node.levelup_btn.desc,升級
editer,interface/deck/filter_panel.csb,filter_btn.desc,篩選器
editer,interface/deck/filter_panel.csb,filter_panel.filter1.all_chk.desc,全部
editer,interface/deck/filter_panel.csb,filter_panel.filter1.consume_chk.desc,消耗品
editer,interface/deck/filter_panel.csb,filter_panel.filter1.equip_chk.desc,裝備
editer,interface/deck/filter_panel.csb,filter_panel.filter1.monster_chk.desc,怪獸
editer,interface/deck/filter_panel.csb,filter_panel.filter1.title,卡牌類型
editer,interface/deck/filter_panel.csb,filter_panel.filter2.entire_chk.desc,全部
editer,interface/deck/filter_panel.csb,filter_panel.filter2.title,卡牌顏色
editer,interface/deck/filter_panel.csb,filter_panel.filter3.checkbox1.desc,全部
editer,interface/deck/filter_panel.csb,filter_panel.filter3.title,水晶消耗
editer,interface/deck/filter_panel.csb,filter_panel.filter4.checkbox1.desc,全部
editer,interface/deck/filter_panel.csb,filter_panel.filter4.checkbox2.desc,普通
editer,interface/deck/filter_panel.csb,filter_panel.filter4.checkbox3.desc,罕見
editer,interface/deck/filter_panel.csb,filter_panel.filter4.checkbox4.desc,史詩
editer,interface/deck/filter_panel.csb,filter_panel.filter4.checkbox5.desc,傳說
editer,interface/deck/filter_panel.csb,filter_panel.filter4.title,卡牌品質
editer,interface/deck/levellist_panel.csb,bg.head.cost.cost_desc,卡費
editer,interface/deck/levelup_panel.csb,node.detailbg.title.name,升級所需材料
editer,interface/deck/levelup_panel.csb,node.title,升級卡牌
editer,interface/deck/resolve_panel.csb,node.detailbg.confirm_btn.desc,確認
editer,interface/deck/resolve_panel.csb,node.detailbg.desc,分解該卡牌將獲得如下素材，是否確認分解？
editer,interface/deck/resolve_panel.csb,node.title,分解卡牌
editer,interface/deck/resolve_panel.csb,node.detailbg.title.name,可分解得到
editer,interface/download_panel.csb,loading_bg.desc,更新到版本
editer,interface/friend/friend_add_panel.csb,msgbox.page_btn1.desc,搜索好友
editer,interface/friend/friend_add_panel.csb,msgbox.page_btn2.desc,待開放
editer,interface/friend/friend_add_panel.csb,msgbox.page_btn3.desc,待開放
editer,interface/friend/friend_add_panel.csb,msgbox.the_bg.find_node.result.result1,無搜索結果
editer,interface/friend/friend_add_panel.csb,msgbox.the_bg.find_node.result.result2.confirm_btn.desc,發送好友申請
editer,interface/friend/friend_add_panel.csb,msgbox.titlebg.title,添加好友
editer,interface/friend/friend_chat_panel.csb,msgbox.chat_node.enter_btn.desc,發送
editer,interface/friend/friend_chat_panel.csb,msgbox.titlebg.title,好友
editer,interface/friend/friend_list_panel.csb,msgbox.list_node.add_btn.desc,+好友
editer,interface/friend/friend_list_panel.csb,msgbox.list_node.message_btn.desc,通知
editer,interface/friend/friend_list_panel.csb,msgbox.list_node.page_btn2.desc,待開放
editer,interface/friend/friend_list_panel.csb,msgbox.list_node.template.the_normal_node.fight_btn.desc,切磋
editer,interface/friend/friend_list_panel.csb,msgbox.titlebg.title,好友
editer,interface/friend/friend_message_panel.csb,node.desc,不再接受好友申請
editer,interface/friend/friend_message_panel.csb,node.template.cancel_btn.desc,拒絕
editer,interface/friend/friend_message_panel.csb,node.template.confirm_btn.desc,同意
editer,interface/friend/friend_message_panel.csb,node.titlebg.title,通知
editer,interface/friend/friend_panel.csb,msgbox.chat_node.textfield,點擊輸入
editer,interface/ladder/intro_list_panel.csb,template.reward_desc,賽季末獎勵
editer,interface/ladder/intro_list_panel.csb,title,天梯段位一覽
editer,interface/ladder/ladder_panel.csb,info_desc,天梯賽規則
editer,interface/login_panel.csb,login_btn.other.desc,Game Center登錄
editer,interface/login_panel.csb,logo.start_txt,點擊開始
editer,interface/login_panel.csb,npc.bubblebg.desc,來一盤Card Monsters吧！
editer,interface/login_panel.csb,tip,請大家搜索并關注"卡片怪獸"facebook官方粉絲團，\n參與活動拿獎勵哦！
editer,interface/mail/mailbox_panel.csb,node.mail_detailbg.confirm_btn.desc,領取獎勵
editer,interface/mail/mailbox_panel.csb,node.mail_detailbg.read_icon.desc,已閱
editer,interface/mail/mailbox_panel.csb,node.mail_template.read_icon.desc,已閱
editer,interface/mail/mailbox_panel.csb,node.title,鸚鵡快訊
editer,interface/pve/main_pve_list.csb,pve_list.template1.name,鼠潮來襲
editer,interface/pve/main_pve_list.csb,pvelist.template1.name,鼠潮來襲
editer,interface/pve/main_pve_list.csb,pvelist.template2.name,怪獸靶場
editer,interface/pve/pve_cardgroup_panel.csb,node.cardgroup_list.cardgroup_btn2,我的牌組
editer,interface/pve/pve_cardgroup_panel.csb,node.times.desc,今日剩餘次數
editer,interface/pve/pve_panel.csb,level_info.level_list.level_template.lock_node.desc,需通過上一難度
editer,interface/pve/pve_panel.csb,level_info.level_list.level_template.unfinished_node.reward_desc,通關獎勵
editer,interface/setting/account_panel.csb,msgbox.desc,請關聯協力廠商賬號保存您的遊戲進度，這樣您可以在任意設備上玩卡片怪獸了
editer,interface/setting/account_panel.csb,msgbox.titlebg.title,賬號關聯
editer,interface/setting/account_panel.csb,msgbox.transform_btn.desc,切換賬號
editer,interface/setting/cdkey_panel.csb,msgbox.confirm_btn.desc,確認
editer,interface/setting/cdkey_panel.csb,msgbox.titlebg.title,兌換禮品碼
editer,interface/setting/global_setting_panel.csb,msgbox.login_btn.btn2.desc,兌換禮品碼
editer,interface/setting/global_setting_panel.csb,msgbox.login_btn.btn3.desc,賬號關聯
editer,interface/setting/global_setting_panel.csb,msgbox.titlebg.title,設定
editer,interface/task/task_normal_node.csb,normal_node.title1,任務目標
editer,interface/task/task_normal_node.csb,normal_node.title2,任務獎勵
editer,interface/task/task_normal_node.csb,normal_node.transform_btn.desc,刷新
editer,interface/task/task_panel.csb,msgbox.page_btn2.desc,任務
editer,interface/task/task_panel.csb,node.titlebg.title,任務
editer,interface/task/task_waiting_node.csb,waitting_node.title,接到下個任務還需
editer,interface/world/deck_panel.csb,cardbook.book.page.title,我的牌本
editer,interface/world/deck_panel.csb,cardbook_btn.desc,我的收藏
editer,interface/world/deck_panel.csb,create_btn.desc,製造卡牌
editer,interface/world/deck_panel.csb,create_node.node.bg.desc1,怪獸粉末
editer,interface/world/deck_panel.csb,create_node.node.bg2.desc1,道具粉末
editer,interface/world/deck_panel.csb,create_node.node.topbg.title,製造卡牌
editer,interface/world/friendfight_panel.csb,msgbox.step1.champion_desc,獲得冠軍次數
editer,interface/world/friendfight_panel.csb,msgbox.step1.create_btn.desc,請輸入房間編號
editer,interface/world/friendfight_panel.csb,msgbox.step1.desc,每個房間滿足4人參加方可開戰；4人隨機兩兩配對進行半決賽，失敗的2人退出房間，勝利的2人留在房間繼續進行決賽決出冠軍。
editer,interface/world/friendfight_panel.csb,msgbox.step1.enter_btn.desc,加入
editer,interface/world/friendfight_panel.csb,msgbox.step1.textfield,請輸入房間編號
editer,interface/world/friendfight_panel.csb,msgbox.step2.copy_btn.desc,退出比賽房間
editer,interface/world/friendfight_panel.csb,msgbox.step2.slot1.enter_node.fight_desc,對戰中
editer,interface/world/friendfight_panel.csb,msgbox.step2.slot2.enter_node.fight_desc,對戰中
editer,interface/world/friendfight_panel.csb,msgbox.step2.slot3.enter_node.fight_desc,對戰中
editer,interface/world/friendfight_panel.csb,msgbox.step2.slot4.enter_node.fight_desc,對戰中
editer,interface/world/help_btn.csb,setting.desc,新手幫助
editer,interface/world/help_btn.csb,helpbtn.desc,新手幫助
editer,interface/world/help_panel.csb,back_btn.desc,返回
editer,interface/world/help_panel.csb,pageview.page0.desc1,問與答 1
editer,interface/world/help_panel.csb,pageview.page0.desc2,問：為什麼不能取名字？而是隨機ID？\n答：目前由於沒有賬號系統，所以採用了直接進入遊戲，隨機分配ID的形式。我們會考慮增加玩家可自己起名的系統。\n\n問：為什麼沒有新手引導？\n答：由於《卡片怪獸》還處於測試階段，眾多核心玩法還沒實裝。按照基本流程，每個核心玩法都應該有相應的新手引導，所以目前暫
editer,interface/world/help_panel.csb,pageview.page1.desc1,左邊是物品卡
editer,interface/world/help_panel.csb,pageview.page1.desc2,右邊是怪獸卡
editer,interface/world/help_panel.csb,pageview.page1.desc3,剩餘數量
editer,interface/world/help_panel.csb,pageview.page1.desc4,自己
editer,interface/world/help_panel.csb,pageview.page1.desc5,卡牌分為怪獸卡與物品卡（裝備卡與消耗卡）。只有怪獸能上場，裝備卡必須裝備在同色的怪獸上
editer,interface/world/help_panel.csb,pageview.page2.desc1,自己
editer,interface/world/help_panel.csb,pageview.page2.desc2,介面下方的獻祭按鈕，可以把自己的卡牌獻祭，以獲得更多的水晶
editer,interface/world/help_panel.csb,pageview.page3.desc1,對手
editer,interface/world/help_panel.csb,pageview.page3.desc2,開始鍵
editer,interface/world/help_panel.csb,pageview.page3.desc3,當怪獸放好後，點擊戰鬥圖示就可以進行攻擊。如果場上沒有怪獸而點擊開始鍵，就會受到“懲罰”
editer,interface/world/help_panel.csb,pageview.page4.desc1,對手
editer,interface/world/help_panel.csb,pageview.page4.desc2,剩餘怪獸
editer,interface/world/help_panel.csb,pageview.page4.desc3,對手怪獸剩餘數量
editer,interface/world/help_panel.csb,pageview.page4.desc4,遊戲為回合制，直到一方的怪獸卡全部被消滅，分出勝負
editer,interface/world/help_panel.csb,pageview.page5.desc1,對手
editer,interface/world/help_panel.csb,pageview.page5.desc2,前排
editer,interface/world/help_panel.csb,pageview.page5.desc3,後排
editer,interface/world/help_panel.csb,pageview.page5.desc4,後排
editer,interface/world/help_panel.csb,pageview.page5.desc5,前排
editer,interface/world/help_panel.csb,pageview.page5.desc6,後排
editer,interface/world/help_panel.csb,pageview.page5.desc7,後排
editer,interface/world/help_panel.csb,pageview.page5.desc8,自己
editer,interface/world/help_panel.csb,pageview.page5.desc9,近戰只有在1號位才能進攻對方1號位目標
editer,interface/world/help_panel.csb,pageview.page6.desc1,對手
editer,interface/world/help_panel.csb,pageview.page6.desc2,前排
editer,interface/world/help_panel.csb,pageview.page6.desc3,後排
editer,interface/world/help_panel.csb,pageview.page6.desc4,後排
editer,interface/world/help_panel.csb,pageview.page6.desc5,前排
editer,interface/world/help_panel.csb,pageview.page6.desc6,後排
editer,interface/world/help_panel.csb,pageview.page6.desc7,後排
editer,interface/world/help_panel.csb,pageview.page6.desc8,自己
editer,interface/world/help_panel.csb,pageview.page6.desc9,遠程只有在2號位和3號位才能進攻他的攻擊目標有固定的優先順序(圖中的1-2-3）
editer,interface/world/help_panel.csb,pageview.page7.desc1,對手
editer,interface/world/help_panel.csb,pageview.page7.desc2,前排
editer,interface/world/help_panel.csb,pageview.page7.desc3,後排
editer,interface/world/help_panel.csb,pageview.page7.desc4,後排
editer,interface/world/help_panel.csb,pageview.page7.desc5,前排
editer,interface/world/help_panel.csb,pageview.page7.desc6,後排
editer,interface/world/help_panel.csb,pageview.page7.desc7,後排
editer,interface/world/help_panel.csb,pageview.page7.desc8,自己
editer,interface/world/help_panel.csb,pageview.page7.desc9,魔法攻擊可以在任何位置進行攻擊魔法的攻擊優先是在正對面，如果對面沒有目標就會攻擊側面的目標
editer,interface/world/help_panel.csb,pageview.page8.desc1,對手
editer,interface/world/help_panel.csb,pageview.page8.desc2,近戰或弓箭攻擊會優先對“護甲”造成相應的傷害魔法攻擊會無視護甲直接造成傷害
editer,interface/world/help_panel.csb,pageview.page9.desc1,問與答 2
editer,interface/world/help_panel.csb,pageview.page9.desc2,問：為什麼任務以外的戰鬥無法獲得卡包？\n答：目前由於其他玩法和系統還未上線，所以各位勇者只能每天8點和20點通過酒館老闆娘發佈的任務來獲得卡包。之後等到其他玩法和系統上線之後，勇者們獲得卡包的途徑將增多！?\n\n問：為什麼戰鬥無法獲得經驗、金幣和其他素材？\n答：我們非常瞭解勇者您迫切想要LV?UP，並且打敗大魔
editer,interface/world/help_panel.csb,title,簡易新手幫助
editer,interface/world/ladder_panel.csb,node.info_desc,每小時刷新一次排名
editer,interface/world/ladder_panel.csb,node.page_btn1.desc,全球榜
editer,interface/world/ladder_panel.csb,node.page_btn2.desc,好友榜
editer,interface/world/ladder_panel.csb,node.titlebg.title,排行榜
editer,interface/world/ladder_panel.csb,node.top_btn.desc,回到頂部
editer,interface/world/main_panel.csb,achievement.desc,成就
editer,interface/world/main_panel.csb,cardbag.desc,補充包
editer,interface/world/main_panel.csb,cardbook.desc,我的牌本
editer,interface/world/main_panel.csb,community.desc,社區
editer,interface/world/main_panel.csb,event.tip,約戰房
editer,interface/world/main_panel.csb,friend.desc,好友
editer,interface/world/main_panel.csb,ladder.desc,排行榜
editer,interface/world/main_panel.csb,mailbox.desc,鸚鵡快訊
editer,interface/world/main_panel.csb,pvebtn.desc,冒險
editer,interface/world/main_panel.csb,pvpbtn.desc,匹配戰鬥
editer,interface/world/main_panel.csb,reward_tip.desc,每日獎勵
editer,interface/world/main_panel.csb,setting.desc,設定
editer,interface/world/main_panel.csb,setting2.desc,設定
editer,interface/world/main_panel.csb,task.desc,任務板
editer,interface/world/main_panel.csb,task.desc,任務
editer,interface/world/main_panel.csb,tip,請搜索並關注facebook官方粉絲團“卡片怪獸”，參與活動拿獎勵哦！
editer,interface/world/match_panel.csb,msgbox.bubble_bg.desc,決定就是你了！
editer,interface/world/match_panel.csb,msgbox.desc,尋找對手中...
editer,interface/battle/battle_end2/mvp_node.csb,panel.title,全場最佳
editer,interface/battle/battle_end2/reward_template.csb,panel.title,獎勵
text,lost_connection,,伺服器連接中斷
text,unconnected,,伺服器未連接
text,send_time_out,,操作請求超時
text,battle_pvp_text,,第%d回合
text,own_monster_num,,怪獸%d
text,own_item_num,,裝備%d
text,battle_started,,準備開始
text,card_type_monster,,怪獸卡
text,card_type_armor,,護甲卡
text,card_type_equip,,武器卡
text,card_type_consume,,消耗卡
text,operation_card_level_up,,可升%d張卡
text,operation_card_detail,,卡牌明細
text,fight_deck_name,,戰鬥卡組 %d
text,arena_stage_wait_desc,,匹配對戰
text,arena_stage_match_desc,,取消匹配
text,sacrifice_error,,每回合僅能獻祭一次
text,deck_is_null,,卡組不存在
text,card_is_null,,卡牌不存在
text,card_config_is_null,,卡牌資料不存在
text,deck_monster_full,,加入怪獸卡組失敗
text,deck_item_full,,加入道具卡組失敗
text,deck_same_card_limit,,同樣的卡不能超過3張
text,battle_is_null,,你不在戰鬥中
text,battle_hand_card_is_null,,手牌不存在
text,battle_crystal_not_enough,,水晶不足
text,battle_target_card_is_null,,沒有目標
text,battle_monster_kind_not_match,,只能裝在同色怪獸身上
text,battle_consume_own_deploy_fail,,無法對我方使用此卡
text,battle_consume_enemy_deploy_fail,,無法對敵方使用此卡
text,common_confirm,,確 定
text,common_cancel,,取 消
text,common_close,,關 閉
text,unknown_error,,未知錯誤
text,package_decompress_err_title,,解壓失敗
text,package_decompress_err,,解壓失敗
text,package_decompress_err_confirm1,,退出遊戲
text,package_decompress_err_confirm2,,重新下載
text,package_version_too_low_title,,版本過低
text,package_version_too_low,,你當前的遊戲版本過低，遊戲將關閉。
text,package_update_title,,遊戲更新
text,package_update,,本次熱更新大小:%.2f Mb，是否馬上進行更新？
text,network_unable_connect_title,,連接失敗
text,network_unable_connect,,無法連接到伺服器，請檢查你的網路設定
text,network_unable_connect_confirm,,重新連接
text,network_unable_connect_close,,關 閉
text,network_unable_connect_cancel,,取 消
text,network_unable_connect_login,,返回登錄
text,game_exit_title,,退出遊戲提示
text,game_exit_desc,,確定要離開卡片怪獸嗎？
text,game_exit_confirm,,退出
text,game_exit_cancel,,返回
text,online_player_desc,,線上%d人
text,world_home_btn,,主頁
text,world_deck_btn,,卡組
text,card_level_desc,,Lv%d
text,tips_random_desc,,小提示:%s
text,deck_chest_time_over,,即可
text,chest_money_desc,,%d-%d金幣
text,chest_card_desc,,%d卡牌
text,chest_is_empty,,卡包是空的
text,chest_is_time_out,,開啟卡包時候還未到
text,chest_chest_opening,,有卡包正在開啟中
text,chest_stage_open,,開啟倒計時
text,chest_stage_use,,撕開卡包
text,chest_time_desc,,%s後開啟
text,chest_nofiy_desc,,%s已經可以開啟
text,card_quality_narmal,,普通
text,card_quality_rare,,罕見
text,card_quality_rarity,,史詩
text,card_quality_epic,,傳說
text,battle_result_win,,勝利
text,battle_result_lose,,失敗
text,battle_round_own,,你的回合
text,battle_round_first,,先手
text,battle_round_after,,後手
text,battle_power_desc,,卡組強度%d
text,battle_exit_title,,戰場提示
text,battle_exit_desc,,您的戰鬥已經結束,請按確定鍵退出戰鬥
text,battle_exit_confirm,,確? 定
text,arena_level_desc,,牌手%d段
text,slot_detail_title_status,,附加狀態
text,slot_detail_title_power,,說明
text,slot_detail_title_buff,,增益狀態
text,slot_detail_title_debuff,,減益狀態
text,own_deck_penalty,,我方消極懲罰
text,enemy_deck_penalty,,敵方消極懲罰
text,un_sacrifice_target,,沒有選擇任何卡牌
text,mail_send_user_name,,寄件人:%s
text,mail_system_offline,,郵件系統尚未上線
text,mail_is_null,,沒有找到此郵件
text,chest_have_card_num,,共有卡片x%d
text,chest_quality_at_least,,至少含%s卡x%d
text,refresh_time_desc,,刷新時間: %s
text,extra_crystal_use_desc,,【額外水晶】技能只能通過獻祭觸發
text,user_is_ban,,賬號被封停,請聯繫GM
text,service_is_close,,伺服器尚未開啟，請稍後再試
text,nofiy_refresh_time_desc,,老闆娘的補充包已刷新
text,deck_limit_desc,,%s僅能上陣%d張
text,card_num_not_enough,,卡牌數量不足
text,card_is_max_level,,該卡牌已達最高等級！
text,resource_money_not_enough,,金幣不足
text,resource_coin_not_enough,,血鑽不足
text,card_not_resolve,,該卡牌無法分解！
text,card_upgrade_success,,升級成功
text,card_resolve_success,,分解成功
text,cardgroup_info_num,,%d號套牌
text,monster_property_card,,怪獸牌
text,the_property_card,,道具牌
text,the_battle_card,,手牌
text,input_room_num,,請輸入四位數房號
text,room_not_exist,,房間不存在
text,room_is_full,,比賽已經開始，無法加入
text,challenge_3,,比賽已經開始，無法加入
text,challenge_4,,成功加入比賽
text,challenge_5,,等待對手加入…
text,challenge_6,,（我）
text,the_countdown_began,,人員到齊，準備開戰！
text,challenge_prompt_txt,,確認退出比賽嗎？
text,fail_the_battle,,已被淘汰
text,you_are_win,,你獲勝了！
text,you_are_lose,,你失敗了！
text,win_the_semifinals,,恭喜您贏得半決賽！
text,challenge_room_number,,編號 %d 房間
text,challenge_room_name,,四人約戰房
text,wait_for_people,,等待玩家
text,in_the_battle,,對戰中
text,ail_the_battle,,淘汰
text,add_QQ,,請關注facebook官方粉絲團，搜索“卡片怪獸”加入到遊戲的討論中
text,add_facebook,,請關注facebook粉絲團，搜索“卡片怪獸”
text,challenge_prompt,,退出約戰
text,the_countdown_numer1,,1
text,the_countdown_numer2,,2
text,the_countdown_numer3,,3
text,this_is_me,,（我）
text,item_num_not_enough,,道具不足
text,please_input_room,,請輸入房間號
text,create_room_failed,,創建房間失敗
text,the_card_handbook,,卡牌圖鑒
text,my_card_handbook,,我的卡本
text,prop_powder_num,,%d怪獸粉末
text,monster_powder_num,,%d道具粉末
text,powder_not_enough,,怪獸粉末不夠
text,item_powder_not_enough,,道具粉末不夠
text,card_compose_success,,合成成功
text,card_only_two,,已達到該卡製作數量上限
text,rank_win_lose_value,,%s勝/%s負
text,user_rank_info,,你的排名(下一次刷新時間:%s)
text,rank_info_name,,獎盃數 說明
text,rank_info_desc,,匹配戰鬥勝利可以增加獎盃數，反之會降低。
text,user_not_in_rank,,很抱歉，您沒有入榜
text,user_in_rank,,你的排名(每小時刷新排名)
text,battle_immunity_consume_card,,擁有【免疫】技能的怪獸無法成為消耗品的目標
text,compose_limit_desc,,超過合成上限
text,card_not_compose,,無法合成
text,enemy_match_ready_desc,,等待進入戰場
text,ourside_match_ready_desc,,準備就緒
text,rank_elo_name,,ELO:
text,user_in_world_rank,,你的全球排名
text,user_in_friend_rank,,你的好友排名
text,user_country_empty,,未知地區
text,user_world_rank_number,,/全球%d名
text,user_friend_rank_number,,好友中的獎盃數排名:%d
text,normal_friend_online,,普通(線上%d)
text,friend_fight,,切磋
text,friend_fight_countdown,,%d秒
text,title_delete_friend_normal,,刪除普通好友
text,desc_delete_friend_normal,,確認刪除該好友？
text,friend_setting_desc,,編輯
text,friend_chatting_title,,與%s在聊天
text,friend_chatting_emptytext,,資訊不能為空
text,pve_misson1_title,,— 鼠潮來襲 —
text,pve_misson1_confition,,勝利條件：消滅10個沙鼠\n失敗條件：我方怪獸全滅
text,pve_misson1_tip,,＊消滅鼠患，人人有責
text,pve_misson1_tip2,,＊超挑戰難度（策劃手抖的臨時產物）！此難度適合喜歡自虐的玩家自娛自樂
text,pve_misson2_title,,— 怪獸靶場 —
text,pve_misson2_confition,,勝利條件：消滅任意7個靶子\n 失敗條件：我方怪獸全滅 或 敵方水晶數達到50
text,pve_misson2_tip,,＊靈活的應用各種攻擊方式是戰勝對手的關鍵！精准的命中靶子，並避開那些炸彈靶子吧！
text,pve_day_limit_desc,,牌組選擇
text,pve_cardgroup_mission,,租用牌組
text,pve_cardgroup_ourside,,我的牌組
text,pve_cardgroup_limit,,周%s限定：至少上陣%d張%s色怪獸牌
text,pve_startbtn_limit,,缺%d張%s色怪獸牌
text,pve_startbtn_normal,,進入關卡
text,pve_startbtn_times,,今日次數不足
text,mission_difficulty_desc,,關卡難度%d★
text,pve_battle_mission1_desc,,擊殺所有沙鼠
text,pve_battle_mission2_desc,,在敵方達到50水晶前消滅%d個靶子
text,input_friend_num,,輸入用戶編號
text,input_chat_word,,輸入聊天資訊
text,the_hp_desc,,血量
text,the_armor_desc,,護甲
text,please_input_id,,搜索不到該編號
text,invite_battle_prompt,,好友切磋
text,battle_with_friend,,切磋申請已發出，等待回復
text,friend_online_state,,線上
text,friend_outline_state_day,,上次線上 %d天前
text,friend_outline_state_hour,,上次線上 %d小時前
text,friend_fight_state,,正在戰鬥
text,friend_fightbtn_cancel,,取消切磋
text,invited_battle_prompt,,好友切磋
text,invited_battle_with_friend,,%s向你發出切磋申請，是否接受？
text,invited_fight_msgbox_confirm,,接受
text,invited_fight_msgbox_cancel,,拒絕
text,tip_friend_fight_state,,該好友正在戰鬥
text,tip_friend_outline_state,,該好友已經下線
text,pve_finished_desc,,關卡難度%d★已通過！
text,user_not_exist,,該玩家不存在
text,user_already_friend,,該玩家已經是你的好友
text,user_not_be_added,,該玩家拒絕任何好友請求
text,user_not_online,,該玩家不線上
text,user_is_fighting,,該玩家正在戰鬥中
text,user_is_matching,,該玩家正在匹配中
text,friend_invite_not_time,,邀請時間沒到
text,user_is_myself,,不能添加自己為好友
text,friend_is_inviting,,該玩家正在被邀請
text,user_not_add_list,,該玩家不在列表中
text,not_friend_ship,,不是好友關係
text,user_already_request_add,, 已經申請過加好友
text,refuse_friend_success,,拒絕邀請成功
text,send_add_friend_success,,成功發出申請
text,add_friend_success,,好友添加成功
text,delete_friend_success,,刪除好友成功
text,people_is_online,,線上
text,people_is_offline,,離線
text,people_is_fighting,,戰鬥中
text,people_is_matching,,匹配中
text,people_is_inviting,,邀請中
text,task_free_refresh_desc,,今日免費刷新次數 %d/%d
text,task_progress_desc,,進度%d/%d
text,task_daily_last_num,,今日還可完成任務:%d
text,join_room_failed,,加入房間失敗
text,filter_close_desc,,篩選器
text,filter_open_desc,,確定
text,account_bind_success_t,,平臺%s綁定成功
text,account_bind_state1,,關聯%s
text,account_bind_state2,,%s正在關聯
text,account_bind_state3,,%s已關聯
text,account_login_state1,,%s登入
text,account_login_state2,,%s正在登入
text,account_bind_name_wc,,微信
text,account_bind_name_yk,,遊客
text,account_bind_name_bd,,%s綁定
text,account_bind_alert,,該%s賬號已關聯過另一個遊戲進度 是否切換？（未關聯賬號可能會丟失本地資料）
text,account_bind_log_tips,,請確保您已在【設定】->【GameCenter】中登入賬號
text,account_bind_log_tips1,,遊客玩家請先關聯再切換
text,login_auth_error,,賬號驗證失敗,請稍後再試
text,achievement_name_1,,廣結好友
text,achievement_name_2,,天梯勝利
text,achievement_name_4,,傳說卡片
text,achievement_name_5,,史詩卡片
text,achievement_name_6,,辛勤勞動
text,achievement_name_7,,好友切磋
text,achievement_name_8,,戰個痛快
text,achievement_name_9,,約戰冠軍
text,achievement_name_11,,三連勝
text,achievement_desc_1,,擁有%d個好友\n獎勵：獲取成就點%d
text,achievement_desc_2,,獲得匹配戰勝利%d場\n獎勵：獲取成就點%d
text,achievement_desc_4,,獲得傳說卡片%d張\n獎勵：獲取成就點%d
text,achievement_desc_5,,獲得史詩卡片%d張\n獎勵：獲取成就點%d
text,achievement_desc_6,,登錄%d天\n獎勵：獲取成就點%d
text,achievement_desc_7,,與好友切磋%d場\n獎勵：獲取成就點%d
text,achievement_desc_8,,參與約戰%d場\n獎勵：獲取成就點%d
text,achievement_desc_9,,獲得約戰冠軍%d次\n獎勵：獲取成就點%d
text,achievement_desc_11,,獲得三連勝%d次\n獎勵：獲取成就點%d
text,pve_play_not_open,,該玩法未開放
text,pve_difficulty_error,,選擇難度是錯的
text,pve_attack_type_error,,上陣類型是錯的
text,pve_fight_data_error,,出戰數據是錯的
text,pve_count_not_enough,,次數不夠
text,task_reward_failed,,領任務獎勵失敗
text,achievement_reward_failed,,領成就獎勵失敗
text,task_reset_failed,,重置失敗
text,pve_no_limit,,牌組無限制
text,task_daily_clean,,今天的任務已完成，請明天再來吧
text,task_reward_desc,,你獲得以下任務獎勵
text,achievement_reward_desc,,你獲得以下成就獎勵
text,task_complete,,領取獎勵
text,friend_title,,好友中的獎盃排名：%d
text,friend_name,,玩家名字#%s
text,invited_fight_msgbox_response,,%s拒絕了你的邀請
text,invited_fight_msgbox_title,,好友對戰
text,arena_info_name,,天梯賽規則
text,arena_info_desc,,每個賽季末，將會根據您的最終排名發放賽季獎勵
text,arena_fight_msgbox_cancel,,%s取消了切磋請求
text,pvp_confirm_btn_value,,匹配戰鬥
text,battle_result_tips_info,,已達今日上限
text,arena_bar_text,,到下一段位還需:%s
text,pve_first_reward_desc,,通關獎勵
text,pve_reward_desc,,通關獎勵
text,loading_desc,,版本更新
text,guide_name_1,,威爾
text,guide_name_2,,挑戰者
text,enter_cdkey_code,,點擊輸入禮品碼
text,redeem_failed,,兌換失敗
text,redeem_code_invalid,,禮品碼無效
text,redeem_code_used,,該禮品碼已經被使用過了
text,gift_already_got,,禮包已被領取
text,redeem_code_error,,禮品碼錯誤
text,equip_target_card_is_null,,裝備卡必須裝備在怪獸身上
text,adv_skilled_exam,,牌手等級%d 升等考試
text,exam_college,,牌手學院
text,exam_college_skilled,,1級熟練度滿後解鎖
text,progress_text,,進度
text,gerbil_tide_title,,— 鼠潮來襲 —
text,adv_main_title,,冒險
text,battle_result_lost_desc,,請再接再厲
text,battle_result_win_desc,,恭喜你
text,battle_result_enemy,,敵方
text,battle_result_self,,友方
text,battle_result_synthesis_desc,,您尚未擁有這張卡，是否前往合成？
text,battle_result_upgrade_desc,,您已擁有這張卡，是否前往升級？
text,upgrade_level,, 牌手等級
text,upgrade_award,,獎勵
card_config,110011,name,綠穴居人
card_config,110012,name,綠穴居人
card_config,110013,name,綠穴居人
card_config,110014,name,綠穴居人
card_config,110015,name,綠穴居人
card_config,110021,name,瘋山羊
card_config,110022,name,瘋山羊
card_config,110023,name,瘋山羊
card_config,110024,name,瘋山羊
card_config,110025,name,瘋山羊
card_config,110031,name,巨人
card_config,110032,name,巨人
card_config,110033,name,巨人
card_config,110034,name,巨人
card_config,110035,name,巨人
card_config,110036,name,巨人
card_config,110041,name,迷失的探險者
card_config,110042,name,迷失的探險者
card_config,110043,name,迷失的探險者
card_config,110044,name,迷失的探險者
card_config,110045,name,迷失的探險者
card_config,110051,name,狼騎兵
card_config,110052,name,狼騎兵
card_config,110053,name,狼騎兵
card_config,110054,name,狼騎兵
card_config,110055,name,狼騎兵
card_config,110056,name,狼騎兵
card_config,110061,name,無頭騎士
card_config,110062,name,無頭騎士
card_config,110063,name,無頭騎士
card_config,110064,name,無頭騎士
card_config,110065,name,無頭騎士
card_config,110066,name,無頭騎士
card_config,110071,name,禿鷹守衛
card_config,110072,name,禿鷹守衛
card_config,110073,name,禿鷹守衛
card_config,110074,name,禿鷹守衛
card_config,110075,name,禿鷹守衛
card_config,110076,name,禿鷹守衛
card_config,110077,name,禿鷹守衛
card_config,110081,name,沙漠襲擊者
card_config,110082,name,沙漠襲擊者
card_config,110083,name,沙漠襲擊者
card_config,110084,name,沙漠襲擊者
card_config,110085,name,沙漠襲擊者
card_config,110086,name,沙漠襲擊者
card_config,110091,name,紅龍
card_config,110092,name,紅龍
card_config,110093,name,紅龍
card_config,110094,name,紅龍
card_config,110095,name,紅龍
card_config,110096,name,紅龍
card_config,110097,name,紅龍
card_config,110098,name,紅龍
card_config,110101,name,雙斧
card_config,110102,name,雙斧
card_config,110103,name,雙斧
card_config,110104,name,雙斧
card_config,110105,name,雙斧
card_config,110106,name,雙斧
card_config,110111,name,食人兔
card_config,110112,name,食人兔
card_config,110113,name,食人兔
card_config,110114,name,食人兔
card_config,110115,name,食人兔
card_config,110116,name,食人兔
card_config,110117,name,食人兔
card_config,110118,name,食人兔
card_config,110121,name,炸彈神父
card_config,110122,name,炸彈神父
card_config,110123,name,炸彈神父
card_config,110124,name,炸彈神父
card_config,110125,name,炸彈神父
card_config,110126,name,炸彈神父
card_config,110127,name,炸彈神父
card_config,110131,name,漁夫
card_config,110132,name,漁夫
card_config,110133,name,漁夫
card_config,110134,name,漁夫
card_config,110135,name,漁夫
card_config,110136,name,漁夫
card_config,110137,name,漁夫
card_config,110141,name,貓騎兵
card_config,110142,name,貓騎兵
card_config,110143,name,貓騎兵
card_config,110144,name,貓騎兵
card_config,110145,name,貓騎兵
card_config,110146,name,貓騎兵
card_config,110147,name,貓騎兵
card_config,110148,name,貓騎兵
card_config,110151,name,惡魔斯諾曾
card_config,110152,name,惡魔斯諾曾
card_config,110153,name,惡魔斯諾曾
card_config,110154,name,惡魔斯諾曾
card_config,110155,name,惡魔斯諾曾
card_config,110156,name,惡魔斯諾曾
card_config,110157,name,惡魔斯諾曾
card_config,110161,name,禁默神父
card_config,110162,name,禁默神父
card_config,110163,name,禁默神父
card_config,110164,name,禁默神父
card_config,110165,name,禁默神父
card_config,110171,name,劫掠穴居人
card_config,110172,name,劫掠穴居人
card_config,110173,name,劫掠穴居人
card_config,110174,name,劫掠穴居人
card_config,110175,name,劫掠穴居人
card_config,110181,name,屏障騎士
card_config,110182,name,屏障騎士
card_config,110183,name,屏障騎士
card_config,110184,name,屏障騎士
card_config,110185,name,屏障騎士
card_config,110186,name,屏障騎士
card_config,110191,name,禿鷲射手
card_config,110192,name,禿鷲射手
card_config,110193,name,禿鷲射手
card_config,110194,name,禿鷲射手
card_config,110195,name,禿鷲射手
card_config,110196,name,禿鷲射手
card_config,120011,name,戰鼓
card_config,120012,name,戰鼓
card_config,120013,name,戰鼓
card_config,120014,name,戰鼓
card_config,120015,name,戰鼓
card_config,120021,name,清潔少女
card_config,120022,name,清潔少女
card_config,120023,name,清潔少女
card_config,120024,name,清潔少女
card_config,120025,name,清潔少女
card_config,120031,name,不是老鼠
card_config,120032,name,不是老鼠
card_config,120033,name,不是老鼠
card_config,120034,name,不是老鼠
card_config,120035,name,不是老鼠
card_config,120041,name,禮服射手
card_config,120042,name,禮服射手
card_config,120043,name,禮服射手
card_config,120044,name,禮服射手
card_config,120045,name,禮服射手
card_config,120046,name,禮服射手
card_config,120051,name,功夫蜥蜴
card_config,120052,name,功夫蜥蜴
card_config,120053,name,功夫蜥蜴
card_config,120054,name,功夫蜥蜴
card_config,120055,name,功夫蜥蜴
card_config,120056,name,功夫蜥蜴
card_config,120061,name,冬熊
card_config,120062,name,冬熊
card_config,120063,name,冬熊
card_config,120064,name,冬熊
card_config,120065,name,冬熊
card_config,120066,name,冬熊
card_config,120071,name,忍者狐狸
card_config,120072,name,忍者狐狸
card_config,120073,name,忍者狐狸
card_config,120074,name,忍者狐狸
card_config,120075,name,忍者狐狸
card_config,120076,name,忍者狐狸
card_config,120077,name,忍者狐狸
card_config,120081,name,忍者龜
card_config,120082,name,忍者龜
card_config,120083,name,忍者龜
card_config,120084,name,忍者龜
card_config,120085,name,忍者龜
card_config,120086,name,忍者龜
card_config,120087,name,忍者龜
card_config,120091,name,睡龍
card_config,120092,name,睡龍
card_config,120093,name,睡龍
card_config,120094,name,睡龍
card_config,120095,name,睡龍
card_config,120096,name,睡龍
card_config,120097,name,睡龍
card_config,120098,name,睡龍
card_config,120101,name,惡魔地毯
card_config,120102,name,惡魔地毯
card_config,120103,name,惡魔地毯
card_config,120104,name,惡魔地毯
card_config,120105,name,惡魔地毯
card_config,120106,name,惡魔地毯
card_config,120111,name,鱷魚
card_config,120112,name,鱷魚
card_config,120113,name,鱷魚
card_config,120114,name,鱷魚
card_config,120115,name,鱷魚
card_config,120116,name,鱷魚
card_config,120117,name,鱷魚
card_config,120121,name,彎腰黑猩猩
card_config,120122,name,彎腰黑猩猩
card_config,120123,name,彎腰黑猩猩
card_config,120124,name,彎腰黑猩猩
card_config,120125,name,彎腰黑猩猩
card_config,120126,name,彎腰黑猩猩
card_config,120127,name,彎腰黑猩猩
card_config,120131,name,獅鷲
card_config,120132,name,獅鷲
card_config,120133,name,獅鷲
card_config,120134,name,獅鷲
card_config,120135,name,獅鷲
card_config,120136,name,獅鷲
card_config,120137,name,獅鷲
card_config,120141,name,胖鉗子
card_config,120142,name,胖鉗子
card_config,120143,name,胖鉗子
card_config,120144,name,胖鉗子
card_config,120145,name,胖鉗子
card_config,120146,name,胖鉗子
card_config,120147,name,胖鉗子
card_config,120148,name,胖鉗子
card_config,120151,name,尖嘴波坎
card_config,120152,name,尖嘴波坎
card_config,120153,name,尖嘴波坎
card_config,120154,name,尖嘴波坎
card_config,120155,name,尖嘴波坎
card_config,120156,name,尖嘴波坎
card_config,120157,name,尖嘴波坎
card_config,120158,name,尖嘴波坎
card_config,120161,name,魔裝地毯
card_config,120162,name,魔裝地毯
card_config,120163,name,魔裝地毯
card_config,120164,name,魔裝地毯
card_config,120165,name,魔裝地毯
card_config,120171,name,氣功蜥蜴
card_config,120172,name,氣功蜥蜴
card_config,120173,name,氣功蜥蜴
card_config,120174,name,氣功蜥蜴
card_config,120175,name,氣功蜥蜴
card_config,120181,name,瘋鱷魚
card_config,120182,name,瘋鱷魚
card_config,120183,name,瘋鱷魚
card_config,120184,name,瘋鱷魚
card_config,120185,name,瘋鱷魚
card_config,120186,name,瘋鱷魚
card_config,120191,name,破甲射手
card_config,120192,name,破甲射手
card_config,120193,name,破甲射手
card_config,120194,name,破甲射手
card_config,120195,name,破甲射手
card_config,120196,name,破甲射手
card_config,130011,name,雪刃
card_config,130012,name,雪刃
card_config,130013,name,雪刃
card_config,130014,name,雪刃
card_config,130015,name,雪刃
card_config,130021,name,幽靈護盾
card_config,130022,name,幽靈護盾
card_config,130023,name,幽靈護盾
card_config,130024,name,幽靈護盾
card_config,130025,name,幽靈護盾
card_config,130031,name,書呆子
card_config,130032,name,書呆子
card_config,130033,name,書呆子
card_config,130034,name,書呆子
card_config,130035,name,書呆子
card_config,130041,name,蛇妖
card_config,130042,name,蛇妖
card_config,130043,name,蛇妖
card_config,130044,name,蛇妖
card_config,130045,name,蛇妖
card_config,130046,name,蛇妖
card_config,130051,name,水妖
card_config,130052,name,水妖
card_config,130053,name,水妖
card_config,130054,name,水妖
card_config,130055,name,水妖
card_config,130056,name,水妖
card_config,130061,name,嚴霜
card_config,130062,name,嚴霜
card_config,130063,name,嚴霜
card_config,130064,name,嚴霜
card_config,130065,name,嚴霜
card_config,130066,name,嚴霜
card_config,130071,name,蝸牛信使
card_config,130072,name,蝸牛信使
card_config,130073,name,蝸牛信使
card_config,130074,name,蝸牛信使
card_config,130075,name,蝸牛信使
card_config,130076,name,蝸牛信使
card_config,130077,name,蝸牛信使
card_config,130081,name,冰凍夫人
card_config,130082,name,冰凍夫人
card_config,130083,name,冰凍夫人
card_config,130084,name,冰凍夫人
card_config,130085,name,冰凍夫人
card_config,130086,name,冰凍夫人
card_config,130087,name,冰凍夫人
card_config,130091,name,石巨人
card_config,130092,name,石巨人
card_config,130093,name,石巨人
card_config,130094,name,石巨人
card_config,130095,name,石巨人
card_config,130096,name,石巨人
card_config,130097,name,石巨人
card_config,130098,name,石巨人
card_config,130101,name,石膏靈
card_config,130102,name,石膏靈
card_config,130103,name,石膏靈
card_config,130104,name,石膏靈
card_config,130105,name,石膏靈
card_config,130106,name,石膏靈
card_config,130111,name,穆博
card_config,130112,name,穆博
card_config,130113,name,穆博
card_config,130114,name,穆博
card_config,130115,name,穆博
card_config,130116,name,穆博
card_config,130117,name,穆博
card_config,130121,name,猴子法師
card_config,130122,name,猴子法師
card_config,130123,name,猴子法師
card_config,130124,name,猴子法師
card_config,130125,name,猴子法師
card_config,130126,name,猴子法師
card_config,130127,name,猴子法師
card_config,130131,name,蒸汽
card_config,130132,name,蒸汽
card_config,130133,name,蒸汽
card_config,130134,name,蒸汽
card_config,130135,name,蒸汽
card_config,130136,name,蒸汽
card_config,130137,name,蒸汽
card_config,130141,name,變異章魚
card_config,130142,name,變異章魚
card_config,130143,name,變異章魚
card_config,130144,name,變異章魚
card_config,130145,name,變異章魚
card_config,130146,name,變異章魚
card_config,130147,name,變異章魚
card_config,130148,name,變異章魚
card_config,130151,name,大法師
card_config,130152,name,大法師
card_config,130153,name,大法師
card_config,130154,name,大法師
card_config,130155,name,大法師
card_config,130156,name,大法師
card_config,130157,name,大法師
card_config,130158,name,大法師
card_config,130161,name,尖刺雪刃
card_config,130162,name,尖刺雪刃
card_config,130163,name,尖刺雪刃
card_config,130164,name,尖刺雪刃
card_config,130165,name,尖刺雪刃
card_config,130171,name,魔能蟲
card_config,130172,name,魔能蟲
card_config,130173,name,魔能蟲
card_config,130174,name,魔能蟲
card_config,130175,name,魔能蟲
card_config,130181,name,蝸牛警衛
card_config,130182,name,蝸牛警衛
card_config,130183,name,蝸牛警衛
card_config,130184,name,蝸牛警衛
card_config,130185,name,蝸牛警衛
card_config,130186,name,蝸牛警衛
card_config,130191,name,魚妖
card_config,130192,name,魚妖
card_config,130193,name,魚妖
card_config,130194,name,魚妖
card_config,130195,name,魚妖
card_config,130196,name,魚妖
card_config,140011,name,沙鼠
card_config,140012,name,沙鼠
card_config,140013,name,沙鼠
card_config,140014,name,沙鼠
card_config,140015,name,沙鼠
card_config,140021,name,蘑菇怪
card_config,140022,name,蘑菇怪
card_config,140023,name,蘑菇怪
card_config,140024,name,蘑菇怪
card_config,140025,name,蘑菇怪
card_config,140031,name,火雞
card_config,140032,name,火雞
card_config,140033,name,火雞
card_config,140034,name,火雞
card_config,140035,name,火雞
card_config,140041,name,奶油蝙蝠
card_config,140042,name,奶油蝙蝠
card_config,140043,name,奶油蝙蝠
card_config,140044,name,奶油蝙蝠
card_config,140045,name,奶油蝙蝠
card_config,140046,name,奶油蝙蝠
card_config,140051,name,花樹精
card_config,140052,name,花樹精
card_config,140053,name,花樹精
card_config,140054,name,花樹精
card_config,140055,name,花樹精
card_config,140056,name,花樹精
card_config,140061,name,狼蛛
card_config,140062,name,狼蛛
card_config,140063,name,狼蛛
card_config,140064,name,狼蛛
card_config,140065,name,狼蛛
card_config,140066,name,狼蛛
card_config,140071,name,鱷魚熊
card_config,140072,name,鱷魚熊
card_config,140073,name,鱷魚熊
card_config,140074,name,鱷魚熊
card_config,140075,name,鱷魚熊
card_config,140076,name,鱷魚熊
card_config,140077,name,鱷魚熊
card_config,140081,name,福洛克
card_config,140082,name,福洛克
card_config,140083,name,福洛克
card_config,140084,name,福洛克
card_config,140085,name,福洛克
card_config,140086,name,福洛克
card_config,140087,name,福洛克
card_config,140091,name,庫庫坎
card_config,140092,name,庫庫坎
card_config,140093,name,庫庫坎
card_config,140094,name,庫庫坎
card_config,140095,name,庫庫坎
card_config,140096,name,庫庫坎
card_config,140097,name,庫庫坎
card_config,140098,name,庫庫坎
card_config,140101,name,電鰻
card_config,140102,name,電鰻
card_config,140103,name,電鰻
card_config,140104,name,電鰻
card_config,140105,name,電鰻
card_config,140106,name,電鰻
card_config,140111,name,貝利肯
card_config,140112,name,貝利肯
card_config,140113,name,貝利肯
card_config,140114,name,貝利肯
card_config,140115,name,貝利肯
card_config,140116,name,貝利肯
card_config,140117,name,貝利肯
card_config,140121,name,劍齒虎
card_config,140122,name,劍齒虎
card_config,140123,name,劍齒虎
card_config,140124,name,劍齒虎
card_config,140125,name,劍齒虎
card_config,140126,name,劍齒虎
card_config,140127,name,劍齒虎
card_config,140131,name,夜鯊
card_config,140132,name,夜鯊
card_config,140133,name,夜鯊
card_config,140134,name,夜鯊
card_config,140135,name,夜鯊
card_config,140136,name,夜鯊
card_config,140137,name,夜鯊
card_config,140141,name,烏賊噴射者
card_config,140142,name,烏賊噴射者
card_config,140143,name,烏賊噴射者
card_config,140144,name,烏賊噴射者
card_config,140145,name,烏賊噴射者
card_config,140146,name,烏賊噴射者
card_config,140147,name,烏賊噴射者
card_config,140148,name,烏賊噴射者
card_config,140151,name,王子蘑菇
card_config,140152,name,王子蘑菇
card_config,140153,name,王子蘑菇
card_config,140154,name,王子蘑菇
card_config,140155,name,王子蘑菇
card_config,140156,name,王子蘑菇
card_config,140157,name,王子蘑菇
card_config,140158,name,王子蘑菇
card_config,140161,name,鎧蛛
card_config,140162,name,鎧蛛
card_config,140163,name,鎧蛛
card_config,140164,name,鎧蛛
card_config,140165,name,鎧蛛
card_config,140171,name,恢復蘑菇
card_config,140172,name,恢復蘑菇
card_config,140173,name,恢復蘑菇
card_config,140174,name,恢復蘑菇
card_config,140175,name,恢復蘑菇
card_config,140181,name,機警的火雞
card_config,140182,name,機警的火雞
card_config,140183,name,機警的火雞
card_config,140184,name,機警的火雞
card_config,140185,name,機警的火雞
card_config,140186,name,機警的火雞
card_config,140191,name,尖叫電鰻
card_config,140192,name,尖叫電鰻
card_config,140193,name,尖叫電鰻
card_config,140194,name,尖叫電鰻
card_config,140195,name,尖叫電鰻
card_config,140196,name,尖叫電鰻
card_config,149018,name,沙鼠王
card_config,150011,name,石甲蟲
card_config,150012,name,石甲蟲
card_config,150013,name,石甲蟲
card_config,150014,name,石甲蟲
card_config,150015,name,石甲蟲
card_config,150021,name,布羅格洛吉特
card_config,150022,name,布羅格洛吉特
card_config,150023,name,布羅格洛吉特
card_config,150024,name,布羅格洛吉特
card_config,150025,name,布羅格洛吉特
card_config,150031,name,一堆粘稠物
card_config,150032,name,一堆粘稠物
card_config,150033,name,一堆粘稠物
card_config,150034,name,一堆粘稠物
card_config,150035,name,一堆粘稠物
card_config,150041,name,熔岩軟泥
card_config,150042,name,熔岩軟泥
card_config,150043,name,熔岩軟泥
card_config,150044,name,熔岩軟泥
card_config,150045,name,熔岩軟泥
card_config,150046,name,熔岩軟泥
card_config,150051,name,瘋牛
card_config,150052,name,瘋牛
card_config,150053,name,瘋牛
card_config,150054,name,瘋牛
card_config,150055,name,瘋牛
card_config,150056,name,瘋牛
card_config,150061,name,大骨頭
card_config,150062,name,大骨頭
card_config,150063,name,大骨頭
card_config,150064,name,大骨頭
card_config,150065,name,大骨頭
card_config,150066,name,大骨頭
card_config,150071,name,侍僧
card_config,150072,name,侍僧
card_config,150073,name,侍僧
card_config,150074,name,侍僧
card_config,150075,name,侍僧
card_config,150076,name,侍僧
card_config,150077,name,侍僧
card_config,150081,name,惡魔侏儒
card_config,150082,name,惡魔侏儒
card_config,150083,name,惡魔侏儒
card_config,150084,name,惡魔侏儒
card_config,150085,name,惡魔侏儒
card_config,150086,name,惡魔侏儒
card_config,150087,name,惡魔侏儒
card_config,150091,name,瑪斯卡拉德
card_config,150092,name,瑪斯卡拉德
card_config,150093,name,瑪斯卡拉德
card_config,150094,name,瑪斯卡拉德
card_config,150095,name,瑪斯卡拉德
card_config,150096,name,瑪斯卡拉德
card_config,150097,name,瑪斯卡拉德
card_config,150098,name,瑪斯卡拉德
card_config,150101,name,天空蜉蝣
card_config,150102,name,天空蜉蝣
card_config,150103,name,天空蜉蝣
card_config,150104,name,天空蜉蝣
card_config,150105,name,天空蜉蝣
card_config,150106,name,天空蜉蝣
card_config,150111,name,地牢師傅
card_config,150112,name,地牢師傅
card_config,150113,name,地牢師傅
card_config,150114,name,地牢師傅
card_config,150115,name,地牢師傅
card_config,150116,name,地牢師傅
card_config,150117,name,地牢師傅
card_config,150118,name,地牢師傅
card_config,150121,name,巨鼠
card_config,150122,name,巨鼠
card_config,150123,name,巨鼠
card_config,150124,name,巨鼠
card_config,150125,name,巨鼠
card_config,150126,name,巨鼠
card_config,150127,name,巨鼠
card_config,150131,name,火焰
card_config,150132,name,火焰
card_config,150133,name,火焰
card_config,150134,name,火焰
card_config,150135,name,火焰
card_config,150136,name,火焰
card_config,150137,name,火焰
card_config,150141,name,藍龍
card_config,150142,name,藍龍
card_config,150143,name,藍龍
card_config,150144,name,藍龍
card_config,150145,name,藍龍
card_config,150146,name,藍龍
card_config,150147,name,藍龍
card_config,150148,name,藍龍
card_config,150151,name,遊靈
card_config,150152,name,遊靈
card_config,150153,name,遊靈
card_config,150154,name,遊靈
card_config,150155,name,遊靈
card_config,150156,name,遊靈
card_config,150157,name,遊靈
card_config,150161,name,奧術垃圾
card_config,150162,name,奧術垃圾
card_config,150163,name,奧術垃圾
card_config,150164,name,奧術垃圾
card_config,150165,name,奧術垃圾
card_config,150171,name,大鉗蟲
card_config,150172,name,大鉗蟲
card_config,150173,name,大鉗蟲
card_config,150174,name,大鉗蟲
card_config,150175,name,大鉗蟲
card_config,150181,name,搗蛋小鬼
card_config,150182,name,搗蛋小鬼
card_config,150183,name,搗蛋小鬼
card_config,150184,name,搗蛋小鬼
card_config,150185,name,搗蛋小鬼
card_config,150186,name,搗蛋小鬼
card_config,150191,name,瘋侏儒
card_config,150192,name,瘋侏儒
card_config,150193,name,瘋侏儒
card_config,150194,name,瘋侏儒
card_config,150195,name,瘋侏儒
card_config,150196,name,瘋侏儒
card_config,21001,name,便服
card_config,210011,name,便服
card_config,210012,name,便服
card_config,22001,name,便服
card_config,220011,name,便服
card_config,220012,name,便服
card_config,23001,name,便服
card_config,230011,name,便服
card_config,230012,name,便服
card_config,24001,name,便服
card_config,240011,name,便服
card_config,240012,name,便服
card_config,25001,name,便服
card_config,250011,name,便服
card_config,250012,name,便服
card_config,26001,name,便服
card_config,260011,name,便服
card_config,260012,name,便服
card_config,21002,name,金屬帽子
card_config,210021,name,金屬帽子
card_config,210022,name,金屬帽子
card_config,22002,name,金屬帽子
card_config,220021,name,金屬帽子
card_config,220022,name,金屬帽子
card_config,23002,name,金屬帽子
card_config,230021,name,金屬帽子
card_config,230022,name,金屬帽子
card_config,24002,name,金屬帽子
card_config,240021,name,金屬帽子
card_config,240022,name,金屬帽子
card_config,25002,name,金屬帽子
card_config,250021,name,金屬帽子
card_config,250022,name,金屬帽子
card_config,26002,name,金屬帽子
card_config,260021,name,金屬帽子
card_config,260022,name,金屬帽子
card_config,21003,name,尖刺護腿
card_config,210031,name,尖刺護腿
card_config,210032,name,尖刺護腿
card_config,22003,name,尖刺護腿
card_config,220031,name,尖刺護腿
card_config,220032,name,尖刺護腿
card_config,23003,name,尖刺護腿
card_config,230031,name,尖刺護腿
card_config,230032,name,尖刺護腿
card_config,24003,name,尖刺護腿
card_config,240031,name,尖刺護腿
card_config,240032,name,尖刺護腿
card_config,25003,name,尖刺護腿
card_config,250031,name,尖刺護腿
card_config,250032,name,尖刺護腿
card_config,26003,name,尖刺護腿
card_config,260031,name,尖刺護腿
card_config,260032,name,尖刺護腿
card_config,21004,name,騎士手套
card_config,210041,name,騎士手套
card_config,210042,name,騎士手套
card_config,22004,name,騎士手套
card_config,220041,name,騎士手套
card_config,220042,name,騎士手套
card_config,23004,name,騎士手套
card_config,230041,name,騎士手套
card_config,230042,name,騎士手套
card_config,24004,name,騎士手套
card_config,240041,name,騎士手套
card_config,240042,name,騎士手套
card_config,25004,name,騎士手套
card_config,250041,name,騎士手套
card_config,250042,name,騎士手套
card_config,26004,name,騎士手套
card_config,260041,name,騎士手套
card_config,260042,name,騎士手套
card_config,21005,name,毛皮甲
card_config,210051,name,毛皮甲
card_config,210052,name,毛皮甲
card_config,22005,name,毛皮甲
card_config,220051,name,毛皮甲
card_config,220052,name,毛皮甲
card_config,23005,name,毛皮甲
card_config,230051,name,毛皮甲
card_config,230052,name,毛皮甲
card_config,24005,name,毛皮甲
card_config,240051,name,毛皮甲
card_config,240052,name,毛皮甲
card_config,25005,name,毛皮甲
card_config,250051,name,毛皮甲
card_config,250052,name,毛皮甲
card_config,26005,name,毛皮甲
card_config,260051,name,毛皮甲
card_config,260052,name,毛皮甲
card_config,22006,name,盜賊斗篷
card_config,220061,name,盜賊斗篷
card_config,220062,name,盜賊斗篷
card_config,23006,name,盜賊斗篷
card_config,230061,name,盜賊斗篷
card_config,230062,name,盜賊斗篷
card_config,24006,name,盜賊斗篷
card_config,240061,name,盜賊斗篷
card_config,240062,name,盜賊斗篷
card_config,25006,name,盜賊斗篷
card_config,250061,name,盜賊斗篷
card_config,250062,name,盜賊斗篷
card_config,26006,name,盜賊斗篷
card_config,260061,name,盜賊斗篷
card_config,260062,name,盜賊斗篷
card_config,21007,name,巡遊手套
card_config,210071,name,巡遊手套
card_config,210072,name,巡遊手套
card_config,22007,name,巡遊手套
card_config,220071,name,巡遊手套
card_config,220072,name,巡遊手套
card_config,23007,name,巡遊手套
card_config,230071,name,巡遊手套
card_config,230072,name,巡遊手套
card_config,24007,name,巡遊手套
card_config,240071,name,巡遊手套
card_config,240072,name,巡遊手套
card_config,25007,name,巡遊手套
card_config,250071,name,巡遊手套
card_config,250072,name,巡遊手套
card_config,26007,name,巡遊手套
card_config,260071,name,巡遊手套
card_config,260072,name,巡遊手套
card_config,22008,name,視覺手套
card_config,220081,name,視覺手套
card_config,220082,name,視覺手套
card_config,23008,name,視覺手套
card_config,230081,name,視覺手套
card_config,230082,name,視覺手套
card_config,24008,name,視覺手套
card_config,240081,name,視覺手套
card_config,240082,name,視覺手套
card_config,26008,name,視覺手套
card_config,260081,name,視覺手套
card_config,260082,name,視覺手套
card_config,21009,name,鎖子甲
card_config,210091,name,鎖子甲
card_config,210092,name,鎖子甲
card_config,22009,name,鎖子甲
card_config,220091,name,鎖子甲
card_config,220092,name,鎖子甲
card_config,23009,name,鎖子甲
card_config,230091,name,鎖子甲
card_config,230092,name,鎖子甲
card_config,24009,name,鎖子甲
card_config,240091,name,鎖子甲
card_config,240092,name,鎖子甲
card_config,25009,name,鎖子甲
card_config,250091,name,鎖子甲
card_config,250092,name,鎖子甲
card_config,26009,name,鎖子甲
card_config,260091,name,鎖子甲
card_config,260092,name,鎖子甲
card_config,21010,name,皮革甲
card_config,210101,name,皮革甲
card_config,210102,name,皮革甲
card_config,22010,name,皮革甲
card_config,220101,name,皮革甲
card_config,220102,name,皮革甲
card_config,23010,name,皮革甲
card_config,230101,name,皮革甲
card_config,230102,name,皮革甲
card_config,24010,name,皮革甲
card_config,240101,name,皮革甲
card_config,240102,name,皮革甲
card_config,25010,name,皮革甲
card_config,250101,name,皮革甲
card_config,250102,name,皮革甲
card_config,26010,name,皮革甲
card_config,260101,name,皮革甲
card_config,260102,name,皮革甲
card_config,21011,name,武僧甲
card_config,210111,name,武僧甲
card_config,210112,name,武僧甲
card_config,22011,name,武僧甲
card_config,220111,name,武僧甲
card_config,220112,name,武僧甲
card_config,23011,name,武僧甲
card_config,230111,name,武僧甲
card_config,230112,name,武僧甲
card_config,24011,name,武僧甲
card_config,240111,name,武僧甲
card_config,240112,name,武僧甲
card_config,25011,name,武僧甲
card_config,250111,name,武僧甲
card_config,250112,name,武僧甲
card_config,26011,name,武僧甲
card_config,260111,name,武僧甲
card_config,260112,name,武僧甲
card_config,21012,name,兇惡面具
card_config,210121,name,兇惡面具
card_config,210122,name,兇惡面具
card_config,22012,name,兇惡面具
card_config,220121,name,兇惡面具
card_config,220122,name,兇惡面具
card_config,23012,name,兇惡面具
card_config,230121,name,兇惡面具
card_config,230122,name,兇惡面具
card_config,24012,name,兇惡面具
card_config,240121,name,兇惡面具
card_config,240122,name,兇惡面具
card_config,25012,name,兇惡面具
card_config,250121,name,兇惡面具
card_config,250122,name,兇惡面具
card_config,26012,name,兇惡面具
card_config,260121,name,兇惡面具
card_config,260122,name,兇惡面具
card_config,21013,name,羽毛帽
card_config,210131,name,羽毛帽
card_config,210132,name,羽毛帽
card_config,22013,name,羽毛帽
card_config,220131,name,羽毛帽
card_config,220132,name,羽毛帽
card_config,23013,name,羽毛帽
card_config,230131,name,羽毛帽
card_config,230132,name,羽毛帽
card_config,24013,name,羽毛帽
card_config,240131,name,羽毛帽
card_config,240132,name,羽毛帽
card_config,25013,name,羽毛帽
card_config,250131,name,羽毛帽
card_config,250132,name,羽毛帽
card_config,26013,name,羽毛帽
card_config,260131,name,羽毛帽
card_config,260132,name,羽毛帽
card_config,21014,name,變換護腕
card_config,210141,name,變換護腕
card_config,210142,name,變換護腕
card_config,22014,name,變換護腕
card_config,220141,name,變換護腕
card_config,220142,name,變換護腕
card_config,23014,name,變換護腕
card_config,230141,name,變換護腕
card_config,230142,name,變換護腕
card_config,24014,name,變換護腕
card_config,240141,name,變換護腕
card_config,240142,name,變換護腕
card_config,25014,name,變換護腕
card_config,250141,name,變換護腕
card_config,250142,name,變換護腕
card_config,26014,name,變換護腕
card_config,260141,name,變換護腕
card_config,260142,name,變換護腕
card_config,21015,name,法師帽
card_config,210151,name,法師帽
card_config,210152,name,法師帽
card_config,22015,name,法師帽
card_config,220151,name,法師帽
card_config,220152,name,法師帽
card_config,23015,name,法師帽
card_config,230151,name,法師帽
card_config,230152,name,法師帽
card_config,24015,name,法師帽
card_config,240151,name,法師帽
card_config,240152,name,法師帽
card_config,25015,name,法師帽
card_config,250151,name,法師帽
card_config,250152,name,法師帽
card_config,26015,name,法師帽
card_config,260151,name,法師帽
card_config,260152,name,法師帽
card_config,21016,name,格鬥手套
card_config,210161,name,格鬥手套
card_config,210162,name,格鬥手套
card_config,22016,name,格鬥手套
card_config,220161,name,格鬥手套
card_config,220162,name,格鬥手套
card_config,24016,name,格鬥手套
card_config,240161,name,格鬥手套
card_config,240162,name,格鬥手套
card_config,25016,name,格鬥手套
card_config,250161,name,格鬥手套
card_config,250162,name,格鬥手套
card_config,26016,name,格鬥手套
card_config,260161,name,格鬥手套
card_config,260162,name,格鬥手套
card_config,21017,name,羊皮盾
card_config,210171,name,羊皮盾
card_config,210172,name,羊皮盾
card_config,22017,name,羊皮盾
card_config,220171,name,羊皮盾
card_config,220172,name,羊皮盾
card_config,23017,name,羊皮盾
card_config,230171,name,羊皮盾
card_config,230172,name,羊皮盾
card_config,24017,name,羊皮盾
card_config,240171,name,羊皮盾
card_config,240172,name,羊皮盾
card_config,26017,name,羊皮盾
card_config,260171,name,羊皮盾
card_config,260172,name,羊皮盾
card_config,22018,name,金冠
card_config,220181,name,金冠
card_config,220182,name,金冠
card_config,23018,name,金冠
card_config,230181,name,金冠
card_config,230182,name,金冠
card_config,24018,name,金冠
card_config,240181,name,金冠
card_config,240182,name,金冠
card_config,25018,name,金冠
card_config,250181,name,金冠
card_config,250182,name,金冠
card_config,26018,name,金冠
card_config,260181,name,金冠
card_config,260182,name,金冠
card_config,21019,name,尖刺護甲
card_config,210191,name,尖刺護甲
card_config,210192,name,尖刺護甲
card_config,23019,name,尖刺護甲
card_config,230191,name,尖刺護甲
card_config,230192,name,尖刺護甲
card_config,24019,name,尖刺護甲
card_config,240191,name,尖刺護甲
card_config,240192,name,尖刺護甲
card_config,25019,name,尖刺護甲
card_config,250191,name,尖刺護甲
card_config,250192,name,尖刺護甲
card_config,26019,name,尖刺護甲
card_config,260191,name,尖刺護甲
card_config,260192,name,尖刺護甲
card_config,21020,name,魔法護盾
card_config,210201,name,魔法護盾
card_config,210202,name,魔法護盾
card_config,22020,name,魔法護盾
card_config,220201,name,魔法護盾
card_config,220202,name,魔法護盾
card_config,23020,name,魔法護盾
card_config,230201,name,魔法護盾
card_config,230202,name,魔法護盾
card_config,25020,name,魔法護盾
card_config,250201,name,魔法護盾
card_config,250202,name,魔法護盾
card_config,26020,name,魔法護盾
card_config,260201,name,魔法護盾
card_config,260202,name,魔法護盾
card_config,21021,name,衝鋒盾牌
card_config,210211,name,衝鋒盾牌
card_config,210212,name,衝鋒盾牌
card_config,22021,name,衝鋒盾牌
card_config,220211,name,衝鋒盾牌
card_config,220212,name,衝鋒盾牌
card_config,23021,name,衝鋒盾牌
card_config,230211,name,衝鋒盾牌
card_config,230212,name,衝鋒盾牌
card_config,24021,name,衝鋒盾牌
card_config,240211,name,衝鋒盾牌
card_config,240212,name,衝鋒盾牌
card_config,25021,name,衝鋒盾牌
card_config,250211,name,衝鋒盾牌
card_config,250212,name,衝鋒盾牌
card_config,26021,name,衝鋒盾牌
card_config,260211,name,衝鋒盾牌
card_config,260212,name,衝鋒盾牌
card_config,22022,name,美杜莎之盾
card_config,220221,name,美杜莎之盾
card_config,220222,name,美杜莎之盾
card_config,23022,name,美杜莎之盾
card_config,230221,name,美杜莎之盾
card_config,230222,name,美杜莎之盾
card_config,24022,name,美杜莎之盾
card_config,240221,name,美杜莎之盾
card_config,240222,name,美杜莎之盾
card_config,26022,name,美杜莎之盾
card_config,260221,name,美杜莎之盾
card_config,260222,name,美杜莎之盾
card_config,22023,name,修理板甲
card_config,220231,name,修理板甲
card_config,220232,name,修理板甲
card_config,23023,name,修理板甲
card_config,230231,name,修理板甲
card_config,230232,name,修理板甲
card_config,24023,name,修理板甲
card_config,240231,name,修理板甲
card_config,240232,name,修理板甲
card_config,26023,name,修理板甲
card_config,260231,name,修理板甲
card_config,260232,name,修理板甲
card_config,22024,name,戰鬥寶冠
card_config,220241,name,戰鬥寶冠
card_config,220242,name,戰鬥寶冠
card_config,23024,name,戰鬥寶冠
card_config,230241,name,戰鬥寶冠
card_config,230242,name,戰鬥寶冠
card_config,24024,name,戰鬥寶冠
card_config,240241,name,戰鬥寶冠
card_config,240242,name,戰鬥寶冠
card_config,25024,name,戰鬥寶冠
card_config,250241,name,戰鬥寶冠
card_config,250242,name,戰鬥寶冠
card_config,26024,name,戰鬥寶冠
card_config,260241,name,戰鬥寶冠
card_config,260242,name,戰鬥寶冠
card_config,21025,name,岩石護甲
card_config,210251,name,岩石護甲
card_config,210252,name,岩石護甲
card_config,22025,name,岩石護甲
card_config,220251,name,岩石護甲
card_config,220252,name,岩石護甲
card_config,23025,name,岩石護甲
card_config,230251,name,岩石護甲
card_config,230252,name,岩石護甲
card_config,24025,name,岩石護甲
card_config,240251,name,岩石護甲
card_config,240252,name,岩石護甲
card_config,26025,name,岩石護甲
card_config,260251,name,岩石護甲
card_config,260252,name,岩石護甲
card_config,21026,name,惡魔護甲
card_config,210261,name,惡魔護甲
card_config,210262,name,惡魔護甲
card_config,22026,name,惡魔護甲
card_config,220261,name,惡魔護甲
card_config,220262,name,惡魔護甲
card_config,23026,name,惡魔護甲
card_config,230261,name,惡魔護甲
card_config,230262,name,惡魔護甲
card_config,24026,name,惡魔護甲
card_config,240261,name,惡魔護甲
card_config,240262,name,惡魔護甲
card_config,25026,name,惡魔護甲
card_config,250261,name,惡魔護甲
card_config,250262,name,惡魔護甲
card_config,26026,name,惡魔護甲
card_config,260261,name,惡魔護甲
card_config,260262,name,惡魔護甲
card_config,21027,name,保護者護甲
card_config,210271,name,保護者護甲
card_config,210272,name,保護者護甲
card_config,22027,name,保護者護甲
card_config,220271,name,保護者護甲
card_config,220272,name,保護者護甲
card_config,23027,name,保護者護甲
card_config,230271,name,保護者護甲
card_config,230272,name,保護者護甲
card_config,24027,name,保護者護甲
card_config,240271,name,保護者護甲
card_config,240272,name,保護者護甲
card_config,26027,name,保護者護甲
card_config,260271,name,保護者護甲
card_config,260272,name,保護者護甲
card_config,21028,name,骷髏革甲
card_config,210281,name,骷髏革甲
card_config,210282,name,骷髏革甲
card_config,23028,name,骷髏革甲
card_config,230281,name,骷髏革甲
card_config,230282,name,骷髏革甲
card_config,24028,name,骷髏革甲
card_config,240281,name,骷髏革甲
card_config,240282,name,骷髏革甲
card_config,26028,name,骷髏革甲
card_config,260281,name,骷髏革甲
card_config,260282,name,骷髏革甲
card_config,21029,name,木制護腕
card_config,210291,name,木制護腕
card_config,210292,name,木制護腕
card_config,22029,name,木制護腕
card_config,220291,name,木制護腕
card_config,220292,name,木制護腕
card_config,23029,name,木制護腕
card_config,230291,name,木制護腕
card_config,230292,name,木制護腕
card_config,24029,name,木制護腕
card_config,240291,name,木制護腕
card_config,240292,name,木制護腕
card_config,25029,name,木制護腕
card_config,250291,name,木制護腕
card_config,250292,name,木制護腕
card_config,26029,name,木制護腕
card_config,260291,name,木制護腕
card_config,260292,name,木制護腕
card_config,31001,name,短劍
card_config,310011,name,短劍
card_config,310012,name,短劍
card_config,32001,name,短劍
card_config,320011,name,短劍
card_config,320012,name,短劍
card_config,34001,name,短劍
card_config,340011,name,短劍
card_config,340012,name,短劍
card_config,35001,name,短劍
card_config,350011,name,短劍
card_config,350012,name,短劍
card_config,36001,name,短劍
card_config,360011,name,短劍
card_config,360012,name,短劍
card_config,31002,name,短弓
card_config,310021,name,短弓
card_config,310022,name,短弓
card_config,32002,name,短弓
card_config,320021,name,短弓
card_config,320022,name,短弓
card_config,33002,name,短弓
card_config,330021,name,短弓
card_config,330022,name,短弓
card_config,34002,name,短弓
card_config,340021,name,短弓
card_config,340022,name,短弓
card_config,35002,name,短弓
card_config,350021,name,短弓
card_config,350022,name,短弓
card_config,36002,name,短弓
card_config,360021,name,短弓
card_config,360022,name,短弓
card_config,31003,name,橡木法杖
card_config,310031,name,橡木法杖
card_config,310032,name,橡木法杖
card_config,32003,name,橡木法杖
card_config,320031,name,橡木法杖
card_config,320032,name,橡木法杖
card_config,33003,name,橡木法杖
card_config,330031,name,橡木法杖
card_config,330032,name,橡木法杖
card_config,34003,name,橡木法杖
card_config,340031,name,橡木法杖
card_config,340032,name,橡木法杖
card_config,35003,name,橡木法杖
card_config,350031,name,橡木法杖
card_config,350032,name,橡木法杖
card_config,36003,name,橡木法杖
card_config,360031,name,橡木法杖
card_config,360032,name,橡木法杖
card_config,31004,name,野蠻戰靴
card_config,310041,name,野蠻戰靴
card_config,310042,name,野蠻戰靴
card_config,32004,name,野蠻戰靴
card_config,320041,name,野蠻戰靴
card_config,320042,name,野蠻戰靴
card_config,33004,name,野蠻戰靴
card_config,330041,name,野蠻戰靴
card_config,330042,name,野蠻戰靴
card_config,34004,name,野蠻戰靴
card_config,340041,name,野蠻戰靴
card_config,340042,name,野蠻戰靴
card_config,35004,name,野蠻戰靴
card_config,350041,name,野蠻戰靴
card_config,350042,name,野蠻戰靴
card_config,36004,name,野蠻戰靴
card_config,360041,name,野蠻戰靴
card_config,360042,name,野蠻戰靴
card_config,32005,name,飛鞋
card_config,320051,name,飛鞋
card_config,320052,name,飛鞋
card_config,33005,name,飛鞋
card_config,330051,name,飛鞋
card_config,330052,name,飛鞋
card_config,34005,name,飛鞋
card_config,340051,name,飛鞋
card_config,340052,name,飛鞋
card_config,35005,name,飛鞋
card_config,350051,name,飛鞋
card_config,350052,name,飛鞋
card_config,36005,name,飛鞋
card_config,360051,name,飛鞋
card_config,360052,name,飛鞋
card_config,31006,name,翡翠戒指
card_config,310061,name,翡翠戒指
card_config,310062,name,翡翠戒指
card_config,32006,name,翡翠戒指
card_config,320061,name,翡翠戒指
card_config,320062,name,翡翠戒指
card_config,33006,name,翡翠戒指
card_config,330061,name,翡翠戒指
card_config,330062,name,翡翠戒指
card_config,34006,name,翡翠戒指
card_config,340061,name,翡翠戒指
card_config,340062,name,翡翠戒指
card_config,35006,name,翡翠戒指
card_config,350061,name,翡翠戒指
card_config,350062,name,翡翠戒指
card_config,36006,name,翡翠戒指
card_config,360061,name,翡翠戒指
card_config,360062,name,翡翠戒指
card_config,31007,name,長劍
card_config,310071,name,長劍
card_config,310072,name,長劍
card_config,32007,name,長劍
card_config,320071,name,長劍
card_config,320072,name,長劍
card_config,34007,name,長劍
card_config,340071,name,長劍
card_config,340072,name,長劍
card_config,35007,name,長劍
card_config,350071,name,長劍
card_config,350072,name,長劍
card_config,36007,name,長劍
card_config,360071,name,長劍
card_config,360072,name,長劍
card_config,32008,name,幸運靴
card_config,320081,name,幸運靴
card_config,320082,name,幸運靴
card_config,33008,name,幸運靴
card_config,330081,name,幸運靴
card_config,330082,name,幸運靴
card_config,34008,name,幸運靴
card_config,340081,name,幸運靴
card_config,340082,name,幸運靴
card_config,35008,name,幸運靴
card_config,350081,name,幸運靴
card_config,350082,name,幸運靴
card_config,36008,name,幸運靴
card_config,360081,name,幸運靴
card_config,360082,name,幸運靴
card_config,31009,name,獵弓
card_config,310091,name,獵弓
card_config,310092,name,獵弓
card_config,32009,name,獵弓
card_config,320091,name,獵弓
card_config,320092,name,獵弓
card_config,33009,name,獵弓
card_config,330091,name,獵弓
card_config,330092,name,獵弓
card_config,34009,name,獵弓
card_config,340091,name,獵弓
card_config,340092,name,獵弓
card_config,36009,name,獵弓
card_config,360091,name,獵弓
card_config,360092,name,獵弓
card_config,31010,name,均衡之戒
card_config,310101,name,均衡之戒
card_config,310102,name,均衡之戒
card_config,32010,name,均衡之戒
card_config,320101,name,均衡之戒
card_config,320102,name,均衡之戒
card_config,33010,name,均衡之戒
card_config,330101,name,均衡之戒
card_config,330102,name,均衡之戒
card_config,34010,name,均衡之戒
card_config,340101,name,均衡之戒
card_config,340102,name,均衡之戒
card_config,35010,name,均衡之戒
card_config,350101,name,均衡之戒
card_config,350102,name,均衡之戒
card_config,36010,name,均衡之戒
card_config,360101,name,均衡之戒
card_config,360102,name,均衡之戒
card_config,31011,name,勇氣掛墜
card_config,310111,name,勇氣掛墜
card_config,310112,name,勇氣掛墜
card_config,32011,name,勇氣掛墜
card_config,320111,name,勇氣掛墜
card_config,320112,name,勇氣掛墜
card_config,33011,name,勇氣掛墜
card_config,330111,name,勇氣掛墜
card_config,330112,name,勇氣掛墜
card_config,34011,name,勇氣掛墜
card_config,340111,name,勇氣掛墜
card_config,340112,name,勇氣掛墜
card_config,35011,name,勇氣掛墜
card_config,350111,name,勇氣掛墜
card_config,350112,name,勇氣掛墜
card_config,36011,name,勇氣掛墜
card_config,360111,name,勇氣掛墜
card_config,360112,name,勇氣掛墜
card_config,31012,name,烏木法杖
card_config,310121,name,烏木法杖
card_config,310122,name,烏木法杖
card_config,32012,name,烏木法杖
card_config,320121,name,烏木法杖
card_config,320122,name,烏木法杖
card_config,33012,name,烏木法杖
card_config,330121,name,烏木法杖
card_config,330122,name,烏木法杖
card_config,34012,name,烏木法杖
card_config,340121,name,烏木法杖
card_config,340122,name,烏木法杖
card_config,35012,name,烏木法杖
card_config,350121,name,烏木法杖
card_config,350122,name,烏木法杖
card_config,36012,name,烏木法杖
card_config,360121,name,烏木法杖
card_config,360122,name,烏木法杖
card_config,31013,name,戰鬥法杖
card_config,310131,name,戰鬥法杖
card_config,310132,name,戰鬥法杖
card_config,32013,name,戰鬥法杖
card_config,320131,name,戰鬥法杖
card_config,320132,name,戰鬥法杖
card_config,33013,name,戰鬥法杖
card_config,330131,name,戰鬥法杖
card_config,330132,name,戰鬥法杖
card_config,34013,name,戰鬥法杖
card_config,340131,name,戰鬥法杖
card_config,340132,name,戰鬥法杖
card_config,35013,name,戰鬥法杖
card_config,350131,name,戰鬥法杖
card_config,350132,name,戰鬥法杖
card_config,36013,name,戰鬥法杖
card_config,360131,name,戰鬥法杖
card_config,360132,name,戰鬥法杖
card_config,32014,name,治療法杖
card_config,320141,name,治療法杖
card_config,320142,name,治療法杖
card_config,33014,name,治療法杖
card_config,330141,name,治療法杖
card_config,330142,name,治療法杖
card_config,34014,name,治療法杖
card_config,340141,name,治療法杖
card_config,340142,name,治療法杖
card_config,36014,name,治療法杖
card_config,360141,name,治療法杖
card_config,360142,name,治療法杖
card_config,32015,name,治療長笛
card_config,320151,name,治療長笛
card_config,320152,name,治療長笛
card_config,33015,name,治療長笛
card_config,330151,name,治療長笛
card_config,330152,name,治療長笛
card_config,34015,name,治療長笛
card_config,340151,name,治療長笛
card_config,340152,name,治療長笛
card_config,36015,name,治療長笛
card_config,360151,name,治療長笛
card_config,360152,name,治療長笛
card_config,31016,name,霍特普的寶石
card_config,310161,name,霍特普的寶石
card_config,310162,name,霍特普的寶石
card_config,32016,name,霍特普的寶石
card_config,320161,name,霍特普的寶石
card_config,320162,name,霍特普的寶石
card_config,33016,name,霍特普的寶石
card_config,330161,name,霍特普的寶石
card_config,330162,name,霍特普的寶石
card_config,34016,name,霍特普的寶石
card_config,340161,name,霍特普的寶石
card_config,340162,name,霍特普的寶石
card_config,35016,name,霍特普的寶石
card_config,350161,name,霍特普的寶石
card_config,350162,name,霍特普的寶石
card_config,36016,name,霍特普的寶石
card_config,360161,name,霍特普的寶石
card_config,360162,name,霍特普的寶石
card_config,31017,name,毒刃
card_config,310171,name,毒刃
card_config,310172,name,毒刃
card_config,32017,name,毒刃
card_config,320171,name,毒刃
card_config,320172,name,毒刃
card_config,33017,name,毒刃
card_config,330171,name,毒刃
card_config,330172,name,毒刃
card_config,34017,name,毒刃
card_config,340171,name,毒刃
card_config,340172,name,毒刃
card_config,35017,name,毒刃
card_config,350171,name,毒刃
card_config,350172,name,毒刃
card_config,36017,name,毒刃
card_config,360171,name,毒刃
card_config,360172,name,毒刃
card_config,32018,name,詭詐手槍
card_config,320181,name,詭詐手槍
card_config,320182,name,詭詐手槍
card_config,33018,name,詭詐手槍
card_config,330181,name,詭詐手槍
card_config,330182,name,詭詐手槍
card_config,34018,name,詭詐手槍
card_config,340181,name,詭詐手槍
card_config,340182,name,詭詐手槍
card_config,35018,name,詭詐手槍
card_config,350181,name,詭詐手槍
card_config,350182,name,詭詐手槍
card_config,36018,name,詭詐手槍
card_config,360181,name,詭詐手槍
card_config,360182,name,詭詐手槍
card_config,31019,name,長矛
card_config,310191,name,長矛
card_config,310192,name,長矛
card_config,32019,name,長矛
card_config,320191,name,長矛
card_config,320192,name,長矛
card_config,34019,name,長矛
card_config,340191,name,長矛
card_config,340192,name,長矛
card_config,35019,name,長矛
card_config,350191,name,長矛
card_config,350192,name,長矛
card_config,36019,name,長矛
card_config,360191,name,長矛
card_config,360192,name,長矛
card_config,31020,name,破碎戰錘
card_config,310201,name,破碎戰錘
card_config,310202,name,破碎戰錘
card_config,32020,name,破碎戰錘
card_config,320201,name,破碎戰錘
card_config,320202,name,破碎戰錘
card_config,33020,name,破碎戰錘
card_config,330201,name,破碎戰錘
card_config,330202,name,破碎戰錘
card_config,34020,name,破碎戰錘
card_config,340201,name,破碎戰錘
card_config,340202,name,破碎戰錘
card_config,35020,name,破碎戰錘
card_config,350201,name,破碎戰錘
card_config,350202,name,破碎戰錘
card_config,36020,name,破碎戰錘
card_config,360201,name,破碎戰錘
card_config,360202,name,破碎戰錘
card_config,31021,name,魔法指環
card_config,310211,name,魔法指環
card_config,310212,name,魔法指環
card_config,32021,name,魔法指環
card_config,320211,name,魔法指環
card_config,320212,name,魔法指環
card_config,33021,name,魔法指環
card_config,330211,name,魔法指環
card_config,330212,name,魔法指環
card_config,34021,name,魔法指環
card_config,340211,name,魔法指環
card_config,340212,name,魔法指環
card_config,35021,name,魔法指環
card_config,350211,name,魔法指環
card_config,350212,name,魔法指環
card_config,36021,name,魔法指環
card_config,360211,name,魔法指環
card_config,360212,name,魔法指環
card_config,31022,name,戰斧
card_config,310221,name,戰斧
card_config,310222,name,戰斧
card_config,32022,name,戰斧
card_config,320221,name,戰斧
card_config,320222,name,戰斧
card_config,33022,name,戰斧
card_config,330221,name,戰斧
card_config,330222,name,戰斧
card_config,34022,name,戰斧
card_config,340221,name,戰斧
card_config,340222,name,戰斧
card_config,35022,name,戰斧
card_config,350221,name,戰斧
card_config,350222,name,戰斧
card_config,36022,name,戰斧
card_config,360221,name,戰斧
card_config,360222,name,戰斧
card_config,31023,name,衝鋒弓
card_config,310231,name,衝鋒弓
card_config,310232,name,衝鋒弓
card_config,32023,name,衝鋒弓
card_config,320231,name,衝鋒弓
card_config,320232,name,衝鋒弓
card_config,33023,name,衝鋒弓
card_config,330231,name,衝鋒弓
card_config,330232,name,衝鋒弓
card_config,34023,name,衝鋒弓
card_config,340231,name,衝鋒弓
card_config,340232,name,衝鋒弓
card_config,35023,name,衝鋒弓
card_config,350231,name,衝鋒弓
card_config,350232,name,衝鋒弓
card_config,36023,name,衝鋒弓
card_config,360231,name,衝鋒弓
card_config,360232,name,衝鋒弓
card_config,31024,name,十字弩
card_config,310241,name,十字弩
card_config,310242,name,十字弩
card_config,32024,name,十字弩
card_config,320241,name,十字弩
card_config,320242,name,十字弩
card_config,33024,name,十字弩
card_config,330241,name,十字弩
card_config,330242,name,十字弩
card_config,34024,name,十字弩
card_config,340241,name,十字弩
card_config,340242,name,十字弩
card_config,35024,name,十字弩
card_config,350241,name,十字弩
card_config,350242,name,十字弩
card_config,36024,name,十字弩
card_config,360241,name,十字弩
card_config,360242,name,十字弩
card_config,33025,name,能量法杖
card_config,330251,name,能量法杖
card_config,330252,name,能量法杖
card_config,35025,name,能量法杖
card_config,350251,name,能量法杖
card_config,350252,name,能量法杖
card_config,36025,name,能量法杖
card_config,360251,name,能量法杖
card_config,360252,name,能量法杖
card_config,32026,name,世紀之角
card_config,320261,name,世紀之角
card_config,320262,name,世紀之角
card_config,33026,name,世紀之角
card_config,330261,name,世紀之角
card_config,330262,name,世紀之角
card_config,34026,name,世紀之角
card_config,340261,name,世紀之角
card_config,340262,name,世紀之角
card_config,36026,name,世紀之角
card_config,360261,name,世紀之角
card_config,360262,name,世紀之角
card_config,31027,name,暮光之戟
card_config,310271,name,暮光之戟
card_config,310272,name,暮光之戟
card_config,32027,name,暮光之戟
card_config,320271,name,暮光之戟
card_config,320272,name,暮光之戟
card_config,34027,name,暮光之戟
card_config,340271,name,暮光之戟
card_config,340272,name,暮光之戟
card_config,35027,name,暮光之戟
card_config,350271,name,暮光之戟
card_config,350272,name,暮光之戟
card_config,36027,name,暮光之戟
card_config,360271,name,暮光之戟
card_config,360272,name,暮光之戟
card_config,31028,name,石筍手套
card_config,310281,name,石筍手套
card_config,310282,name,石筍手套
card_config,32028,name,石筍手套
card_config,320281,name,石筍手套
card_config,320282,name,石筍手套
card_config,33028,name,石筍手套
card_config,330281,name,石筍手套
card_config,330282,name,石筍手套
card_config,34028,name,石筍手套
card_config,340281,name,石筍手套
card_config,340282,name,石筍手套
card_config,35028,name,石筍手套
card_config,350281,name,石筍手套
card_config,350282,name,石筍手套
card_config,36028,name,石筍手套
card_config,360281,name,石筍手套
card_config,360282,name,石筍手套
card_config,31029,name,聖劍
card_config,310291,name,聖劍
card_config,310292,name,聖劍
card_config,32029,name,聖劍
card_config,320291,name,聖劍
card_config,320292,name,聖劍
card_config,33029,name,聖劍
card_config,330291,name,聖劍
card_config,330292,name,聖劍
card_config,34029,name,聖劍
card_config,340291,name,聖劍
card_config,340292,name,聖劍
card_config,35029,name,聖劍
card_config,350291,name,聖劍
card_config,350292,name,聖劍
card_config,36029,name,聖劍
card_config,360291,name,聖劍
card_config,360292,name,聖劍
card_config,31030,name,蠍子巨弩
card_config,310301,name,蠍子巨弩
card_config,310302,name,蠍子巨弩
card_config,32030,name,蠍子巨弩
card_config,320301,name,蠍子巨弩
card_config,320302,name,蠍子巨弩
card_config,33030,name,蠍子巨弩
card_config,330301,name,蠍子巨弩
card_config,330302,name,蠍子巨弩
card_config,34030,name,蠍子巨弩
card_config,340301,name,蠍子巨弩
card_config,340302,name,蠍子巨弩
card_config,35030,name,蠍子巨弩
card_config,350301,name,蠍子巨弩
card_config,350302,name,蠍子巨弩
card_config,36030,name,蠍子巨弩
card_config,360301,name,蠍子巨弩
card_config,360302,name,蠍子巨弩
card_config,31031,name,黑曜石之矛
card_config,310311,name,黑曜石之矛
card_config,310312,name,黑曜石之矛
card_config,32031,name,黑曜石之矛
card_config,320311,name,黑曜石之矛
card_config,320312,name,黑曜石之矛
card_config,33031,name,黑曜石之矛
card_config,330311,name,黑曜石之矛
card_config,330312,name,黑曜石之矛
card_config,34031,name,黑曜石之矛
card_config,340311,name,黑曜石之矛
card_config,340312,name,黑曜石之矛
card_config,35031,name,黑曜石之矛
card_config,350311,name,黑曜石之矛
card_config,350312,name,黑曜石之矛
card_config,36031,name,黑曜石之矛
card_config,360311,name,黑曜石之矛
card_config,360312,name,黑曜石之矛
card_config,40001,name,投擲匕首
card_config,40002,name,小瓶藥水
card_config,40003,name,治療藥水
card_config,40004,name,光之炸彈
card_config,40005,name,迴旋鏢
card_config,40006,name,龍之血
card_config,40007,name,治癒圓號
card_config,40008,name,枯萎匕首
card_config,40009,name,浸毒匕首
card_config,40010,name,易碎藥膏
card_config,40011,name,天使之聲
card_config,40012,name,龍之淚
card_config,40013,name,猛烈炸彈
card_config,40014,name,手裡劍
card_config,40015,name,萬能藥
chest_config,1,name,超級神奇
chest_config,2,name,神奇
chest_config,3,name,超大
chest_config,4,name,皇冠
chest_config,5,name,魔法
chest_config,6,name,黃金
chest_config,7,name,白銀
chest_config,8,name,木制
chest_config,9,name,破舊的扈從卡包
chest_config,10,name,輝煌的騎士卡包
chest_config,11,name,奢華的領主卡包
chest_config,12,name,喪心病狂的惡魔卡包
chest_config,13,name,破舊的庶民卡包
chest_config,14,name,破舊的新手卡包
chest_config,15,name,破舊的見習卡包
chest_config,16,name,破舊的見習卡包
chest_config,17,name,破舊的學徒卡包
chest_config,18,name,開發組的愛和湧報
chest_config,19,name,老闆娘的日常卡包1段(舊）
chest_config,20,name,老闆娘的日常卡包2段(舊）
chest_config,21,name,老闆娘的日常卡包3段(舊）
chest_config,22,name,老闆娘的日常卡包4段(舊）
chest_config,23,name,老闆娘的日常卡包5段(舊）
chest_config,24,name,老闆娘的日常卡包6段(舊）
chest_config,25,name,老闆娘的日常卡包7段(舊）
chest_config,26,name,老闆娘的日常卡包8段(舊）
chest_config,27,name,老闆娘的日常卡包9段(舊）
chest_config,28,name,老闆娘的日常卡包10段(舊）
chest_config,29,name,老闆娘的日常卡包11段(舊）
chest_config,30,name,老闆娘的日常卡包1段
chest_config,31,name,老闆娘的日常卡包2段
chest_config,32,name,老闆娘的日常卡包3段
chest_config,33,name,老闆娘的日常卡包4段
chest_config,34,name,老闆娘的日常卡包5段
chest_config,35,name,老闆娘的日常卡包6段
chest_config,36,name,老闆娘的日常卡包最高段
chest_config,37,name,老闆娘的日常卡包最高段
chest_config,38,name,老闆娘的日常卡包1段
chest_config,39,name,老闆娘的日常卡包2段
chest_config,40,name,老闆娘的日常卡包3段
chest_config,41,name,老闆娘的日常卡包4段
chest_config,42,name,老闆娘的日常卡包5段
chest_config,43,name,老闆娘的日常卡包6段
chest_config,44,name,老闆娘的日常卡包7段
chest_config,45,name,老闆娘的日常卡包8段
chest_config,46,name,老闆娘的日常卡包9段
chest_config,47,name,老闆娘的日常卡包10段
chest_config,48,name,老闆娘的日常卡包11段
chest_config,49,name,老闆娘的日常卡包12段
chest_config,50,name,老闆娘的日常卡包13段
chest_config,51,name,老闆娘的日常卡包最高段
chest_config,52,name,老闆娘的新手卡包
chest_config,53,name,天梯賽季卡包12段
chest_config,54,name,天梯賽季卡包11段
chest_config,55,name,天梯賽季卡包10段
chest_config,56,name,天梯賽季卡包9段
chest_config,57,name,天梯賽季卡包8段
chest_config,58,name,天梯賽季卡包7段
chest_config,59,name,天梯賽季卡包6段
chest_config,60,name,天梯賽季卡包5段
chest_config,61,name,天梯賽季卡包4段
chest_config,62,name,天梯賽季卡包3段
chest_config,63,name,天梯賽季卡包2段
chest_config,64,name,天梯賽季卡包1段
power_config,melee,name_desc,近戰
power_config,melee,info_desc,此卡位於前排時：對前排的敵人發動攻擊
power_config,ranged,name_desc,遠程
power_config,ranged,info_desc,此卡位於後排時：優先對斜向的敵人發動攻擊，攻擊有護甲的敵人時，有25%概率不造成任何傷害
power_config,magic,name_desc,魔法
power_config,magic,info_desc,優先對正對面的敵人進行一次無視護甲的攻擊
power_config,magic_aoe,name_desc,魔法濺射
power_config,magic_aoe,info_desc,魔法攻擊擊中敵人時：對其相鄰的敵人進行一次魔法濺射
power_config,shield,name_desc,護盾
power_config,shield,info_desc,減少此卡受到的近戰和遠程傷害
power_config,mshield,name_desc,魔法護盾
power_config,mshield,info_desc,減少此卡受到的魔法傷害
power_config,rally,name_desc,鼓舞士氣
power_config,rally,info_desc,戰鬥階段開始時：增加所有盟友的近戰攻擊力並免疫恐懼，持續到對方回合結束；多個鼓舞士氣效果僅最大值生效
power_config,demoralize,name_desc,恫嚇
power_config,demoralize,info_desc,戰鬥階段開始時：減少所有敵人的近戰攻擊力，持續到對方回合結束；多個恫嚇效果僅最大值生效
power_config,antimagic,name_desc,法術抑制
power_config,antimagic,info_desc,戰鬥階段開始時：減少所有敵人的魔法攻擊力，持續到對方回合結束；多個法術抑制效果僅最大值生效
power_config,heal,name_desc,治療
power_config,heal,info_desc,回復單個受傷盟友的生命值
power_config,heal_all,name_desc,治療-全部
power_config,heal_all,info_desc,回復所有盟友的生命值
power_config,thrash,name_desc,連擊
power_config,thrash,info_desc,在前排位置近戰攻擊擊中敵人時：隨機對單個後排敵人發動連擊
power_config,thorns,name_desc,荊棘
power_config,thorns,info_desc,此卡受到近戰攻擊命中時：對攻擊者造成傷害
power_config,resonate,name_desc,共鳴
power_config,resonate,info_desc,對手支付水晶時：我方獲得一定量的水晶
power_config,explode,name_desc,爆炸
power_config,explode,info_desc,在前排位置被消滅時：對正對面的敵人造成傷害
power_config,damage,name_desc,侵襲
power_config,damage,info_desc,對目標敵人造成傷害
power_config,damage_all,name_desc,侵襲-全部
power_config,damage_all,info_desc,對所有敵人造成傷害
power_config,chance,name_desc,隨機傷害
power_config,chance,info_desc,對一個隨機敵人造成隨機傷害
power_config,crystal,name_desc,額外水晶
power_config,crystal,info_desc,此卡被獻祭時：獲得額外的水晶
power_config,reach,name_desc,長手
power_config,reach,info_desc,此卡可以在後排位置發動近戰攻擊
power_config,cleave,name_desc,貫穿
power_config,cleave,info_desc,攻擊破壞敵人的護甲時：對敵人的生命值造成剩餘的傷害
power_config,disease,name_desc,侵染
power_config,disease,info_desc,對敵人造成近戰、遠程或荊棘傷害時：該敵人受到【疾病】（疾病狀態的怪獸失去鼓舞、恫嚇及魔法反射能力；疾病可以被治療治癒）
power_config,disease_all,name_desc,侵染-全部
power_config,disease_all,info_desc,對敵人造成近戰、遠程或荊棘傷害時：所有敵人受到【疾病】（疾病狀態的怪獸失去鼓舞、恫嚇及魔法反射能力；疾病可以被治療治癒）
power_config,flying,name_desc,飛翔
power_config,flying,info_desc,被沒有{飛翔}技能的怪物攻擊時：50%機率回避近戰攻擊和連擊，25%機率回避遠程攻擊
power_config,counter,name_desc,反擊
power_config,counter,info_desc,受到近戰傷害時：50%機率對攻擊者造成等量傷害
power_config,stoneskin,name_desc,石膚
power_config,stoneskin,info_desc,被攻擊時：如果沒有護甲，則25%機率免疫遠端傷害
power_config,antidote,name_desc,閃電
power_config,antidote,info_desc,對目標敵人造成魔法傷害
power_config,disarm,name_desc,繳械
power_config,disarm,info_desc,近戰或遠程攻擊命中敵人時：消滅該敵人的武器
power_config,doom,name_desc,末日
power_config,doom,info_desc,消滅目標敵人
power_config,deathstrike,name_desc,死亡襲擊
power_config,deathstrike,info_desc,攻擊敵人並對其生命值造成傷害時：消滅該敵人
power_config,revive,name_desc,復蘇
power_config,revive,info_desc,被消滅時：復活此卡，此效果只會觸發一次
power_config,breaker,name_desc,破甲
power_config,breaker,info_desc,近戰和遠程攻擊對護甲造成額外傷害，且遠程攻擊不會被護甲格擋
power_config,entangle,name_desc,束縛
power_config,entangle,info_desc,50%機率優先使正對面未束縛的敵人受到【束縛】，持續到對方回合結束（束縛狀態的怪獸失去飛翔，且跳過其下一個攻擊階段）
power_config,reflect,name_desc,魔法反射
power_config,reflect,info_desc,被魔法攻擊時：75%機率不受傷害並對攻擊者反彈全部傷害
power_config,boost,name_desc,護甲強化
power_config,boost,info_desc,此卡裝備護甲時：獲得額外護甲值
power_config,aggro,name_desc,嘲諷
power_config,aggro,info_desc,使遠程敵人優先攻擊此卡
power_config,stealth,name_desc,潛行
power_config,stealth,info_desc,此卡位於後排時：不會成為遠端和魔法攻擊的目標
power_config,swap,name_desc,恐懼
power_config,swap,info_desc,此卡使用後：前排的敵人和隨機單個後排敵人交換位置
power_config,paint,name_desc,標記
power_config,paint,info_desc,【標記】目標敵人（遠端攻擊會無視嘲諷和潛行優先攻擊被標記的敵人）
power_config,trample,name_desc,踐踏
power_config,trample,info_desc,此卡位於前排且使用近戰攻擊擊中敵人時：對所有後排敵人發動踐踏
power_config,charge,name_desc,衝鋒
power_config,charge,info_desc,戰鬥階段開始時：增加此卡的近戰攻擊，持續到對方回合結束，該效果只能觸發一次
power_config,critical,name_desc,暴擊
power_config,critical,info_desc,50%機率造成1.5倍近戰或遠程傷害，向上取整
power_config,berserk,name_desc,狂怒
power_config,berserk,info_desc,近戰傷害增加，傷害量等同於此卡已損失的生命值
power_config,backstab,name_desc,背刺
power_config,backstab,info_desc,此卡位於後排時：僅對正對面的敵人發動近戰攻擊，無視潛行
power_config,regenerate,name_desc,再生
power_config,regenerate,info_desc,被消滅時：免疫消滅效果並且當前生命值變為1，此效果只會觸發一次
power_config,stun,name_desc,眩暈
power_config,stun,info_desc,近戰或遠端攻擊命中沒有護甲的敵人時：75%機率使敵人受到【眩暈】（眩暈狀態的怪獸失去飛翔，且跳過其下一個攻擊階段）
power_config,silence,name_desc,沉默
power_config,silence,info_desc,此卡使用後：所有敵人受到【沉默】（沉默狀態的怪獸無法使用魔法攻擊和治療）
power_config,unsummon,name_desc,反召喚
power_config,unsummon,info_desc,將目標怪獸移回其擁有者的牌庫
power_config,decoy,name_desc,無敵
power_config,decoy,info_desc,目標怪獸獲得【無敵】（無敵狀態的怪獸不會受到生命值傷害，每個怪獸只能獲得一次無敵），持續到對方回合結束
power_config,antiair,name_desc,防空
power_config,antiair,info_desc,攻擊被飛翔閃避時：75%機率再進行一次無視護甲的遠端攻擊，該效果每回合只能觸發一次
power_config,immunity,name_desc,免疫
power_config,immunity,info_desc,不能成為消耗品的目標，免疫恫嚇和沉默
power_config,draft,name_desc,徵募
power_config,draft,info_desc,此卡使用後：獲得一定量的水晶
power_config,destroy,name_desc,粉碎
power_config,destroy,info_desc,消滅目標敵方護甲
power_config,opportunity,name_desc,機會
power_config,opportunity,info_desc,敵人使用長手或背刺時：對該敵人進行一次遠端攻擊，該效果每回合只能觸發一次
power_config,cautious,name_desc,警覺
power_config,cautious,info_desc,免疫反擊，荊棘，束縛，機會效果
power_config,repair,name_desc,修復
power_config,repair,info_desc,隨機修復單個盟友的護甲
power_config,bless,name_desc,祝福
power_config,bless,info_desc,戰鬥階段開始時：所有盟友獲得【警惕】（警惕狀態的怪獸免疫反擊，荊棘，束縛，機會，防空，爆炸，眩暈效果 ）、獲得2點護盾、1點魔法護盾且免疫消耗品傷害，持續到對方回合結束
power_config,curse,name_desc,魔法詛咒
power_config,curse,info_desc,魔法攻擊擊中敵人時：該敵人受到【詛咒】（詛咒狀態的怪獸會使回合開始時回復的水晶減1，每個怪獸只能被詛咒一次）
power_config,drain_crystal,name_desc,水晶萃取
power_config,drain_crystal,info_desc,此卡消滅敵人時：獲得一定量的水晶
power_config,swipe,name_desc,猛擊
power_config,swipe,info_desc,此卡位於前排時：對每個敵人造成0~1點傷害
power_config,invincible,name_desc,無敵
power_config,invincible,info_desc,目標怪獸獲得【無敵】（無敵狀態的怪獸不會受到生命值傷害，每個怪獸只能獲得一次無敵），持續到對方回合結束
status_config,entangled,round_desc,束縛(剩%d回合)
status_config,entangled,info_desc,失去飛翔，無法行動
status_config,diseased,round_desc,疾病(需累計治療%d點)
status_config,diseased,info_desc,失去鼓舞、恫嚇及魔法反射能力，並移除祝福狀態，可以被治療治癒
status_config,silenced,round_desc,沉默(剩%d回合)
status_config,silenced,info_desc,失去魔法攻擊及治療能力
status_config,painted,round_desc,標記(剩%d回合)
status_config,painted,info_desc,始終是遠端攻擊的優先目標，無視嘲諷和潛行
status_config,demoralized,round_desc,恫嚇(剩%d回合)
status_config,demoralized,info_desc,近戰攻擊力降低 -%d
status_config,antimagicd,round_desc,法術抑制(剩%d回合)
status_config,antimagicd,info_desc,魔法攻擊力降低-%d
status_config,rallied,round_desc,鼓舞士氣(剩%d回合)
status_config,rallied,info_desc,近戰攻擊力增加 +%d，並免疫恐懼
status_config,charged,round_desc,衝鋒(剩%d回合)
status_config,charged,info_desc,近戰攻擊力增加 +%d
status_config,against_melee,round_desc,近戰失效
status_config,against_melee,info_desc,位於後排無法進行近戰攻擊
status_config,against_ranged,round_desc,遠程失效
status_config,against_ranged,info_desc,位於前排無法進行遠端攻擊
item_config,100001,name,怪物粉末
item_config,100002,name,怪物粉末（自然）
item_config,100003,name,怪物粉末（平衡）
item_config,100004,name,怪物粉末（混亂）
item_config,100005,name,怪物粉末（命運）
item_config,200001,name,道具粉末
item_config,200002,name,物品粉末（自然）
item_config,200003,name,物品粉末（平衡）
item_config,200004,name,物品粉末（混亂）
item_config,200005,name,物品粉末（命運）
item_config,200006,name,物品粉末（中立）
item_config,300001,name,普通玻璃水晶
item_config,300002,name,稀有湛藍水晶
item_config,300003,name,史詩橙黃水晶
item_config,300004,name,傳說血色水晶
item_config,400001,name,融合卷軸
item_config,500001,name,遊戲幣
item_config,500002,name,代幣
item_config,100001,desc,合成及升級所需的重要材料，可通過分解怪物卡牌獲取。
item_config,100002,desc,合成及升級所需的重要材料，可通過分解自然怪物卡牌獲取。
item_config,100003,desc,合成及升級所需的重要材料，可通過分解平衡怪物卡牌獲取。
item_config,100004,desc,合成及升級所需的重要材料，可通過分解混亂怪物卡牌獲取。
item_config,100005,desc,合成及升級所需的重要材料，可通過分解命運怪物卡牌獲取。
item_config,200001,desc,合成及升級所需的重要材料，可通過分解道具卡牌獲取。
item_config,200002,desc,合成及升級所需的重要材料，可通過分解自然道具卡牌獲取。
item_config,200003,desc,合成及升級所需的重要材料，可通過分解平衡道具卡牌獲取。
item_config,200004,desc,合成及升級所需的重要材料，可通過分解混亂道具卡牌獲取。
item_config,200005,desc,合成及升級所需的重要材料，可通過分解命運道具卡牌獲取。
item_config,200006,desc,合成及升級所需的重要材料，可通過分解中立道具卡牌獲取。
item_config,300001,desc,升級所需的重要材料，可通過分解普通品質怪物卡牌獲取。
item_config,300002,desc,升級所需的重要材料，可通過分解稀有品質怪物卡牌獲取。
item_config,300003,desc,升級所需的重要材料，可通過分解史詩品質怪物卡牌獲取。
item_config,300004,desc,升級所需的重要材料，可通過分解傳說品質怪物卡牌獲取。
item_config,400001,desc,升級所需的重要材料，可通過冒險系統獲取。
item_config,500001,desc,遊戲內重要資源之一。
item_config,500002,desc,遊戲內重要資源之一。
tips_config,1,desc,向老闆買飲料中...
tips_config,2,desc,重新組建套牌中...
tips_config,3,desc,等一下，我聽個電話...
tips_config,4,desc,稍等稍等，我上個廁所...
tips_config,5,desc,今天天氣不錯...
statistic_config,100001,desc,消耗金幣總量
statistic_config,200001,desc,獲得三連勝次數
statistic_config,300001,desc,殺死藍龍次數
statistic_config,400001,desc,被藍龍殺死次數
statistic_config,500001,desc,傳說品質卡牌數量
task_config,1,desc,對戰中贏得1場勝利（非冒險）
task_config,2,desc,對戰中至少召喚5個怪物（非冒險）
task_config,3,desc,對戰中使用1次道具（非冒險）
task_config,4,desc,對戰中至少召喚1個黃色命運怪獸並獲得勝利（非冒險）
task_config,5,desc,對戰中至少召喚2個費用2及以下的怪獸（非冒險）
task_config,6,desc,對戰中至少召喚1個費用3及以上的怪獸（非冒險）
task_config,7,desc,對戰中贏得1場勝利（非冒險）
task_config,100001,desc,對戰中贏得1場勝利（非冒險）
task_config,100002,desc,對戰中消滅4個怪物（非冒險）
task_config,100003,desc,對戰中使用4個物品（非冒險）
task_config,100004,desc,對戰中贏得1場勝利（非冒險）
task_config,200001,desc,對戰中贏得1場勝利（非冒險）
task_config,200002,desc,對戰中消滅6個怪物（非冒險）
task_config,200003,desc,對戰中使用6個物品（非冒險）
task_config,200004,desc,對戰中至少召喚2個費用2及以下的怪獸（非冒險）
task_config,200005,desc,對戰中贏得1場勝利（非冒險）
task_config,300001,desc,對戰中贏得1場勝利（非冒險）
task_config,300002,desc,對戰中消滅6個怪物（非冒險）
task_config,300003,desc,對戰中使用6個物品（非冒險）
task_config,300004,desc,對戰中至少召喚2個費用2及以下的物品（非冒險）
task_config,300005,desc,對戰中贏得1場勝利（非冒險）
task_config,400001,desc,對戰中贏得1場勝利（非冒險）
task_config,400002,desc,對戰中消滅6個怪物（非冒險）
task_config,400003,desc,對戰中使用6個物品（非冒險）
task_config,400004,desc,對戰中至少召喚4個費用2及以下的卡片（非冒險）
task_config,400005,desc,對戰中贏得1場勝利（非冒險）
task_config,500001,desc,對戰中贏得1場勝利（非冒險）
task_config,500002,desc,對戰中消滅6個怪物（非冒險）
task_config,500003,desc,對戰中使用6個物品（非冒險）
task_config,500004,desc,對戰中至少召喚4個費用2及以下的卡片（非冒險）
task_config,500005,desc,對戰中贏得1場勝利（非冒險）
task_config,600001,desc,對戰中至少召喚2個紅色戰爭卡片並獲得1場勝利（非冒險）
task_config,600002,desc,對戰中至少召喚2個黃色命運卡片並獲得1場勝利（非冒險）
task_config,600003,desc,對戰中至少召喚2個藍色平衡卡片並獲得1場勝利（非冒險）
task_config,600004,desc,對戰中至少召喚2個綠色自然卡片並獲得1場勝利（非冒險）
task_config,600005,desc,對戰中至少召喚2個紫色混亂卡片並獲得1場勝利（非冒險）
task_config,600006,desc,對戰中至少召喚2個白色中立卡片並獲得1場勝利（非冒險）
task_config,600007,desc,對戰中至少召喚3個紅色戰爭或黃色命運卡片並獲得1場勝利（非冒險）
task_config,600008,desc,對戰中至少召喚3個紅色戰爭或藍色平衡卡片並獲得1場勝利（非冒險）
task_config,600009,desc,對戰中至少召喚3個紅色戰爭或綠色自然卡片並獲得1場勝利（非冒險）
task_config,600010,desc,對戰中至少召喚3個紅色戰爭或紫色混亂卡片並獲得1場勝利（非冒險）
task_config,600011,desc,對戰中至少召喚3個紅色戰爭或白色中立卡片並獲得1場勝利（非冒險）
task_config,600012,desc,對戰中至少召喚3個黃色命運或藍色平衡卡片並獲得1場勝利（非冒險）
task_config,600013,desc,對戰中至少召喚3個黃色命運或綠色自然卡片並獲得1場勝利（非冒險）
task_config,600014,desc,對戰中至少召喚3個黃色命運或紫色混亂卡片並獲得1場勝利（非冒險）
task_config,600015,desc,對戰中至少召喚3個黃色命運或白色中立卡片並獲得1場勝利（非冒險）
task_config,600016,desc,對戰中至少召喚3個藍色平衡或綠色自然卡片並獲得1場勝利（非冒險）
task_config,600017,desc,對戰中至少召喚3個藍色平衡或紫色混亂卡片並獲得1場勝利（非冒險）
task_config,600018,desc,對戰中至少召喚3個藍色平衡或白色中立卡片並獲得1場勝利（非冒險）
task_config,600019,desc,對戰中至少召喚3個綠色自然或紫色混亂卡片並獲得1場勝利（非冒險）
task_config,600020,desc,對戰中至少召喚3個綠色自然或白色中立卡片並獲得1場勝利（非冒險）
task_config,600021,desc,對戰中至少召喚3個紫色混亂或白色中立卡片並獲得1場勝利（非冒險）
task_config,600022,desc,對戰中贏得一場勝利（非冒險）
task_config,600023,desc,對戰中消滅6個怪物（非冒險）
task_config,600024,desc,對戰中使用6個物品（非冒險）
task_config,600025,desc,對戰中至少召喚2個費用2及以下的怪物（非冒險）
task_config,600026,desc,對戰中至少召喚3個費用3及以下的怪物（非冒險）
task_config,600027,desc,對戰中至少召喚4個費用4及以下的怪物（非冒險）
task_config,600028,desc,對戰中至少召喚3個費用2及以上的怪物（非冒險）
task_config,600029,desc,對戰中至少召喚2個費用3及以上的怪物（非冒險）
task_config,600030,desc,對戰中至少召喚2個費用2及以下的物品（非冒險）
task_config,600031,desc,對戰中至少召喚3個費用3及以下的物品（非冒險）
task_config,600032,desc,對戰中至少召喚4個費用4及以下的物品（非冒險）
task_config,600033,desc,對戰中至少召喚3個費用2及以上的物品（非冒險）
task_config,600034,desc,對戰中至少召喚2個費用3及以上的物品（非冒險）
task_config,600035,desc,對戰中至少召喚2個費用2及以下的卡片（非冒險）
task_config,600036,desc,對戰中至少召喚3個費用3及以下的卡片（非冒險）
task_config,600037,desc,對戰中至少召喚4個費用4及以下的卡片（非冒險）
task_config,600038,desc,對戰中至少召喚3個費用2及以上的卡片（非冒險）
task_config,600039,desc,對戰中至少召喚2個費用3及以上的卡片（非冒險）
task_config,600040,desc,完成2次冒險勝利
task_config,700001,desc,對戰中至少召喚2個紅色戰爭卡片並獲得1場勝利（非冒險）
task_config,700002,desc,對戰中至少召喚2個黃色命運卡片並獲得1場勝利（非冒險）
task_config,700003,desc,對戰中至少召喚2個藍色平衡卡片並獲得1場勝利（非冒險）
task_config,700004,desc,對戰中至少召喚2個綠色自然卡片並獲得1場勝利（非冒險）
task_config,700005,desc,對戰中至少召喚2個紫色混亂卡片並獲得1場勝利（非冒險）
task_config,700006,desc,對戰中至少召喚2個白色中立卡片並獲得1場勝利（非冒險）
task_config,700007,desc,對戰中至少召喚3個紅色戰爭或黃色命運卡片並獲得1場勝利（非冒險）
task_config,700008,desc,對戰中至少召喚3個紅色戰爭或藍色平衡卡片並獲得1場勝利（非冒險）
task_config,700009,desc,對戰中至少召喚3個紅色戰爭或綠色自然卡片並獲得1場勝利（非冒險）
task_config,700010,desc,對戰中至少召喚3個紅色戰爭或紫色混亂卡片並獲得1場勝利（非冒險）
task_config,700011,desc,對戰中至少召喚3個紅色戰爭或白色中立卡片並獲得1場勝利（非冒險）
task_config,700012,desc,對戰中至少召喚3個黃色命運或藍色平衡卡片並獲得1場勝利（非冒險）
task_config,700013,desc,對戰中至少召喚3個黃色命運或綠色自然卡片並獲得1場勝利（非冒險）
task_config,700014,desc,對戰中至少召喚3個黃色命運或紫色混亂卡片並獲得1場勝利（非冒險）
task_config,700015,desc,對戰中至少召喚3個黃色命運或白色中立卡片並獲得1場勝利（非冒險）
task_config,700016,desc,對戰中至少召喚3個藍色平衡或綠色自然卡片並獲得1場勝利（非冒險）
task_config,700017,desc,對戰中至少召喚3個藍色平衡或紫色混亂卡片並獲得1場勝利（非冒險）
task_config,700018,desc,對戰中至少召喚3個藍色平衡或白色中立卡片並獲得1場勝利（非冒險）
task_config,700019,desc,對戰中至少召喚3個綠色自然或紫色混亂卡片並獲得1場勝利（非冒險）
task_config,700020,desc,對戰中至少召喚3個綠色自然或白色中立卡片並獲得1場勝利（非冒險）
task_config,700021,desc,對戰中至少召喚3個紫色混亂或白色中立卡片並獲得1場勝利（非冒險）
task_config,700022,desc,對戰中贏得一場勝利（非冒險）
task_config,700023,desc,對戰中消滅6個怪物（非冒險）
task_config,700024,desc,對戰中使用6個物品（非冒險）
task_config,700025,desc,對戰中至少召喚2個費用2及以下的怪物（非冒險）
task_config,700026,desc,對戰中至少召喚3個費用3及以下的怪物（非冒險）
task_config,700027,desc,對戰中至少召喚4個費用4及以下的怪物（非冒險）
task_config,700028,desc,對戰中至少召喚3個費用2及以上的怪物（非冒險）
task_config,700029,desc,對戰中至少召喚2個費用3及以上的怪物（非冒險）
task_config,700030,desc,對戰中至少召喚2個費用2及以下的物品（非冒險）
task_config,700031,desc,對戰中至少召喚3個費用3及以下的物品（非冒險）
task_config,700032,desc,對戰中至少召喚4個費用4及以下的物品（非冒險）
task_config,700033,desc,對戰中至少召喚3個費用2及以上的物品（非冒險）
task_config,700034,desc,對戰中至少召喚2個費用3及以上的物品（非冒險）
task_config,700035,desc,對戰中至少召喚2個費用2及以下的卡片（非冒險）
task_config,700036,desc,對戰中至少召喚3個費用3及以下的卡片（非冒險）
task_config,700037,desc,對戰中至少召喚4個費用4及以下的卡片（非冒險）
task_config,700038,desc,對戰中至少召喚3個費用2及以上的卡片（非冒險）
task_config,700039,desc,對戰中至少召喚2個費用3及以上的卡片（非冒險）
task_config,700040,desc,完成2次冒險勝利
task_config,800001,desc,對戰中至少召喚2個紅色戰爭怪物並獲得1場勝利（非冒險）
task_config,800002,desc,對戰中至少召喚2個黃色命運怪物並獲得1場勝利（非冒險）
task_config,800003,desc,對戰中至少召喚2個藍色平衡怪物並獲得1場勝利（非冒險）
task_config,800004,desc,對戰中至少召喚2個綠色自然怪物並獲得1場勝利（非冒險）
task_config,800005,desc,對戰中至少召喚2個紫色混亂怪物並獲得1場勝利（非冒險）
task_config,800006,desc,對戰中至少召喚3個紅色戰爭或黃色命運怪物並獲得1場勝利（非冒險）
task_config,800007,desc,對戰中至少召喚3個紅色戰爭或藍色平衡怪物並獲得1場勝利（非冒險）
task_config,800008,desc,對戰中至少召喚3個紅色戰爭或綠色自然怪物並獲得1場勝利（非冒險）
task_config,800009,desc,對戰中至少召喚3個紅色戰爭或紫色混亂怪物並獲得1場勝利（非冒險）
task_config,800010,desc,對戰中至少召喚3個黃色命運或藍色平衡怪物並獲得1場勝利（非冒險）
task_config,800011,desc,對戰中至少召喚3個黃色命運或綠色自然怪物並獲得1場勝利（非冒險）
task_config,800012,desc,對戰中至少召喚3個黃色命運或紫色混亂怪物並獲得1場勝利（非冒險）
task_config,800013,desc,對戰中至少召喚3個藍色平衡或綠色自然怪物並獲得1場勝利（非冒險）
task_config,800014,desc,對戰中至少召喚3個藍色平衡或紫色混亂怪物並獲得1場勝利（非冒險）
task_config,800015,desc,對戰中至少召喚3個綠色自然或紫色混亂怪物並獲得1場勝利（非冒險）
task_config,800016,desc,對戰中至少召喚2個紅色戰爭物品並獲得1場勝利（非冒險）
task_config,800017,desc,對戰中至少召喚2個黃色命運物品並獲得1場勝利（非冒險）
task_config,800018,desc,對戰中至少召喚2個藍色平衡物品並獲得1場勝利（非冒險）
task_config,800019,desc,對戰中至少召喚2個綠色自然物品並獲得1場勝利（非冒險）
task_config,800020,desc,對戰中至少召喚2個紫色混亂物品並獲得1場勝利（非冒險）
task_config,800021,desc,對戰中至少召喚2個白色中立物品並獲得1場勝利（非冒險）
task_config,800022,desc,對戰中至少召喚3個紅色戰爭或黃色命運物品並獲得1場勝利（非冒險）
task_config,800023,desc,對戰中至少召喚3個紅色戰爭或藍色平衡物品並獲得1場勝利（非冒險）
task_config,800024,desc,對戰中至少召喚3個紅色戰爭或綠色自然物品並獲得1場勝利（非冒險）
task_config,800025,desc,對戰中至少召喚3個紅色戰爭或紫色混亂物品並獲得1場勝利（非冒險）
task_config,800026,desc,對戰中至少召喚3個紅色戰爭或白色中立物品並獲得1場勝利（非冒險）
task_config,800027,desc,對戰中至少召喚3個黃色命運或藍色平衡物品並獲得1場勝利（非冒險）
task_config,800028,desc,對戰中至少召喚3個黃色命運或綠色自然物品並獲得1場勝利（非冒險）
task_config,800029,desc,對戰中至少召喚3個黃色命運或紫色混亂物品並獲得1場勝利（非冒險）
task_config,800030,desc,對戰中至少召喚3個黃色命運或白色中立物品並獲得1場勝利（非冒險）
task_config,800031,desc,對戰中至少召喚3個藍色平衡或綠色自然物品並獲得1場勝利（非冒險）
task_config,800032,desc,對戰中至少召喚3個藍色平衡或紫色混亂物品並獲得1場勝利（非冒險）
task_config,800033,desc,對戰中至少召喚3個藍色平衡或白色中立物品並獲得1場勝利（非冒險）
task_config,800034,desc,對戰中至少召喚3個綠色自然或紫色混亂物品並獲得1場勝利（非冒險）
task_config,800035,desc,對戰中至少召喚3個綠色自然或白色中立物品並獲得1場勝利（非冒險）
task_config,800036,desc,對戰中至少召喚3個紫色混亂或白色中立物品並獲得1場勝利（非冒險）
task_config,800037,desc,對戰中至少召喚4個紅色戰爭卡片並獲得1場勝利（非冒險）
task_config,800038,desc,對戰中至少召喚4個黃色命運卡片並獲得1場勝利（非冒險）
task_config,800039,desc,對戰中至少召喚4個藍色平衡卡片並獲得1場勝利（非冒險）
task_config,800040,desc,對戰中至少召喚4個綠色自然卡片並獲得1場勝利（非冒險）
task_config,800041,desc,對戰中至少召喚4個紫色混亂卡片並獲得1場勝利（非冒險）
task_config,800042,desc,對戰中至少召喚4個白色中立卡片並獲得1場勝利（非冒險）
task_config,800043,desc,對戰中至少召喚5個紅色戰爭或黃色命運卡片並獲得1場勝利（非冒險）
task_config,800044,desc,對戰中至少召喚5個紅色戰爭或藍色平衡卡片並獲得1場勝利（非冒險）
task_config,800045,desc,對戰中至少召喚5個紅色戰爭或綠色自然卡片並獲得1場勝利（非冒險）
task_config,800046,desc,對戰中至少召喚5個紅色戰爭或紫色混亂卡片並獲得1場勝利（非冒險）
task_config,800047,desc,對戰中至少召喚5個紅色戰爭或白色中立卡片並獲得1場勝利（非冒險）
task_config,800048,desc,對戰中至少召喚5個黃色命運或藍色平衡卡片並獲得1場勝利（非冒險）
task_config,800049,desc,對戰中至少召喚5個黃色命運或綠色自然卡片並獲得1場勝利（非冒險）
task_config,800050,desc,對戰中至少召喚5個黃色命運或紫色混亂卡片並獲得1場勝利（非冒險）
task_config,800051,desc,對戰中至少召喚5個黃色命運或白色中立卡片並獲得1場勝利（非冒險）
task_config,800052,desc,對戰中至少召喚5個藍色平衡或綠色自然卡片並獲得1場勝利（非冒險）
task_config,800053,desc,對戰中至少召喚5個藍色平衡或紫色混亂卡片並獲得1場勝利（非冒險）
task_config,800054,desc,對戰中至少召喚5個藍色平衡或白色中立卡片並獲得1場勝利（非冒險）
task_config,800055,desc,對戰中至少召喚5個綠色自然或紫色混亂卡片並獲得1場勝利（非冒險）
task_config,800056,desc,對戰中至少召喚5個綠色自然或白色中立卡片並獲得1場勝利（非冒險）
task_config,800057,desc,對戰中至少召喚5個紫色混亂或白色中立卡片並獲得1場勝利（非冒險）
task_config,800058,desc,對戰中贏得一場勝利（非冒險）
task_config,800059,desc,對戰中消滅6個怪物（非冒險）
task_config,800060,desc,對戰中使用6個物品（非冒險）
task_config,800061,desc,對戰中至少召喚4個費用2及以下的怪物（非冒險）
task_config,800062,desc,對戰中至少召喚5個費用3及以下的怪物（非冒險）
task_config,800063,desc,對戰中至少召喚6個費用4及以下的怪物（非冒險）
task_config,800064,desc,對戰中至少召喚5個費用2及以上的怪物（非冒險）
task_config,800065,desc,對戰中至少召喚4個費用3及以上的怪物（非冒險）
task_config,800066,desc,對戰中至少召喚3個費用4及以上的怪物（非冒險）
task_config,800067,desc,對戰中贏得一場勝利（非冒險）
task_config,800068,desc,對戰中至少召喚4個費用2及以下的物品（非冒險）
task_config,800069,desc,對戰中至少召喚5個費用3及以下的物品（非冒險）
task_config,800070,desc,對戰中至少召喚6個費用4及以下的物品（非冒險）
task_config,800071,desc,對戰中至少召喚5個費用2及以上的物品（非冒險）
task_config,800072,desc,對戰中至少召喚4個費用3及以上的物品（非冒險）
task_config,800073,desc,對戰中至少召喚3個費用4及以上的物品（非冒險）
task_config,800074,desc,對戰中贏得一場勝利（非冒險）
task_config,800075,desc,對戰中至少召喚4個費用2及以下的卡片（非冒險）
task_config,800076,desc,對戰中至少召喚5個費用3及以下的卡片（非冒險）
task_config,800077,desc,對戰中至少召喚6個費用4及以下的卡片（非冒險）
task_config,800078,desc,對戰中至少召喚5個費用2及以上的卡片（非冒險）
task_config,800079,desc,對戰中至少召喚4個費用3及以上的卡片（非冒險）
task_config,800080,desc,對戰中至少召喚3個費用4及以上的卡片（非冒險）
task_config,800081,desc,對戰中贏得一場勝利（非冒險）
task_config,800082,desc,完成2次冒險勝利
task_config,900001,desc,對戰中至少召喚2個紅色戰爭怪物並獲得1場勝利（非冒險）
task_config,900002,desc,對戰中至少召喚2個黃色命運怪物並獲得1場勝利（非冒險）
task_config,900003,desc,對戰中至少召喚2個藍色平衡怪物並獲得1場勝利（非冒險）
task_config,900004,desc,對戰中至少召喚2個綠色自然怪物並獲得1場勝利（非冒險）
task_config,900005,desc,對戰中至少召喚2個紫色混亂怪物並獲得1場勝利（非冒險）
task_config,900006,desc,對戰中至少召喚3個紅色戰爭或黃色命運怪物並獲得1場勝利（非冒險）
task_config,900007,desc,對戰中至少召喚3個紅色戰爭或藍色平衡怪物並獲得1場勝利（非冒險）
task_config,900008,desc,對戰中至少召喚3個紅色戰爭或綠色自然怪物並獲得1場勝利（非冒險）
task_config,900009,desc,對戰中至少召喚3個紅色戰爭或紫色混亂怪物並獲得1場勝利（非冒險）
task_config,900010,desc,對戰中至少召喚3個黃色命運或藍色平衡怪物並獲得1場勝利（非冒險）
task_config,900011,desc,對戰中至少召喚3個黃色命運或綠色自然怪物並獲得1場勝利（非冒險）
task_config,900012,desc,對戰中至少召喚3個黃色命運或紫色混亂怪物並獲得1場勝利（非冒險）
task_config,900013,desc,對戰中至少召喚3個藍色平衡或綠色自然怪物並獲得1場勝利（非冒險）
task_config,900014,desc,對戰中至少召喚3個藍色平衡或紫色混亂怪物並獲得1場勝利（非冒險）
task_config,900015,desc,對戰中至少召喚3個綠色自然或紫色混亂怪物並獲得1場勝利（非冒險）
task_config,900016,desc,對戰中至少召喚2個紅色戰爭物品並獲得1場勝利（非冒險）
task_config,900017,desc,對戰中至少召喚2個黃色命運物品並獲得1場勝利（非冒險）
task_config,900018,desc,對戰中至少召喚2個藍色平衡物品並獲得1場勝利（非冒險）
task_config,900019,desc,對戰中至少召喚2個綠色自然物品並獲得1場勝利（非冒險）
task_config,900020,desc,對戰中至少召喚2個紫色混亂物品並獲得1場勝利（非冒險）
task_config,900021,desc,對戰中至少召喚2個白色中立物品並獲得1場勝利（非冒險）
task_config,900022,desc,對戰中至少召喚3個紅色戰爭或黃色命運物品並獲得1場勝利（非冒險）
task_config,900023,desc,對戰中至少召喚3個紅色戰爭或藍色平衡物品並獲得1場勝利（非冒險）
task_config,900024,desc,對戰中至少召喚3個紅色戰爭或綠色自然物品並獲得1場勝利（非冒險）
task_config,900025,desc,對戰中至少召喚3個紅色戰爭或紫色混亂物品並獲得1場勝利（非冒險）
task_config,900026,desc,對戰中至少召喚3個紅色戰爭或白色中立物品並獲得1場勝利（非冒險）
task_config,900027,desc,對戰中至少召喚3個黃色命運或藍色平衡物品並獲得1場勝利（非冒險）
task_config,900028,desc,對戰中至少召喚3個黃色命運或綠色自然物品並獲得1場勝利（非冒險）
task_config,900029,desc,對戰中至少召喚3個黃色命運或紫色混亂物品並獲得1場勝利（非冒險）
task_config,900030,desc,對戰中至少召喚3個黃色命運或白色中立物品並獲得1場勝利（非冒險）
task_config,900031,desc,對戰中至少召喚3個藍色平衡或綠色自然物品並獲得1場勝利（非冒險）
task_config,900032,desc,對戰中至少召喚3個藍色平衡或紫色混亂物品並獲得1場勝利（非冒險）
task_config,900033,desc,對戰中至少召喚3個藍色平衡或白色中立物品並獲得1場勝利（非冒險）
task_config,900034,desc,對戰中至少召喚3個綠色自然或紫色混亂物品並獲得1場勝利（非冒險）
task_config,900035,desc,對戰中至少召喚3個綠色自然或白色中立物品並獲得1場勝利（非冒險）
task_config,900036,desc,對戰中至少召喚3個紫色混亂或白色中立物品並獲得1場勝利（非冒險）
task_config,900037,desc,對戰中至少召喚4個紅色戰爭卡片並獲得1場勝利（非冒險）
task_config,900038,desc,對戰中至少召喚4個黃色命運卡片並獲得1場勝利（非冒險）
task_config,900039,desc,對戰中至少召喚4個藍色平衡卡片並獲得1場勝利（非冒險）
task_config,900040,desc,對戰中至少召喚4個綠色自然卡片並獲得1場勝利（非冒險）
task_config,900041,desc,對戰中至少召喚4個紫色混亂卡片並獲得1場勝利（非冒險）
task_config,900042,desc,對戰中至少召喚4個白色中立卡片並獲得1場勝利（非冒險）
task_config,900043,desc,對戰中至少召喚5個紅色戰爭或黃色命運卡片並獲得1場勝利（非冒險）
task_config,900044,desc,對戰中至少召喚5個紅色戰爭或藍色平衡卡片並獲得1場勝利（非冒險）
task_config,900045,desc,對戰中至少召喚5個紅色戰爭或綠色自然卡片並獲得1場勝利（非冒險）
task_config,900046,desc,對戰中至少召喚5個紅色戰爭或紫色混亂卡片並獲得1場勝利（非冒險）
task_config,900047,desc,對戰中至少召喚5個紅色戰爭或白色中立卡片並獲得1場勝利（非冒險）
task_config,900048,desc,對戰中至少召喚5個黃色命運或藍色平衡卡片並獲得1場勝利（非冒險）
task_config,900049,desc,對戰中至少召喚5個黃色命運或綠色自然卡片並獲得1場勝利（非冒險）
task_config,900050,desc,對戰中至少召喚5個黃色命運或紫色混亂卡片並獲得1場勝利（非冒險）
task_config,900051,desc,對戰中至少召喚5個黃色命運或白色中立卡片並獲得1場勝利（非冒險）
task_config,900052,desc,對戰中至少召喚5個藍色平衡或綠色自然卡片並獲得1場勝利（非冒險）
task_config,900053,desc,對戰中至少召喚5個藍色平衡或紫色混亂卡片並獲得1場勝利（非冒險）
task_config,900054,desc,對戰中至少召喚5個藍色平衡或白色中立卡片並獲得1場勝利（非冒險）
task_config,900055,desc,對戰中至少召喚5個綠色自然或紫色混亂卡片並獲得1場勝利（非冒險）
task_config,900056,desc,對戰中至少召喚5個綠色自然或白色中立卡片並獲得1場勝利（非冒險）
task_config,900057,desc,對戰中至少召喚5個紫色混亂或白色中立卡片並獲得1場勝利（非冒險）
task_config,900058,desc,對戰中贏得一場勝利（非冒險）
task_config,900059,desc,對戰中消滅6個怪物（非冒險）
task_config,900060,desc,對戰中使用6個物品（非冒險）
task_config,900061,desc,對戰中至少召喚4個費用2及以下的怪物（非冒險）
task_config,900062,desc,對戰中至少召喚5個費用3及以下的怪物（非冒險）
task_config,900063,desc,對戰中至少召喚6個費用4及以下的怪物（非冒險）
task_config,900064,desc,對戰中至少召喚5個費用2及以上的怪物（非冒險）
task_config,900065,desc,對戰中至少召喚4個費用3及以上的怪物（非冒險）
task_config,900066,desc,對戰中至少召喚3個費用4及以上的怪物（非冒險）
task_config,900067,desc,對戰中贏得一場勝利（非冒險）
task_config,900068,desc,對戰中至少召喚4個費用2及以下的物品（非冒險）
task_config,900069,desc,對戰中至少召喚5個費用3及以下的物品（非冒險）
task_config,900070,desc,對戰中至少召喚6個費用4及以下的物品（非冒險）
task_config,900071,desc,對戰中至少召喚5個費用2及以上的物品（非冒險）
task_config,900072,desc,對戰中至少召喚4個費用3及以上的物品（非冒險）
task_config,900073,desc,對戰中至少召喚3個費用4及以上的物品（非冒險）
task_config,900074,desc,對戰中贏得一場勝利（非冒險）
task_config,900075,desc,對戰中至少召喚4個費用2及以下的卡片（非冒險）
task_config,900076,desc,對戰中至少召喚5個費用3及以下的卡片（非冒險）
task_config,900077,desc,對戰中至少召喚6個費用4及以下的卡片（非冒險）
task_config,900078,desc,對戰中至少召喚5個費用2及以上的卡片（非冒險）
task_config,900079,desc,對戰中至少召喚4個費用3及以上的卡片（非冒險）
task_config,900080,desc,對戰中至少召喚3個費用4及以上的卡片（非冒險）
task_config,900081,desc,對戰中贏得一場勝利（非冒險）
task_config,900082,desc,完成2次冒險勝利
task_config,1000001,desc,對戰中至少召喚2個紅色戰爭怪物並獲得1場勝利（非冒險）
task_config,1000002,desc,對戰中至少召喚2個黃色命運怪物並獲得1場勝利（非冒險）
task_config,1000003,desc,對戰中至少召喚2個藍色平衡怪物並獲得1場勝利（非冒險）
task_config,1000004,desc,對戰中至少召喚2個綠色自然怪物並獲得1場勝利（非冒險）
task_config,1000005,desc,對戰中至少召喚2個紫色混亂怪物並獲得1場勝利（非冒險）
task_config,1000006,desc,對戰中至少召喚3個紅色戰爭或黃色命運怪物並獲得1場勝利（非冒險）
task_config,1000007,desc,對戰中至少召喚3個紅色戰爭或藍色平衡怪物並獲得1場勝利（非冒險）
task_config,1000008,desc,對戰中至少召喚3個紅色戰爭或綠色自然怪物並獲得1場勝利（非冒險）
task_config,1000009,desc,對戰中至少召喚3個紅色戰爭或紫色混亂怪物並獲得1場勝利（非冒險）
task_config,1000010,desc,對戰中至少召喚3個黃色命運或藍色平衡怪物並獲得1場勝利（非冒險）
task_config,1000011,desc,對戰中至少召喚3個黃色命運或綠色自然怪物並獲得1場勝利（非冒險）
task_config,1000012,desc,對戰中至少召喚3個黃色命運或紫色混亂怪物並獲得1場勝利（非冒險）
task_config,1000013,desc,對戰中至少召喚3個藍色平衡或綠色自然怪物並獲得1場勝利（非冒險）
task_config,1000014,desc,對戰中至少召喚3個藍色平衡或紫色混亂怪物並獲得1場勝利（非冒險）
task_config,1000015,desc,對戰中至少召喚3個綠色自然或紫色混亂怪物並獲得1場勝利（非冒險）
task_config,1000016,desc,對戰中至少召喚2個紅色戰爭物品並獲得1場勝利（非冒險）
task_config,1000017,desc,對戰中至少召喚2個黃色命運物品並獲得1場勝利（非冒險）
task_config,1000018,desc,對戰中至少召喚2個藍色平衡物品並獲得1場勝利（非冒險）
task_config,1000019,desc,對戰中至少召喚2個綠色自然物品並獲得1場勝利（非冒險）
task_config,1000020,desc,對戰中至少召喚2個紫色混亂物品並獲得1場勝利（非冒險）
task_config,1000021,desc,對戰中至少召喚2個白色中立物品並獲得1場勝利（非冒險）
task_config,1000022,desc,對戰中至少召喚3個紅色戰爭或黃色命運物品並獲得1場勝利（非冒險）
task_config,1000023,desc,對戰中至少召喚3個紅色戰爭或藍色平衡物品並獲得1場勝利（非冒險）
task_config,1000024,desc,對戰中至少召喚3個紅色戰爭或綠色自然物品並獲得1場勝利（非冒險）
task_config,1000025,desc,對戰中至少召喚3個紅色戰爭或紫色混亂物品並獲得1場勝利（非冒險）
task_config,1000026,desc,對戰中至少召喚3個紅色戰爭或白色中立物品並獲得1場勝利（非冒險）
task_config,1000027,desc,對戰中至少召喚3個黃色命運或藍色平衡物品並獲得1場勝利（非冒險）
task_config,1000028,desc,對戰中至少召喚3個黃色命運或綠色自然物品並獲得1場勝利（非冒險）
task_config,1000029,desc,對戰中至少召喚3個黃色命運或紫色混亂物品並獲得1場勝利（非冒險）
task_config,1000030,desc,對戰中至少召喚3個黃色命運或白色中立物品並獲得1場勝利（非冒險）
task_config,1000031,desc,對戰中至少召喚3個藍色平衡或綠色自然物品並獲得1場勝利（非冒險）
task_config,1000032,desc,對戰中至少召喚3個藍色平衡或紫色混亂物品並獲得1場勝利（非冒險）
task_config,1000033,desc,對戰中至少召喚3個藍色平衡或白色中立物品並獲得1場勝利（非冒險）
task_config,1000034,desc,對戰中至少召喚3個綠色自然或紫色混亂物品並獲得1場勝利（非冒險）
task_config,1000035,desc,對戰中至少召喚3個綠色自然或白色中立物品並獲得1場勝利（非冒險）
task_config,1000036,desc,對戰中至少召喚3個紫色混亂或白色中立物品並獲得1場勝利（非冒險）
task_config,1000037,desc,對戰中至少召喚4個紅色戰爭卡片並獲得1場勝利（非冒險）
task_config,1000038,desc,對戰中至少召喚4個黃色命運卡片並獲得1場勝利（非冒險）
task_config,1000039,desc,對戰中至少召喚4個藍色平衡卡片並獲得1場勝利（非冒險）
task_config,1000040,desc,對戰中至少召喚4個綠色自然卡片並獲得1場勝利（非冒險）
task_config,1000041,desc,對戰中至少召喚4個紫色混亂卡片並獲得1場勝利（非冒險）
task_config,1000042,desc,對戰中至少召喚4個白色中立卡片並獲得1場勝利（非冒險）
task_config,1000043,desc,對戰中至少召喚5個紅色戰爭或黃色命運卡片並獲得1場勝利（非冒險）
task_config,1000044,desc,對戰中至少召喚5個紅色戰爭或藍色平衡卡片並獲得1場勝利（非冒險）
task_config,1000045,desc,對戰中至少召喚5個紅色戰爭或綠色自然卡片並獲得1場勝利（非冒險）
task_config,1000046,desc,對戰中至少召喚5個紅色戰爭或紫色混亂卡片並獲得1場勝利（非冒險）
task_config,1000047,desc,對戰中至少召喚5個紅色戰爭或白色中立卡片並獲得1場勝利（非冒險）
task_config,1000048,desc,對戰中至少召喚5個黃色命運或藍色平衡卡片並獲得1場勝利（非冒險）
task_config,1000049,desc,對戰中至少召喚5個黃色命運或綠色自然卡片並獲得1場勝利（非冒險）
task_config,1000050,desc,對戰中至少召喚5個黃色命運或紫色混亂卡片並獲得1場勝利（非冒險）
task_config,1000051,desc,對戰中至少召喚5個黃色命運或白色中立卡片並獲得1場勝利（非冒險）
task_config,1000052,desc,對戰中至少召喚5個藍色平衡或綠色自然卡片並獲得1場勝利（非冒險）
task_config,1000053,desc,對戰中至少召喚5個藍色平衡或紫色混亂卡片並獲得1場勝利（非冒險）
task_config,1000054,desc,對戰中至少召喚5個藍色平衡或白色中立卡片並獲得1場勝利（非冒險）
task_config,1000055,desc,對戰中至少召喚5個綠色自然或紫色混亂卡片並獲得1場勝利（非冒險）
task_config,1000056,desc,對戰中至少召喚5個綠色自然或白色中立卡片並獲得1場勝利（非冒險）
task_config,1000057,desc,對戰中至少召喚5個紫色混亂或白色中立卡片並獲得1場勝利（非冒險）
task_config,1000058,desc,對戰中贏得一場勝利（非冒險）
task_config,1000059,desc,對戰中消滅6個怪物（非冒險）
task_config,1000060,desc,對戰中使用6個物品（非冒險）
task_config,1000061,desc,對戰中至少召喚4個費用2及以下的怪物（非冒險）
task_config,1000062,desc,對戰中至少召喚5個費用3及以下的怪物（非冒險）
task_config,1000063,desc,對戰中至少召喚6個費用4及以下的怪物（非冒險）
task_config,1000064,desc,對戰中至少召喚5個費用2及以上的怪物（非冒險）
task_config,1000065,desc,對戰中至少召喚4個費用3及以上的怪物（非冒險）
task_config,1000066,desc,對戰中至少召喚3個費用4及以上的怪物（非冒險）
task_config,1000067,desc,對戰中贏得一場勝利（非冒險）
task_config,1000068,desc,對戰中至少召喚4個費用2及以下的物品（非冒險）
task_config,1000069,desc,對戰中至少召喚5個費用3及以下的物品（非冒險）
task_config,1000070,desc,對戰中至少召喚6個費用4及以下的物品（非冒險）
task_config,1000071,desc,對戰中至少召喚5個費用2及以上的物品（非冒險）
task_config,1000072,desc,對戰中至少召喚4個費用3及以上的物品（非冒險）
task_config,1000073,desc,對戰中至少召喚3個費用4及以上的物品（非冒險）
task_config,1000074,desc,對戰中贏得一場勝利（非冒險）
task_config,1000075,desc,對戰中至少召喚4個費用2及以下的卡片（非冒險）
task_config,1000076,desc,對戰中至少召喚5個費用3及以下的卡片（非冒險）
task_config,1000077,desc,對戰中至少召喚6個費用4及以下的卡片（非冒險）
task_config,1000078,desc,對戰中至少召喚5個費用2及以上的卡片（非冒險）
task_config,1000079,desc,對戰中至少召喚4個費用3及以上的卡片（非冒險）
task_config,1000080,desc,對戰中至少召喚3個費用4及以上的卡片（非冒險）
task_config,1000081,desc,對戰中贏得一場勝利（非冒險）
task_config,1000082,desc,完成2次冒險勝利
task_config,1100001,desc,對戰中至少召喚2個紅色戰爭怪物並獲得1場勝利（非冒險）
task_config,1100002,desc,對戰中至少召喚2個黃色命運怪物並獲得1場勝利（非冒險）
task_config,1100003,desc,對戰中至少召喚2個藍色平衡怪物並獲得1場勝利（非冒險）
task_config,1100004,desc,對戰中至少召喚2個綠色自然怪物並獲得1場勝利（非冒險）
task_config,1100005,desc,對戰中至少召喚2個紫色混亂怪物並獲得1場勝利（非冒險）
task_config,1100006,desc,對戰中至少召喚3個紅色戰爭或黃色命運怪物並獲得1場勝利（非冒險）
task_config,1100007,desc,對戰中至少召喚3個紅色戰爭或藍色平衡怪物並獲得1場勝利（非冒險）
task_config,1100008,desc,對戰中至少召喚3個紅色戰爭或綠色自然怪物並獲得1場勝利（非冒險）
task_config,1100009,desc,對戰中至少召喚3個紅色戰爭或紫色混亂怪物並獲得1場勝利（非冒險）
task_config,1100010,desc,對戰中至少召喚3個黃色命運或藍色平衡怪物並獲得1場勝利（非冒險）
task_config,1100011,desc,對戰中至少召喚3個黃色命運或綠色自然怪物並獲得1場勝利（非冒險）
task_config,1100012,desc,對戰中至少召喚3個黃色命運或紫色混亂怪物並獲得1場勝利（非冒險）
task_config,1100013,desc,對戰中至少召喚3個藍色平衡或綠色自然怪物並獲得1場勝利（非冒險）
task_config,1100014,desc,對戰中至少召喚3個藍色平衡或紫色混亂怪物並獲得1場勝利（非冒險）
task_config,1100015,desc,對戰中至少召喚3個綠色自然或紫色混亂怪物並獲得1場勝利（非冒險）
task_config,1100016,desc,對戰中至少召喚2個紅色戰爭物品並獲得1場勝利（非冒險）
task_config,1100017,desc,對戰中至少召喚2個黃色命運物品並獲得1場勝利（非冒險）
task_config,1100018,desc,對戰中至少召喚2個藍色平衡物品並獲得1場勝利（非冒險）
task_config,1100019,desc,對戰中至少召喚2個綠色自然物品並獲得1場勝利（非冒險）
task_config,1100020,desc,對戰中至少召喚2個紫色混亂物品並獲得1場勝利（非冒險）
task_config,1100021,desc,對戰中至少召喚2個白色中立物品並獲得1場勝利（非冒險）
task_config,1100022,desc,對戰中至少召喚3個紅色戰爭或黃色命運物品並獲得1場勝利（非冒險）
task_config,1100023,desc,對戰中至少召喚3個紅色戰爭或藍色平衡物品並獲得1場勝利（非冒險）
task_config,1100024,desc,對戰中至少召喚3個紅色戰爭或綠色自然物品並獲得1場勝利（非冒險）
task_config,1100025,desc,對戰中至少召喚3個紅色戰爭或紫色混亂物品並獲得1場勝利（非冒險）
task_config,1100026,desc,對戰中至少召喚3個紅色戰爭或白色中立物品並獲得1場勝利（非冒險）
task_config,1100027,desc,對戰中至少召喚3個黃色命運或藍色平衡物品並獲得1場勝利（非冒險）
task_config,1100028,desc,對戰中至少召喚3個黃色命運或綠色自然物品並獲得1場勝利（非冒險）
task_config,1100029,desc,對戰中至少召喚3個黃色命運或紫色混亂物品並獲得1場勝利（非冒險）
task_config,1100030,desc,對戰中至少召喚3個黃色命運或白色中立物品並獲得1場勝利（非冒險）
task_config,1100031,desc,對戰中至少召喚3個藍色平衡或綠色自然物品並獲得1場勝利（非冒險）
task_config,1100032,desc,對戰中至少召喚3個藍色平衡或紫色混亂物品並獲得1場勝利（非冒險）
task_config,1100033,desc,對戰中至少召喚3個藍色平衡或白色中立物品並獲得1場勝利（非冒險）
task_config,1100034,desc,對戰中至少召喚3個綠色自然或紫色混亂物品並獲得1場勝利（非冒險）
task_config,1100035,desc,對戰中至少召喚3個綠色自然或白色中立物品並獲得1場勝利（非冒險）
task_config,1100036,desc,對戰中至少召喚3個紫色混亂或白色中立物品並獲得1場勝利（非冒險）
task_config,1100037,desc,對戰中至少召喚4個紅色戰爭卡片並獲得1場勝利（非冒險）
task_config,1100038,desc,對戰中至少召喚4個黃色命運卡片並獲得1場勝利（非冒險）
task_config,1100039,desc,對戰中至少召喚4個藍色平衡卡片並獲得1場勝利（非冒險）
task_config,1100040,desc,對戰中至少召喚4個綠色自然卡片並獲得1場勝利（非冒險）
task_config,1100041,desc,對戰中至少召喚4個紫色混亂卡片並獲得1場勝利（非冒險）
task_config,1100042,desc,對戰中至少召喚4個白色中立卡片並獲得1場勝利（非冒險）
task_config,1100043,desc,對戰中至少召喚5個紅色戰爭或黃色命運卡片並獲得1場勝利（非冒險）
task_config,1100044,desc,對戰中至少召喚5個紅色戰爭或藍色平衡卡片並獲得1場勝利（非冒險）
task_config,1100045,desc,對戰中至少召喚5個紅色戰爭或綠色自然卡片並獲得1場勝利（非冒險）
task_config,1100046,desc,對戰中至少召喚5個紅色戰爭或紫色混亂卡片並獲得1場勝利（非冒險）
task_config,1100047,desc,對戰中至少召喚5個紅色戰爭或白色中立卡片並獲得1場勝利（非冒險）
task_config,1100048,desc,對戰中至少召喚5個黃色命運或藍色平衡卡片並獲得1場勝利（非冒險）
task_config,1100049,desc,對戰中至少召喚5個黃色命運或綠色自然卡片並獲得1場勝利（非冒險）
task_config,1100050,desc,對戰中至少召喚5個黃色命運或紫色混亂卡片並獲得1場勝利（非冒險）
task_config,1100051,desc,對戰中至少召喚5個黃色命運或白色中立卡片並獲得1場勝利（非冒險）
task_config,1100052,desc,對戰中至少召喚5個藍色平衡或綠色自然卡片並獲得1場勝利（非冒險）
task_config,1100053,desc,對戰中至少召喚5個藍色平衡或紫色混亂卡片並獲得1場勝利（非冒險）
task_config,1100054,desc,對戰中至少召喚5個藍色平衡或白色中立卡片並獲得1場勝利（非冒險）
task_config,1100055,desc,對戰中至少召喚5個綠色自然或紫色混亂卡片並獲得1場勝利（非冒險）
task_config,1100056,desc,對戰中至少召喚5個綠色自然或白色中立卡片並獲得1場勝利（非冒險）
task_config,1100057,desc,對戰中至少召喚5個紫色混亂或白色中立卡片並獲得1場勝利（非冒險）
task_config,1100058,desc,對戰中贏得一場勝利（非冒險）
task_config,1100059,desc,對戰中消滅6個怪物（非冒險）
task_config,1100060,desc,對戰中使用6個物品（非冒險）
task_config,1100061,desc,對戰中至少召喚4個費用2及以下的怪物（非冒險）
task_config,1100062,desc,對戰中至少召喚5個費用3及以下的怪物（非冒險）
task_config,1100063,desc,對戰中至少召喚6個費用4及以下的怪物（非冒險）
task_config,1100064,desc,對戰中至少召喚5個費用2及以上的怪物（非冒險）
task_config,1100065,desc,對戰中至少召喚4個費用3及以上的怪物（非冒險）
task_config,1100066,desc,對戰中至少召喚3個費用4及以上的怪物（非冒險）
task_config,1100067,desc,對戰中贏得一場勝利（非冒險）
task_config,1100068,desc,對戰中至少召喚4個費用2及以下的物品（非冒險）
task_config,1100069,desc,對戰中至少召喚5個費用3及以下的物品（非冒險）
task_config,1100070,desc,對戰中至少召喚6個費用4及以下的物品（非冒險）
task_config,1100071,desc,對戰中至少召喚5個費用2及以上的物品（非冒險）
task_config,1100072,desc,對戰中至少召喚4個費用3及以上的物品（非冒險）
task_config,1100073,desc,對戰中至少召喚3個費用4及以上的物品（非冒險）
task_config,1100074,desc,對戰中贏得一場勝利（非冒險）
task_config,1100075,desc,對戰中至少召喚4個費用2及以下的卡片（非冒險）
task_config,1100076,desc,對戰中至少召喚5個費用3及以下的卡片（非冒險）
task_config,1100077,desc,對戰中至少召喚6個費用4及以下的卡片（非冒險）
task_config,1100078,desc,對戰中至少召喚5個費用2及以上的卡片（非冒險）
task_config,1100079,desc,對戰中至少召喚4個費用3及以上的卡片（非冒險）
task_config,1100080,desc,對戰中至少召喚3個費用4及以上的卡片（非冒險）
task_config,1100081,desc,對戰中贏得一場勝利（非冒險）
task_config,1100082,desc,完成2次冒險勝利
task_config,1200001,desc,對戰中至少召喚2個紅色戰爭怪物並獲得1場勝利（非冒險）
task_config,1200002,desc,對戰中至少召喚2個黃色命運怪物並獲得1場勝利（非冒險）
task_config,1200003,desc,對戰中至少召喚2個藍色平衡怪物並獲得1場勝利（非冒險）
task_config,1200004,desc,對戰中至少召喚2個綠色自然怪物並獲得1場勝利（非冒險）
task_config,1200005,desc,對戰中至少召喚2個紫色混亂怪物並獲得1場勝利（非冒險）
task_config,1200006,desc,對戰中至少召喚3個紅色戰爭或黃色命運怪物並獲得1場勝利（非冒險）
task_config,1200007,desc,對戰中至少召喚3個紅色戰爭或藍色平衡怪物並獲得1場勝利（非冒險）
task_config,1200008,desc,對戰中至少召喚3個紅色戰爭或綠色自然怪物並獲得1場勝利（非冒險）
task_config,1200009,desc,對戰中至少召喚3個紅色戰爭或紫色混亂怪物並獲得1場勝利（非冒險）
task_config,1200010,desc,對戰中至少召喚3個黃色命運或藍色平衡怪物並獲得1場勝利（非冒險）
task_config,1200011,desc,對戰中至少召喚3個黃色命運或綠色自然怪物並獲得1場勝利（非冒險）
task_config,1200012,desc,對戰中至少召喚3個黃色命運或紫色混亂怪物並獲得1場勝利（非冒險）
task_config,1200013,desc,對戰中至少召喚3個藍色平衡或綠色自然怪物並獲得1場勝利（非冒險）
task_config,1200014,desc,對戰中至少召喚3個藍色平衡或紫色混亂怪物並獲得1場勝利（非冒險）
task_config,1200015,desc,對戰中至少召喚3個綠色自然或紫色混亂怪物並獲得1場勝利（非冒險）
task_config,1200016,desc,對戰中至少召喚2個紅色戰爭物品並獲得1場勝利（非冒險）
task_config,1200017,desc,對戰中至少召喚2個黃色命運物品並獲得1場勝利（非冒險）
task_config,1200018,desc,對戰中至少召喚2個藍色平衡物品並獲得1場勝利（非冒險）
task_config,1200019,desc,對戰中至少召喚2個綠色自然物品並獲得1場勝利（非冒險）
task_config,1200020,desc,對戰中至少召喚2個紫色混亂物品並獲得1場勝利（非冒險）
task_config,1200021,desc,對戰中至少召喚2個白色中立物品並獲得1場勝利（非冒險）
task_config,1200022,desc,對戰中至少召喚3個紅色戰爭或黃色命運物品並獲得1場勝利（非冒險）
task_config,1200023,desc,對戰中至少召喚3個紅色戰爭或藍色平衡物品並獲得1場勝利（非冒險）
task_config,1200024,desc,對戰中至少召喚3個紅色戰爭或綠色自然物品並獲得1場勝利（非冒險）
task_config,1200025,desc,對戰中至少召喚3個紅色戰爭或紫色混亂物品並獲得1場勝利（非冒險）
task_config,1200026,desc,對戰中至少召喚3個紅色戰爭或白色中立物品並獲得1場勝利（非冒險）
task_config,1200027,desc,對戰中至少召喚3個黃色命運或藍色平衡物品並獲得1場勝利（非冒險）
task_config,1200028,desc,對戰中至少召喚3個黃色命運或綠色自然物品並獲得1場勝利（非冒險）
task_config,1200029,desc,對戰中至少召喚3個黃色命運或紫色混亂物品並獲得1場勝利（非冒險）
task_config,1200030,desc,對戰中至少召喚3個黃色命運或白色中立物品並獲得1場勝利（非冒險）
task_config,1200031,desc,對戰中至少召喚3個藍色平衡或綠色自然物品並獲得1場勝利（非冒險）
task_config,1200032,desc,對戰中至少召喚3個藍色平衡或紫色混亂物品並獲得1場勝利（非冒險）
task_config,1200033,desc,對戰中至少召喚3個藍色平衡或白色中立物品並獲得1場勝利（非冒險）
task_config,1200034,desc,對戰中至少召喚3個綠色自然或紫色混亂物品並獲得1場勝利（非冒險）
task_config,1200035,desc,對戰中至少召喚3個綠色自然或白色中立物品並獲得1場勝利（非冒險）
task_config,1200036,desc,對戰中至少召喚3個紫色混亂或白色中立物品並獲得1場勝利（非冒險）
task_config,1200037,desc,對戰中至少召喚4個紅色戰爭卡片並獲得1場勝利（非冒險）
task_config,1200038,desc,對戰中至少召喚4個黃色命運卡片並獲得1場勝利（非冒險）
task_config,1200039,desc,對戰中至少召喚4個藍色平衡卡片並獲得1場勝利（非冒險）
task_config,1200040,desc,對戰中至少召喚4個綠色自然卡片並獲得1場勝利（非冒險）
task_config,1200041,desc,對戰中至少召喚4個紫色混亂卡片並獲得1場勝利（非冒險）
task_config,1200042,desc,對戰中至少召喚4個白色中立卡片並獲得1場勝利（非冒險）
task_config,1200043,desc,對戰中至少召喚5個紅色戰爭或黃色命運卡片並獲得1場勝利（非冒險）
task_config,1200044,desc,對戰中至少召喚5個紅色戰爭或藍色平衡卡片並獲得1場勝利（非冒險）
task_config,1200045,desc,對戰中至少召喚5個紅色戰爭或綠色自然卡片並獲得1場勝利（非冒險）
task_config,1200046,desc,對戰中至少召喚5個紅色戰爭或紫色混亂卡片並獲得1場勝利（非冒險）
task_config,1200047,desc,對戰中至少召喚5個紅色戰爭或白色中立卡片並獲得1場勝利（非冒險）
task_config,1200048,desc,對戰中至少召喚5個黃色命運或藍色平衡卡片並獲得1場勝利（非冒險）
task_config,1200049,desc,對戰中至少召喚5個黃色命運或綠色自然卡片並獲得1場勝利（非冒險）
task_config,1200050,desc,對戰中至少召喚5個黃色命運或紫色混亂卡片並獲得1場勝利（非冒險）
task_config,1200051,desc,對戰中至少召喚5個黃色命運或白色中立卡片並獲得1場勝利（非冒險）
task_config,1200052,desc,對戰中至少召喚5個藍色平衡或綠色自然卡片並獲得1場勝利（非冒險）
task_config,1200053,desc,對戰中至少召喚5個藍色平衡或紫色混亂卡片並獲得1場勝利（非冒險）
task_config,1200054,desc,對戰中至少召喚5個藍色平衡或白色中立卡片並獲得1場勝利（非冒險）
task_config,1200055,desc,對戰中至少召喚5個綠色自然或紫色混亂卡片並獲得1場勝利（非冒險）
task_config,1200056,desc,對戰中至少召喚5個綠色自然或白色中立卡片並獲得1場勝利（非冒險）
task_config,1200057,desc,對戰中至少召喚5個紫色混亂或白色中立卡片並獲得1場勝利（非冒險）
task_config,1200058,desc,對戰中贏得一場勝利（非冒險）
task_config,1200059,desc,對戰中消滅6個怪物（非冒險）
task_config,1200060,desc,對戰中使用6個物品（非冒險）
task_config,1200061,desc,對戰中至少召喚4個費用2及以下的怪物（非冒險）
task_config,1200062,desc,對戰中至少召喚5個費用3及以下的怪物（非冒險）
task_config,1200063,desc,對戰中至少召喚6個費用4及以下的怪物（非冒險）
task_config,1200064,desc,對戰中至少召喚5個費用2及以上的怪物（非冒險）
task_config,1200065,desc,對戰中至少召喚4個費用3及以上的怪物（非冒險）
task_config,1200066,desc,對戰中至少召喚3個費用4及以上的怪物（非冒險）
task_config,1200067,desc,對戰中贏得一場勝利（非冒險）
task_config,1200068,desc,對戰中至少召喚4個費用2及以下的物品（非冒險）
task_config,1200069,desc,對戰中至少召喚5個費用3及以下的物品（非冒險）
task_config,1200070,desc,對戰中至少召喚6個費用4及以下的物品（非冒險）
task_config,1200071,desc,對戰中至少召喚5個費用2及以上的物品（非冒險）
task_config,1200072,desc,對戰中至少召喚4個費用3及以上的物品（非冒險）
task_config,1200073,desc,對戰中至少召喚3個費用4及以上的物品（非冒險）
task_config,1200074,desc,對戰中贏得一場勝利（非冒險）
task_config,1200075,desc,對戰中至少召喚4個費用2及以下的卡片（非冒險）
task_config,1200076,desc,對戰中至少召喚5個費用3及以下的卡片（非冒險）
task_config,1200077,desc,對戰中至少召喚6個費用4及以下的卡片（非冒險）
task_config,1200078,desc,對戰中至少召喚5個費用2及以上的卡片（非冒險）
task_config,1200079,desc,對戰中至少召喚4個費用3及以上的卡片（非冒險）
task_config,1200080,desc,對戰中至少召喚3個費用4及以上的卡片（非冒險）
task_config,1200081,desc,對戰中贏得一場勝利（非冒險）
task_config,1200082,desc,完成2次冒險勝利
task_config,1300001,desc,對戰中至少召喚2個紅色戰爭怪物並獲得1場勝利（非冒險）
task_config,1300002,desc,對戰中至少召喚2個黃色命運怪物並獲得1場勝利（非冒險）
task_config,1300003,desc,對戰中至少召喚2個藍色平衡怪物並獲得1場勝利（非冒險）
task_config,1300004,desc,對戰中至少召喚2個綠色自然怪物並獲得1場勝利（非冒險）
task_config,1300005,desc,對戰中至少召喚2個紫色混亂怪物並獲得1場勝利（非冒險）
task_config,1300006,desc,對戰中至少召喚3個紅色戰爭或黃色命運怪物並獲得1場勝利（非冒險）
task_config,1300007,desc,對戰中至少召喚3個紅色戰爭或藍色平衡怪物並獲得1場勝利（非冒險）
task_config,1300008,desc,對戰中至少召喚3個紅色戰爭或綠色自然怪物並獲得1場勝利（非冒險）
task_config,1300009,desc,對戰中至少召喚3個紅色戰爭或紫色混亂怪物並獲得1場勝利（非冒險）
task_config,1300010,desc,對戰中至少召喚3個黃色命運或藍色平衡怪物並獲得1場勝利（非冒險）
task_config,1300011,desc,對戰中至少召喚3個黃色命運或綠色自然怪物並獲得1場勝利（非冒險）
task_config,1300012,desc,對戰中至少召喚3個黃色命運或紫色混亂怪物並獲得1場勝利（非冒險）
task_config,1300013,desc,對戰中至少召喚3個藍色平衡或綠色自然怪物並獲得1場勝利（非冒險）
task_config,1300014,desc,對戰中至少召喚3個藍色平衡或紫色混亂怪物並獲得1場勝利（非冒險）
task_config,1300015,desc,對戰中至少召喚3個綠色自然或紫色混亂怪物並獲得1場勝利（非冒險）
task_config,1300016,desc,對戰中至少召喚2個紅色戰爭物品並獲得1場勝利（非冒險）
task_config,1300017,desc,對戰中至少召喚2個黃色命運物品並獲得1場勝利（非冒險）
task_config,1300018,desc,對戰中至少召喚2個藍色平衡物品並獲得1場勝利（非冒險）
task_config,1300019,desc,對戰中至少召喚2個綠色自然物品並獲得1場勝利（非冒險）
task_config,1300020,desc,對戰中至少召喚2個紫色混亂物品並獲得1場勝利（非冒險）
task_config,1300021,desc,對戰中至少召喚2個白色中立物品並獲得1場勝利（非冒險）
task_config,1300022,desc,對戰中至少召喚3個紅色戰爭或黃色命運物品並獲得1場勝利（非冒險）
task_config,1300023,desc,對戰中至少召喚3個紅色戰爭或藍色平衡物品並獲得1場勝利（非冒險）
task_config,1300024,desc,對戰中至少召喚3個紅色戰爭或綠色自然物品並獲得1場勝利（非冒險）
task_config,1300025,desc,對戰中至少召喚3個紅色戰爭或紫色混亂物品並獲得1場勝利（非冒險）
task_config,1300026,desc,對戰中至少召喚3個紅色戰爭或白色中立物品並獲得1場勝利（非冒險）
task_config,1300027,desc,對戰中至少召喚3個黃色命運或藍色平衡物品並獲得1場勝利（非冒險）
task_config,1300028,desc,對戰中至少召喚3個黃色命運或綠色自然物品並獲得1場勝利（非冒險）
task_config,1300029,desc,對戰中至少召喚3個黃色命運或紫色混亂物品並獲得1場勝利（非冒險）
task_config,1300030,desc,對戰中至少召喚3個黃色命運或白色中立物品並獲得1場勝利（非冒險）
task_config,1300031,desc,對戰中至少召喚3個藍色平衡或綠色自然物品並獲得1場勝利（非冒險）
task_config,1300032,desc,對戰中至少召喚3個藍色平衡或紫色混亂物品並獲得1場勝利（非冒險）
task_config,1300033,desc,對戰中至少召喚3個藍色平衡或白色中立物品並獲得1場勝利（非冒險）
task_config,1300034,desc,對戰中至少召喚3個綠色自然或紫色混亂物品並獲得1場勝利（非冒險）
task_config,1300035,desc,對戰中至少召喚3個綠色自然或白色中立物品並獲得1場勝利（非冒險）
task_config,1300036,desc,對戰中至少召喚3個紫色混亂或白色中立物品並獲得1場勝利（非冒險）
task_config,1300037,desc,對戰中至少召喚4個紅色戰爭卡片並獲得1場勝利（非冒險）
task_config,1300038,desc,對戰中至少召喚4個黃色命運卡片並獲得1場勝利（非冒險）
task_config,1300039,desc,對戰中至少召喚4個藍色平衡卡片並獲得1場勝利（非冒險）
task_config,1300040,desc,對戰中至少召喚4個綠色自然卡片並獲得1場勝利（非冒險）
task_config,1300041,desc,對戰中至少召喚4個紫色混亂卡片並獲得1場勝利（非冒險）
task_config,1300042,desc,對戰中至少召喚4個白色中立卡片並獲得1場勝利（非冒險）
task_config,1300043,desc,對戰中至少召喚5個紅色戰爭或黃色命運卡片並獲得1場勝利（非冒險）
task_config,1300044,desc,對戰中至少召喚5個紅色戰爭或藍色平衡卡片並獲得1場勝利（非冒險）
task_config,1300045,desc,對戰中至少召喚5個紅色戰爭或綠色自然卡片並獲得1場勝利（非冒險）
task_config,1300046,desc,對戰中至少召喚5個紅色戰爭或紫色混亂卡片並獲得1場勝利（非冒險）
task_config,1300047,desc,對戰中至少召喚5個紅色戰爭或白色中立卡片並獲得1場勝利（非冒險）
task_config,1300048,desc,對戰中至少召喚5個黃色命運或藍色平衡卡片並獲得1場勝利（非冒險）
task_config,1300049,desc,對戰中至少召喚5個黃色命運或綠色自然卡片並獲得1場勝利（非冒險）
task_config,1300050,desc,對戰中至少召喚5個黃色命運或紫色混亂卡片並獲得1場勝利（非冒險）
task_config,1300051,desc,對戰中至少召喚5個黃色命運或白色中立卡片並獲得1場勝利（非冒險）
task_config,1300052,desc,對戰中至少召喚5個藍色平衡或綠色自然卡片並獲得1場勝利（非冒險）
task_config,1300053,desc,對戰中至少召喚5個藍色平衡或紫色混亂卡片並獲得1場勝利（非冒險）
task_config,1300054,desc,對戰中至少召喚5個藍色平衡或白色中立卡片並獲得1場勝利（非冒險）
task_config,1300055,desc,對戰中至少召喚5個綠色自然或紫色混亂卡片並獲得1場勝利（非冒險）
task_config,1300056,desc,對戰中至少召喚5個綠色自然或白色中立卡片並獲得1場勝利（非冒險）
task_config,1300057,desc,對戰中至少召喚5個紫色混亂或白色中立卡片並獲得1場勝利（非冒險）
task_config,1300058,desc,對戰中贏得一場勝利（非冒險）
task_config,1300059,desc,對戰中消滅6個怪物（非冒險）
task_config,1300060,desc,對戰中使用6個物品（非冒險）
task_config,1300061,desc,對戰中至少召喚4個費用2及以下的怪物（非冒險）
task_config,1300062,desc,對戰中至少召喚5個費用3及以下的怪物（非冒險）
task_config,1300063,desc,對戰中至少召喚6個費用4及以下的怪物（非冒險）
task_config,1300064,desc,對戰中至少召喚5個費用2及以上的怪物（非冒險）
task_config,1300065,desc,對戰中至少召喚4個費用3及以上的怪物（非冒險）
task_config,1300066,desc,對戰中至少召喚3個費用4及以上的怪物（非冒險）
task_config,1300067,desc,對戰中贏得一場勝利（非冒險）
task_config,1300068,desc,對戰中至少召喚4個費用2及以下的物品（非冒險）
task_config,1300069,desc,對戰中至少召喚5個費用3及以下的物品（非冒險）
task_config,1300070,desc,對戰中至少召喚6個費用4及以下的物品（非冒險）
task_config,1300071,desc,對戰中至少召喚5個費用2及以上的物品（非冒險）
task_config,1300072,desc,對戰中至少召喚4個費用3及以上的物品（非冒險）
task_config,1300073,desc,對戰中至少召喚3個費用4及以上的物品（非冒險）
task_config,1300074,desc,對戰中贏得一場勝利（非冒險）
task_config,1300075,desc,對戰中至少召喚4個費用2及以下的卡片（非冒險）
task_config,1300076,desc,對戰中至少召喚5個費用3及以下的卡片（非冒險）
task_config,1300077,desc,對戰中至少召喚6個費用4及以下的卡片（非冒險）
task_config,1300078,desc,對戰中至少召喚5個費用2及以上的卡片（非冒險）
task_config,1300079,desc,對戰中至少召喚4個費用3及以上的卡片（非冒險）
task_config,1300080,desc,對戰中至少召喚3個費用4及以上的卡片（非冒險）
task_config,1300081,desc,對戰中贏得一場勝利（非冒險）
task_config,1300082,desc,完成2次冒險勝利
task_config,1400001,desc,對戰中至少召喚2個紅色戰爭怪物並獲得1場勝利（非冒險）
task_config,1400002,desc,對戰中至少召喚2個黃色命運怪物並獲得1場勝利（非冒險）
task_config,1400003,desc,對戰中至少召喚2個藍色平衡怪物並獲得1場勝利（非冒險）
task_config,1400004,desc,對戰中至少召喚2個綠色自然怪物並獲得1場勝利（非冒險）
task_config,1400005,desc,對戰中至少召喚2個紫色混亂怪物並獲得1場勝利（非冒險）
task_config,1400006,desc,對戰中至少召喚3個紅色戰爭或黃色命運怪物並獲得1場勝利（非冒險）
task_config,1400007,desc,對戰中至少召喚3個紅色戰爭或藍色平衡怪物並獲得1場勝利（非冒險）
task_config,1400008,desc,對戰中至少召喚3個紅色戰爭或綠色自然怪物並獲得1場勝利（非冒險）
task_config,1400009,desc,對戰中至少召喚3個紅色戰爭或紫色混亂怪物並獲得1場勝利（非冒險）
task_config,1400010,desc,對戰中至少召喚3個黃色命運或藍色平衡怪物並獲得1場勝利（非冒險）
task_config,1400011,desc,對戰中至少召喚3個黃色命運或綠色自然怪物並獲得1場勝利（非冒險）
task_config,1400012,desc,對戰中至少召喚3個黃色命運或紫色混亂怪物並獲得1場勝利（非冒險）
task_config,1400013,desc,對戰中至少召喚3個藍色平衡或綠色自然怪物並獲得1場勝利（非冒險）
task_config,1400014,desc,對戰中至少召喚3個藍色平衡或紫色混亂怪物並獲得1場勝利（非冒險）
task_config,1400015,desc,對戰中至少召喚3個綠色自然或紫色混亂怪物並獲得1場勝利（非冒險）
task_config,1400016,desc,對戰中至少召喚2個紅色戰爭物品並獲得1場勝利（非冒險）
task_config,1400017,desc,對戰中至少召喚2個黃色命運物品並獲得1場勝利（非冒險）
task_config,1400018,desc,對戰中至少召喚2個藍色平衡物品並獲得1場勝利（非冒險）
task_config,1400019,desc,對戰中至少召喚2個綠色自然物品並獲得1場勝利（非冒險）
task_config,1400020,desc,對戰中至少召喚2個紫色混亂物品並獲得1場勝利（非冒險）
task_config,1400021,desc,對戰中至少召喚2個白色中立物品並獲得1場勝利（非冒險）
task_config,1400022,desc,對戰中至少召喚3個紅色戰爭或黃色命運物品並獲得1場勝利（非冒險）
task_config,1400023,desc,對戰中至少召喚3個紅色戰爭或藍色平衡物品並獲得1場勝利（非冒險）
task_config,1400024,desc,對戰中至少召喚3個紅色戰爭或綠色自然物品並獲得1場勝利（非冒險）
task_config,1400025,desc,對戰中至少召喚3個紅色戰爭或紫色混亂物品並獲得1場勝利（非冒險）
task_config,1400026,desc,對戰中至少召喚3個紅色戰爭或白色中立物品並獲得1場勝利（非冒險）
task_config,1400027,desc,對戰中至少召喚3個黃色命運或藍色平衡物品並獲得1場勝利（非冒險）
task_config,1400028,desc,對戰中至少召喚3個黃色命運或綠色自然物品並獲得1場勝利（非冒險）
task_config,1400029,desc,對戰中至少召喚3個黃色命運或紫色混亂物品並獲得1場勝利（非冒險）
task_config,1400030,desc,對戰中至少召喚3個黃色命運或白色中立物品並獲得1場勝利（非冒險）
task_config,1400031,desc,對戰中至少召喚3個藍色平衡或綠色自然物品並獲得1場勝利（非冒險）
task_config,1400032,desc,對戰中至少召喚3個藍色平衡或紫色混亂物品並獲得1場勝利（非冒險）
task_config,1400033,desc,對戰中至少召喚3個藍色平衡或白色中立物品並獲得1場勝利（非冒險）
task_config,1400034,desc,對戰中至少召喚3個綠色自然或紫色混亂物品並獲得1場勝利（非冒險）
task_config,1400035,desc,對戰中至少召喚3個綠色自然或白色中立物品並獲得1場勝利（非冒險）
task_config,1400036,desc,對戰中至少召喚3個紫色混亂或白色中立物品並獲得1場勝利（非冒險）
task_config,1400037,desc,對戰中至少召喚4個紅色戰爭卡片並獲得1場勝利（非冒險）
task_config,1400038,desc,對戰中至少召喚4個黃色命運卡片並獲得1場勝利（非冒險）
task_config,1400039,desc,對戰中至少召喚4個藍色平衡卡片並獲得1場勝利（非冒險）
task_config,1400040,desc,對戰中至少召喚4個綠色自然卡片並獲得1場勝利（非冒險）
task_config,1400041,desc,對戰中至少召喚4個紫色混亂卡片並獲得1場勝利（非冒險）
task_config,1400042,desc,對戰中至少召喚4個白色中立卡片並獲得1場勝利（非冒險）
task_config,1400043,desc,對戰中至少召喚5個紅色戰爭或黃色命運卡片並獲得1場勝利（非冒險）
task_config,1400044,desc,對戰中至少召喚5個紅色戰爭或藍色平衡卡片並獲得1場勝利（非冒險）
task_config,1400045,desc,對戰中至少召喚5個紅色戰爭或綠色自然卡片並獲得1場勝利（非冒險）
task_config,1400046,desc,對戰中至少召喚5個紅色戰爭或紫色混亂卡片並獲得1場勝利（非冒險）
task_config,1400047,desc,對戰中至少召喚5個紅色戰爭或白色中立卡片並獲得1場勝利（非冒險）
task_config,1400048,desc,對戰中至少召喚5個黃色命運或藍色平衡卡片並獲得1場勝利（非冒險）
task_config,1400049,desc,對戰中至少召喚5個黃色命運或綠色自然卡片並獲得1場勝利（非冒險）
task_config,1400050,desc,對戰中至少召喚5個黃色命運或紫色混亂卡片並獲得1場勝利（非冒險）
task_config,1400051,desc,對戰中至少召喚5個黃色命運或白色中立卡片並獲得1場勝利（非冒險）
task_config,1400052,desc,對戰中至少召喚5個藍色平衡或綠色自然卡片並獲得1場勝利（非冒險）
task_config,1400053,desc,對戰中至少召喚5個藍色平衡或紫色混亂卡片並獲得1場勝利（非冒險）
task_config,1400054,desc,對戰中至少召喚5個藍色平衡或白色中立卡片並獲得1場勝利（非冒險）
task_config,1400055,desc,對戰中至少召喚5個綠色自然或紫色混亂卡片並獲得1場勝利（非冒險）
task_config,1400056,desc,對戰中至少召喚5個綠色自然或白色中立卡片並獲得1場勝利（非冒險）
task_config,1400057,desc,對戰中至少召喚5個紫色混亂或白色中立卡片並獲得1場勝利（非冒險）
task_config,1400058,desc,對戰中贏得一場勝利（非冒險）
task_config,1400059,desc,對戰中消滅6個怪物（非冒險）
task_config,1400060,desc,對戰中使用6個物品（非冒險）
task_config,1400061,desc,對戰中至少召喚4個費用2及以下的怪物（非冒險）
task_config,1400062,desc,對戰中至少召喚5個費用3及以下的怪物（非冒險）
task_config,1400063,desc,對戰中至少召喚6個費用4及以下的怪物（非冒險）
task_config,1400064,desc,對戰中至少召喚5個費用2及以上的怪物（非冒險）
task_config,1400065,desc,對戰中至少召喚4個費用3及以上的怪物（非冒險）
task_config,1400066,desc,對戰中至少召喚3個費用4及以上的怪物（非冒險）
task_config,1400067,desc,對戰中贏得一場勝利（非冒險）
task_config,1400068,desc,對戰中至少召喚4個費用2及以下的物品（非冒險）
task_config,1400069,desc,對戰中至少召喚5個費用3及以下的物品（非冒險）
task_config,1400070,desc,對戰中至少召喚6個費用4及以下的物品（非冒險）
task_config,1400071,desc,對戰中至少召喚5個費用2及以上的物品（非冒險）
task_config,1400072,desc,對戰中至少召喚4個費用3及以上的物品（非冒險）
task_config,1400073,desc,對戰中至少召喚3個費用4及以上的物品（非冒險）
task_config,1400074,desc,對戰中贏得一場勝利（非冒險）
task_config,1400075,desc,對戰中至少召喚4個費用2及以下的卡片（非冒險）
task_config,1400076,desc,對戰中至少召喚5個費用3及以下的卡片（非冒險）
task_config,1400077,desc,對戰中至少召喚6個費用4及以下的卡片（非冒險）
task_config,1400078,desc,對戰中至少召喚5個費用2及以上的卡片（非冒險）
task_config,1400079,desc,對戰中至少召喚4個費用3及以上的卡片（非冒險）
task_config,1400080,desc,對戰中至少召喚3個費用4及以上的卡片（非冒險）
task_config,1400081,desc,對戰中贏得一場勝利（非冒險）
task_config,1400082,desc,完成2次冒險勝利
periphery_config,1,ladder_desc,成為卡片怪獸大師的第一步：菜雞互啄
periphery_config,2,ladder_desc,雖然被稱為巨人，其實他們的身高也只不過2米出頭
periphery_config,3,ladder_desc,狼蛛的絲和普通蛛絲強度幾乎沒有區別，但是噴射量是普通蜘蛛的20倍
periphery_config,4,ladder_desc,內止懦、外止暴、此為武--蜥蜴長者
periphery_config,5,ladder_desc,為什麼口音如此重的咒語能被成功施放呢？--重傷的法師學徒
periphery_config,6,ladder_desc,夜鯊並非在夜裡出沒才得此名，而是由於其撲騰而起時遮雲蔽日，宛如夜晚降臨
periphery_config,7,ladder_desc,鱷魚總是槍不離身，畢竟這世界上能同時用來玩賭博和輸了賴帳的東西並不多
periphery_config,8,ladder_desc,以風為形、以風為刃…其實不用加熱也行的啦…--元素導師
periphery_config,9,ladder_desc,鳥人族都是射箭的好手，而波坎則宛如弓箭之神
periphery_config,10,ladder_desc,是只鳥？是飛毯？不，是貓騎！--綠穴居人
periphery_config,11,ladder_desc,天哪，我們要發財啦！--龍蝦捕獵者遺言
periphery_config,12,ladder_desc,我！就是力量的化身--的親戚！--藍龍
battle_guide_event_config,1,dialogue_text,來吧！消滅我所有怪獸吧！
battle_guide_event_config,2,dialogue_text,場上沒有怪獸的話，牌組可是會遭殃的哦~
battle_guide_event_config,3,dialogue_text,我的攻擊類型是近戰，因此我只會在1號位進行攻擊T T
battle_guide_event_config,4,dialogue_text,那個...我在1號位無法進行遠端攻擊…
battle_guide_event_config,5,dialogue_text,我的怪獸可是占盡優勢呢！
battle_guide_event_config,6,dialogue_text,哈哈哈哈~
battle_guide_event_config,7,dialogue_text,穿上裝備，我們好好打一場！
battle_guide_event_config,8,dialogue_text,讓我們也穿上裝備吧！
battle_guide_event_config,9,dialogue_text,看來是時候拿出我壓箱底的卡牌了！
battle_guide_event_config,10,dialogue_text,哈哈哈，簡直不痛不癢!
battle_guide_event_config,11,dialogue_text,護甲可以抵禦魔法攻擊以外的所有傷害！
battle_guide_event_config,12,dialogue_text,魔法攻擊？不~~~
battle_guide_event_config,13,dialogue_text,場上沒有怪獸的話，牌組可是會遭殃的哦~
battle_guide_event_config,14,dialogue_text,我的攻擊類型是近戰，因此我只會在1號位進行攻擊T T
battle_guide_event_config,15,dialogue_text,那個...我在1號位無法進行遠端攻擊…
battle_guide_event_config,1,dialogue_name,威爾
battle_guide_event_config,2,dialogue_name,威爾
battle_guide_event_config,3,dialogue_name,雪刃
battle_guide_event_config,4,dialogue_name,清潔少女
battle_guide_event_config,5,dialogue_name,威爾
battle_guide_event_config,6,dialogue_name,威爾
battle_guide_event_config,7,dialogue_name,挑戰者
battle_guide_event_config,8,dialogue_name,雪刃
battle_guide_event_config,9,dialogue_name,挑戰者
battle_guide_event_config,10,dialogue_name,挑戰者
battle_guide_event_config,11,dialogue_name,挑戰者
battle_guide_event_config,12,dialogue_name,挑戰者
battle_guide_event_config,13,dialogue_name,挑戰者
battle_guide_event_config,14,dialogue_name,雪刃
battle_guide_event_config,15,dialogue_name,清潔少女
guide_step_config,1_2,step_info,酒館侍女@嘿，冒險家，怎麼悶悶不樂的，接不到合適的冒險委託？
guide_step_config,1_3,step_info,酒館侍女@不如轉換一下心情，我來教你一個遊戲吧~來吧，很簡單的~威爾，來和這位冒險者玩一局"卡片怪獸"麼？
guide_step_config,3_2,step_info,酒館侍女@真厲害！完全不像是新手呢！這是送給你的獎勵，不用客氣收下吧
guide_step_config,3_3,step_info,酒館侍女@唔，似乎馬上就有新的挑戰者出現了呢，好好利用剛獲得的卡片哦
adventure_config,1,win_target,消滅所有怪獸
adventure_config,2,win_target,消滅指定怪獸
adventure_config,3,win_target,在本回合內勝利
adventure_config,1,play_desc,測試用描述
adventure_config,2,play_desc,測試用描述
adventure_config,3,play_desc,測試用描述
proficiency_config,1,UnlockSkillTitle,濺射攻擊！
proficiency_config,2,UnlockSkillTitle,濺射攻擊！
proficiency_config,3,UnlockSkillTitle,濺射攻擊！
proficiency_config,1,UnlockSkillDesc,你以為躲在後排就沒事了麼？
proficiency_config,2,UnlockSkillDesc,你以為躲在後排就沒事了麼？
proficiency_config,3,UnlockSkillDesc,你以為躲在後排就沒事了麼？
proficiency_config,1,FullDes,完成段位1考試
proficiency_config,2,FullDes,參加1場天梯
proficiency_config,3,FullDes,贏得1場天梯
proficiency_config,1,Fun1Title,段位考試解鎖！
proficiency_config,2,Fun1Title,天梯解鎖！
proficiency_config,2,Fun2Title,鼠潮解鎖！
proficiency_config,2,Fun3Title,怪獸卡槽5解鎖！
proficiency_config,1,LvUpDesc,恭喜你升級啦！
proficiency_config,2,LvUpDesc,恭喜你升級啦！
card_stat_config,1,desc,造成傷害
card_stat_config,2,desc,承受傷害
card_stat_config,3,desc,治療傷害
card_stat_config,4,desc,躲避傷害
card_stat_config,5,desc,消滅怪獸
card_stat_config,6,desc,破壞防具
card_stat_config,7,desc,消滅武器
card_stat_config,8,desc,獲取水晶
card_stat_config,9,desc,反擊傷害
card_stat_config,10,desc,獲得額外護甲值
card_stat_config,11,desc,降低敵方傷害
card_stat_config,12,desc,增加我方傷害
card_stat_config,13,desc,濺射傷害
card_stat_config,14,desc,束縛次數
card_stat_config,15,desc,侵染敵方
