类型,索引,替换目标,文本值(简中）
type,key,object,value
editer,interface/achievement/achievement_panel.csb,msgbox.page_btn1.desc,成就
editer,interface/achievement/achievement_panel.csb,msgbox.page_btn1.desc,成就
editer,interface/achievement/achievement_panel.csb,msgbox.page_btn2.desc,我的足迹
editer,interface/achievement/achievement_panel.csb,msgbox.player_info.desc,我的成就点
editer,interface/achievement/achievement_panel.csb,msgbox.titlebg.title,统计
editer,interface/battle/battle_end/battle_ui_end_panel_lose.csb,end_node.end_desc,失败
editer,interface/battle/battle_end/battle_ui_end_panel_victory.csb,end_node.end_desc,胜利
editer,interface/battle/battle_ui_end_panel.csb,end_node.close_desc,点击屏幕退出
editer,interface/battle/battle_ui_end_panel.csb,end_node.trophies.template.desc,战利品
editer,interface/battle/battle_ui_handcard_panel.csb,sacri_node.titlebg.title,献祭
editer,interface/battle/battle_ui_panel.csb,end_node.close_desc,点击屏幕退出
editer,interface/battle/battle_ui_panel.csb,end_node.trophies.template.desc,战利品
editer,interface/battle/battle_ui_panel.csb,enemy_info.card_monster_detail,剩余怪兽
editer,interface/battle/battle_ui_panel.csb,enemy_status.desc,我想一想...
editer,interface/battle/battle_ui_panel.csb,match_info.enemy_info.level_desc,段
editer,interface/battle/battle_ui_panel.csb,match_info.ourside_info.level_desc,段
editer,interface/battle/battle_ui_panel.csb,match_info.vs.desc,对决
editer,interface/battle/battle_ui_panel.csb,ourside_info.card_monster_detail,剩余怪兽
editer,interface/battle/card_detail_panel.csb,back_btn.desc,返回
editer,interface/battle/sacrifice_panel.csb,sacrifice_panel.cards_panel.battlefield_title,出战卡牌
editer,interface/battle/sacrifice_panel.csb,sacrifice_panel.cards_panel.handcard_title,手牌
editer,interface/battle/sacrifice_panel.csb,sacrifice_panel.desc1,每回合可以献祭一张卡片
editer,interface/battle/sacrifice_panel.csb,sacrifice_panel.desc1.desc2,献祭手牌中的怪兽牌可得到2水晶，其他卡牌可得到1水晶
editer,interface/battle/sacrifice_panel.csb,sacrifice_panel.desc1.exit_btn.desc,取消
editer,interface/battle/setting_panel.csb,msgbox_panel.consume_btn.desc,继续
editer,interface/battle/setting_panel.csb,msgbox_panel.surrender_btn.desc,投降
editer,interface/battle/setting_panel.csb,msgbox_panel.title,战场设置
editer,interface/battle/battle_end/battle_ui_end_panel_lose.csb,confirm_btn.desc,离开
editer,interface/battle/battle_end/battle_ui_end_panel_victory.csb,confirm_btn.desc,离开
editer,interface/battle/battle_end/template_reward.csb,template_reward.title,战利品
editer,interface/chest/cardbag_panel.csb,node.desc,指定刷新时间内每胜利一场即可获取一个老板娘的卡包哦！
editer,interface/chest/cardbag_panel.csb,node.title,补充包
editer,interface/chest/open_cardbag_panel.csb,back_btn.txt,返回
editer,interface/chest/resolve_tip.csb,resolve_tip.desc,分解
editer,interface/chest/resolve_tip2.csb,resolve_tip2.desc,存量大于2张的卡牌将被自动分解
editer,interface/common/reward_panel.csb,node.detailbg.confirm_btn.desc,好的
editer,interface/common/reward_panel.csb,node.detailbg.desc,今日获得以下素材
editer,interface/common/reward_panel.csb,node.title,获得奖励
editer,interface/deck/battlecard_group.csb,battle_cardgroup.title,战斗卡组
editer,interface/deck/battlecard_group.csb,change_tab.tab_item_txt,道具
editer,interface/deck/battlecard_group.csb,change_tab.tab_monster_txt,怪兽
editer,interface/deck/card_detail_panel.csb,node.add_btn.desc,上阵
editer,interface/deck/card_detail_panel.csb,node.create_node.create_btn.desc,制造
editer,interface/deck/card_detail_panel.csb,node.deck_tips_btn.desc,已上阵
editer,interface/deck/card_detail_panel.csb,node.delete_btn.desc,分解
editer,interface/deck/card_detail_panel.csb,node.levelup_btn.desc,升级
editer,interface/deck/filter_panel.csb,filter_btn.desc,筛选器
editer,interface/deck/filter_panel.csb,filter_panel.filter1.all_chk.desc,全部
editer,interface/deck/filter_panel.csb,filter_panel.filter1.consume_chk.desc,消耗品
editer,interface/deck/filter_panel.csb,filter_panel.filter1.equip_chk.desc,装备
editer,interface/deck/filter_panel.csb,filter_panel.filter1.monster_chk.desc,怪兽
editer,interface/deck/filter_panel.csb,filter_panel.filter1.title,卡牌类型
editer,interface/deck/filter_panel.csb,filter_panel.filter2.entire_chk.desc,全部
editer,interface/deck/filter_panel.csb,filter_panel.filter2.title,卡牌颜色
editer,interface/deck/filter_panel.csb,filter_panel.filter3.checkbox1.desc,全部
editer,interface/deck/filter_panel.csb,filter_panel.filter3.title,水晶消耗
editer,interface/deck/filter_panel.csb,filter_panel.filter4.checkbox1.desc,全部
editer,interface/deck/filter_panel.csb,filter_panel.filter4.checkbox2.desc,普通
editer,interface/deck/filter_panel.csb,filter_panel.filter4.checkbox3.desc,罕见
editer,interface/deck/filter_panel.csb,filter_panel.filter4.checkbox4.desc,史诗
editer,interface/deck/filter_panel.csb,filter_panel.filter4.checkbox5.desc,传说
editer,interface/deck/filter_panel.csb,filter_panel.filter4.title,卡牌品质
editer,interface/deck/levellist_panel.csb,bg.head.cost.cost_desc,卡费
editer,interface/deck/levelup_panel.csb,node.detailbg.title.name,升级所需材料
editer,interface/deck/levelup_panel.csb,node.title,升级卡牌
editer,interface/deck/resolve_panel.csb,node.detailbg.confirm_btn.desc,确认
editer,interface/deck/resolve_panel.csb,node.detailbg.desc,分解该卡牌将获得如下素材，是否确认分解？
editer,interface/deck/resolve_panel.csb,node.title,分解卡牌
editer,interface/deck/resolve_panel.csb,node.detailbg.title.name,可分解得到
editer,interface/download_panel.csb,loading_bg.desc,更新到版本
editer,interface/friend/friend_add_panel.csb,msgbox.page_btn1.desc,搜索好友
editer,interface/friend/friend_add_panel.csb,msgbox.page_btn2.desc,待开放
editer,interface/friend/friend_add_panel.csb,msgbox.page_btn3.desc,待开放
editer,interface/friend/friend_add_panel.csb,msgbox.the_bg.find_node.result.result1,无搜索结果
editer,interface/friend/friend_add_panel.csb,msgbox.the_bg.find_node.result.result2.confirm_btn.desc,发送好友申请
editer,interface/friend/friend_add_panel.csb,msgbox.titlebg.title,添加好友
editer,interface/friend/friend_chat_panel.csb,msgbox.chat_node.enter_btn.desc,发送
editer,interface/friend/friend_chat_panel.csb,msgbox.titlebg.title,好友
editer,interface/friend/friend_list_panel.csb,msgbox.list_node.add_btn.desc,+好友
editer,interface/friend/friend_list_panel.csb,msgbox.list_node.message_btn.desc,通知
editer,interface/friend/friend_list_panel.csb,msgbox.list_node.page_btn2.desc,待开放
editer,interface/friend/friend_list_panel.csb,msgbox.list_node.template.the_normal_node.fight_btn.desc,切磋
editer,interface/friend/friend_list_panel.csb,msgbox.titlebg.title,好友
editer,interface/friend/friend_message_panel.csb,node.desc,不再接受好友申请
editer,interface/friend/friend_message_panel.csb,node.template.cancel_btn.desc,拒绝
editer,interface/friend/friend_message_panel.csb,node.template.confirm_btn.desc,同意
editer,interface/friend/friend_message_panel.csb,node.titlebg.title,通知
editer,interface/friend/friend_panel.csb,msgbox.chat_node.textfield,点击输入
editer,interface/ladder/intro_list_panel.csb,template.reward_desc,赛季末奖励
editer,interface/ladder/intro_list_panel.csb,title,天梯段位一览
editer,interface/ladder/ladder_panel.csb,info_desc,天梯赛规则
editer,interface/login_panel.csb,login_btn.other.desc,Game Center登录
editer,interface/login_panel.csb,logo.start_txt,点击开始
editer,interface/login_panel.csb,npc.bubblebg.desc,来一盘Card Monsters吧！
editer,interface/login_panel.csb,tip,欢迎加入《卡片怪兽》玩家群：512320709\n群内活动丰富，基友众多，欢迎萌新&大佬
editer,interface/mail/mailbox_panel.csb,node.mail_detailbg.confirm_btn.desc,领取奖励
editer,interface/mail/mailbox_panel.csb,node.mail_detailbg.read_icon.desc,已阅
editer,interface/mail/mailbox_panel.csb,node.mail_template.read_icon.desc,已阅
editer,interface/mail/mailbox_panel.csb,node.title,鹦鹉快讯
editer,interface/pve/main_pve_list.csb,pve_list.template1.name,鼠潮来袭
editer,interface/pve/main_pve_list.csb,pvelist.template1.name,鼠潮来袭
editer,interface/pve/main_pve_list.csb,pvelist.template2.name,怪兽靶场
editer,interface/pve/pve_cardgroup_panel.csb,node.cardgroup_list.cardgroup_btn2,我的牌组
editer,interface/pve/pve_cardgroup_panel.csb,node.times.desc,今日剩余次数
editer,interface/pve/pve_panel.csb,level_info.level_list.level_template.lock_node.desc,需通过上一难度
editer,interface/pve/pve_panel.csb,level_info.level_list.level_template.unfinished_node.reward_desc,通关奖励
editer,interface/setting/account_panel.csb,msgbox.desc,请关联第三方账号保存您的游戏进度，这样您可以在任意设备上玩卡片怪兽了
editer,interface/setting/account_panel.csb,msgbox.titlebg.title,账号关联
editer,interface/setting/account_panel.csb,msgbox.transform_btn.desc,切换账号
editer,interface/setting/cdkey_panel.csb,msgbox.confirm_btn.desc,确认
editer,interface/setting/cdkey_panel.csb,msgbox.titlebg.title,兑换礼品码
editer,interface/setting/global_setting_panel.csb,msgbox.login_btn.btn2.desc,兑换礼品码
editer,interface/setting/global_setting_panel.csb,msgbox.login_btn.btn3.desc,账号关联
editer,interface/setting/global_setting_panel.csb,msgbox.titlebg.title,设置
editer,interface/task/task_normal_node.csb,normal_node.title1,任务目标
editer,interface/task/task_normal_node.csb,normal_node.title2,任务奖励
editer,interface/task/task_normal_node.csb,normal_node.transform_btn.desc,刷新
editer,interface/task/task_panel.csb,msgbox.page_btn2.desc,任务
editer,interface/task/task_panel.csb,node.titlebg.title,任务
editer,interface/task/task_waiting_node.csb,waitting_node.title,接到下个任务还需
editer,interface/world/deck_panel.csb,cardbook.book.page.title,我的牌本
editer,interface/world/deck_panel.csb,cardbook_btn.desc,我的收藏
editer,interface/world/deck_panel.csb,create_btn.desc,制造卡牌
editer,interface/world/deck_panel.csb,create_node.node.bg.desc1,怪兽粉末
editer,interface/world/deck_panel.csb,create_node.node.bg2.desc1,道具粉末
editer,interface/world/deck_panel.csb,create_node.node.topbg.title,制造卡牌
editer,interface/world/friendfight_panel.csb,msgbox.step1.champion_desc,获得冠军次数
editer,interface/world/friendfight_panel.csb,msgbox.step1.create_btn.desc,创建比赛房间
editer,interface/world/friendfight_panel.csb,msgbox.step1.desc,每个房间满足4人参加方可开战；4人随机两两配对进行半决赛，失败的2人退出房间，胜利的2人留在房间继续进行决赛决出冠军。
editer,interface/world/friendfight_panel.csb,msgbox.step1.enter_btn.desc,加入
editer,interface/world/friendfight_panel.csb,msgbox.step1.textfield,请输入房间编号
editer,interface/world/friendfight_panel.csb,msgbox.step2.copy_btn.desc,退出比赛房间
editer,interface/world/friendfight_panel.csb,msgbox.step2.slot1.enter_node.fight_desc,对战中
editer,interface/world/friendfight_panel.csb,msgbox.step2.slot2.enter_node.fight_desc,对战中
editer,interface/world/friendfight_panel.csb,msgbox.step2.slot3.enter_node.fight_desc,对战中
editer,interface/world/friendfight_panel.csb,msgbox.step2.slot4.enter_node.fight_desc,对战中
editer,interface/world/help_btn.csb,setting.desc,新手帮助
editer,interface/world/help_btn.csb,helpbtn.desc,新手帮助
editer,interface/world/help_panel.csb,back_btn.desc,返回
editer,interface/world/help_panel.csb,pageview.page0.desc1,问与答 1
editer,interface/world/help_panel.csb,pageview.page0.desc2,问：为什么不能取名字？而是随机ID？\n答：目前由于没有账号系统，所以采用了直接进入游戏，随机分配ID的形式。我们会考虑增加玩家可自己起名的系统。\n\n问：为什么没有新手引导？\n答：由于《卡片怪兽》还处于测试阶段，众多核心玩法还没实装。按照基本流程，每个核心玩法都应该有相应的新手引导，所以目前暂时
editer,interface/world/help_panel.csb,pageview.page1.desc1,左边是物品卡
editer,interface/world/help_panel.csb,pageview.page1.desc2,右边是怪兽卡
editer,interface/world/help_panel.csb,pageview.page1.desc3,剩余数量
editer,interface/world/help_panel.csb,pageview.page1.desc4,自己
editer,interface/world/help_panel.csb,pageview.page1.desc5,卡牌分为怪兽卡与物品卡（装备卡与消耗卡）。只有怪兽能上场，装备卡必须装备在同色的怪兽上
editer,interface/world/help_panel.csb,pageview.page2.desc1,自己
editer,interface/world/help_panel.csb,pageview.page2.desc2,接口下方的献祭按钮，可以把自己的卡牌献祭，以获得更多的水晶
editer,interface/world/help_panel.csb,pageview.page3.desc1,对手
editer,interface/world/help_panel.csb,pageview.page3.desc2,开始键
editer,interface/world/help_panel.csb,pageview.page3.desc3,当怪兽放好后，点击战斗图示就可以进行攻击。如果场上没有怪兽而点击开始键，就会受到“惩罚”
editer,interface/world/help_panel.csb,pageview.page4.desc1,对手
editer,interface/world/help_panel.csb,pageview.page4.desc2,剩余怪兽
editer,interface/world/help_panel.csb,pageview.page4.desc3,对手怪兽剩余数量
editer,interface/world/help_panel.csb,pageview.page4.desc4,游戏为回合制，直到一方的怪兽卡全部被消灭，分出胜负
editer,interface/world/help_panel.csb,pageview.page5.desc1,对手
editer,interface/world/help_panel.csb,pageview.page5.desc2,前排
editer,interface/world/help_panel.csb,pageview.page5.desc3,后排
editer,interface/world/help_panel.csb,pageview.page5.desc4,后排
editer,interface/world/help_panel.csb,pageview.page5.desc5,前排
editer,interface/world/help_panel.csb,pageview.page5.desc6,后排
editer,interface/world/help_panel.csb,pageview.page5.desc7,后排
editer,interface/world/help_panel.csb,pageview.page5.desc8,自己
editer,interface/world/help_panel.csb,pageview.page5.desc9,近战只有在1号位才能进攻对方1号位目标
editer,interface/world/help_panel.csb,pageview.page6.desc1,对手
editer,interface/world/help_panel.csb,pageview.page6.desc2,前排
editer,interface/world/help_panel.csb,pageview.page6.desc3,后排
editer,interface/world/help_panel.csb,pageview.page6.desc4,后排
editer,interface/world/help_panel.csb,pageview.page6.desc5,前排
editer,interface/world/help_panel.csb,pageview.page6.desc6,后排
editer,interface/world/help_panel.csb,pageview.page6.desc7,后排
editer,interface/world/help_panel.csb,pageview.page6.desc8,自己
editer,interface/world/help_panel.csb,pageview.page6.desc9,远程只有在2号位和3号位才能进攻他的攻击目标有固定的优先级(图中的1-2-3）
editer,interface/world/help_panel.csb,pageview.page7.desc1,对手
editer,interface/world/help_panel.csb,pageview.page7.desc2,前排
editer,interface/world/help_panel.csb,pageview.page7.desc3,后排
editer,interface/world/help_panel.csb,pageview.page7.desc4,后排
editer,interface/world/help_panel.csb,pageview.page7.desc5,前排
editer,interface/world/help_panel.csb,pageview.page7.desc6,后排
editer,interface/world/help_panel.csb,pageview.page7.desc7,后排
editer,interface/world/help_panel.csb,pageview.page7.desc8,自己
editer,interface/world/help_panel.csb,pageview.page7.desc9,魔法攻击可以在任何位置进行攻击魔法的攻击优先是在正对面，如果对面没有目标就会攻击侧面的目标
editer,interface/world/help_panel.csb,pageview.page8.desc1,对手
editer,interface/world/help_panel.csb,pageview.page8.desc2,近战或弓箭攻击会优先对“护甲”造成相应的伤害魔法攻击会无视护甲直接造成伤害
editer,interface/world/help_panel.csb,pageview.page9.desc1,问与答 2
editer,interface/world/help_panel.csb,pageview.page9.desc2,问：为什么任务以外的战斗无法获得卡包？\n答：目前由于其他玩法和系统还未上线，所以各位勇者只能每天8点和20点通过酒馆老板娘发布的任务来获得卡包。之后等到其他玩法和系统上线之后，勇者们获得卡包的途径将增多！\n\n问：为什么战斗无法获得经验、金币和其他素材？\n答：我们非常了解勇者您迫切想要LVUP，并且打败大魔
editer,interface/world/help_panel.csb,title,简易新手帮助
editer,interface/world/ladder_panel.csb,node.info_desc,每小时刷新一次排名
editer,interface/world/ladder_panel.csb,node.page_btn1.desc,全球榜
editer,interface/world/ladder_panel.csb,node.page_btn2.desc,好友榜
editer,interface/world/ladder_panel.csb,node.titlebg.title,排行榜
editer,interface/world/ladder_panel.csb,node.top_btn.desc,回到顶部
editer,interface/world/main_panel.csb,achievement.desc,成就
editer,interface/world/main_panel.csb,cardbag.desc,补充包
editer,interface/world/main_panel.csb,cardbook.desc,我的牌本
editer,interface/world/main_panel.csb,community.desc,小区
editer,interface/world/main_panel.csb,event.tip,约战房
editer,interface/world/main_panel.csb,friend.desc,好友
editer,interface/world/main_panel.csb,ladder.desc,排行榜
editer,interface/world/main_panel.csb,mailbox.desc,鹦鹉快讯
editer,interface/world/main_panel.csb,pvebtn.desc,冒险
editer,interface/world/main_panel.csb,pvpbtn.desc,匹配战斗
editer,interface/world/main_panel.csb,reward_tip.desc,每日奖励
editer,interface/world/main_panel.csb,setting.desc,设置
editer,interface/world/main_panel.csb,setting2.desc,设置
editer,interface/world/main_panel.csb,task.desc,任务板
editer,interface/world/main_panel.csb,task.desc,任务
editer,interface/world/main_panel.csb,tip,一群已满，欢迎加入测试二群：579381004
editer,interface/world/match_panel.csb,msgbox.bubble_bg.desc,决定就是你了！
editer,interface/world/match_panel.csb,msgbox.desc,寻找对手中...
editer,interface/battle/battle_end2/mvp_node.csb,panel.title,全场最佳
editer,interface/battle/battle_end2/reward_template.csb,panel.title,奖励
text,lost_connection,,服务器连接中断
text,unconnected,,服务器未连接
text,send_time_out,,操作请求超时
text,battle_pvp_text,,第%d回合
text,own_monster_num,,怪兽%d
text,own_item_num,,装备%d
text,battle_started,,准备开始
text,card_type_monster,,怪兽卡
text,card_type_armor,,护甲卡
text,card_type_equip,,武器卡
text,card_type_consume,,消耗卡
text,operation_card_level_up,,可升%d张卡
text,operation_card_detail,,卡牌明细
text,fight_deck_name,,战斗卡组 %d
text,arena_stage_wait_desc,,匹配对战
text,arena_stage_match_desc,,取消匹配
text,sacrifice_error,,每回合仅能献祭一次
text,deck_is_null,,卡组不存在
text,card_is_null,,卡牌不存在
text,card_config_is_null,,卡牌数据不存在
text,deck_monster_full,,加入怪兽卡组失败
text,deck_item_full,,加入道具卡组失败
text,deck_same_card_limit,,同样的卡不能超过3张
text,battle_is_null,,你不在战斗中
text,battle_hand_card_is_null,,手牌不存在
text,battle_crystal_not_enough,,水晶不足
text,battle_target_card_is_null,,没有目标
text,battle_monster_kind_not_match,,只能装在同色怪兽身上
text,battle_consume_own_deploy_fail,,无法对我方使用此卡
text,battle_consume_enemy_deploy_fail,,无法对敌方使用此卡
text,common_confirm,,确 定
text,common_cancel,,取 消
text,common_close,,关 闭
text,unknown_error,,未知错误
text,package_decompress_err_title,,解压失败
text,package_decompress_err,,解压失败
text,package_decompress_err_confirm1,,退出游戏
text,package_decompress_err_confirm2,,重新下载
text,package_version_too_low_title,,版本过低
text,package_version_too_low,,你当前的游戏版本过低，游戏将关闭。
text,package_update_title,,游戏更新
text,package_update,,本次热更新大小:%.2f Mb，是否马上进行更新？
text,network_unable_connect_title,,连接失败
text,network_unable_connect,,无法连接到服务器，请检查你的网络设置
text,network_unable_connect_confirm,,重新连接
text,network_unable_connect_close,,关 闭
text,network_unable_connect_cancel,,取 消
text,network_unable_connect_login,,返回登录
text,game_exit_title,,退出游戏提示
text,game_exit_desc,,确定要离开卡片怪兽吗？
text,game_exit_confirm,,退出
text,game_exit_cancel,,返回
text,online_player_desc,,在线%d人
text,world_home_btn,,主页
text,world_deck_btn,,卡组
text,card_level_desc,,Lv%d
text,tips_random_desc,,小提示:%s
text,deck_chest_time_over,,即可
text,chest_money_desc,,%d-%d金币
text,chest_card_desc,,%d卡牌
text,chest_is_empty,,卡包是空的
text,chest_is_time_out,,开启卡包时候还未到
text,chest_chest_opening,,有卡包正在开启中
text,chest_stage_open,,开启倒计时
text,chest_stage_use,,撕开卡包
text,chest_time_desc,,%s后开启
text,chest_nofiy_desc,,%s已经可以开启
text,card_quality_narmal,,普通
text,card_quality_rare,,罕见
text,card_quality_rarity,,史诗
text,card_quality_epic,,传说
text,battle_result_win,,胜利
text,battle_result_lose,,失败
text,battle_round_own,,你的回合
text,battle_round_first,,先手
text,battle_round_after,,后手
text,battle_power_desc,,卡组强度%d
text,battle_exit_title,,战场提示
text,battle_exit_desc,,您的战斗已经结束,请按确定键退出战斗
text,battle_exit_confirm,,确定
text,arena_level_desc,,牌手%d段
text,slot_detail_title_status,,附加状态
text,slot_detail_title_power,,说明
text,slot_detail_title_buff,,增益状态
text,slot_detail_title_debuff,,减益状态
text,own_deck_penalty,,我方消极惩罚
text,enemy_deck_penalty,,敌方消极惩罚
text,un_sacrifice_target,,没有选择任何卡牌
text,mail_send_user_name,,寄件人:%s
text,mail_system_offline,,邮件系统尚未上线
text,mail_is_null,,没有找到此邮件
text,chest_have_card_num,,共有卡片x%d
text,chest_quality_at_least,,至少含%s卡x%d
text,refresh_time_desc,,刷新时间: %s
text,extra_crystal_use_desc,,【额外水晶】技能只能通过献祭触发
text,user_is_ban,,账号被封停,请联系GM
text,service_is_close,,服务器尚未开启，请稍后再试
text,nofiy_refresh_time_desc,,老板娘的补充包已刷新
text,deck_limit_desc,,%s仅能上阵%d张
text,card_num_not_enough,,卡牌数量不足
text,card_is_max_level,,该卡牌已达最高等级！
text,resource_money_not_enough,,金币不足
text,resource_coin_not_enough,,血钻不足
text,card_not_resolve,,该卡牌无法分解！
text,card_upgrade_success,,升级成功
text,card_resolve_success,,分解成功
text,cardgroup_info_num,,%d号套牌
text,monster_property_card,,怪兽牌
text,the_property_card,,道具牌
text,the_battle_card,,手牌
text,input_room_num,,请输入四位数字房间号
text,room_not_exist,,房间不存在
text,room_is_full,,比赛已经开始，无法加入
text,challenge_3,,比赛已经开始，无法加入
text,challenge_4,,成功加入比赛
text,challenge_5,,等待玩家
text,challenge_6,,（我）
text,the_countdown_began,,人员到齐，准备开战！
text,challenge_prompt_txt,,确认退出比赛吗？
text,fail_the_battle,,已被淘汰
text,you_are_win,,你获胜了！
text,you_are_lose,,你失败了！
text,win_the_semifinals,,恭喜您赢得半决赛！
text,challenge_room_number,,编号 %d 房间
text,challenge_room_name,,四人约战房
text,wait_for_people,,等待玩家
text,in_the_battle,,对战中
text,ail_the_battle,,淘汰
text,add_QQ,,一群已满，欢迎加入测试二群：579381004
text,add_facebook,,请关注facebook粉丝团“卡片怪兽或Card Monsters”
text,challenge_prompt,,退出约战
text,the_countdown_numer1,,1
text,the_countdown_numer2,,2
text,the_countdown_numer3,,3
text,this_is_me,,（我）
text,item_num_not_enough,,道具不足
text,please_input_room,,请输入房间号
text,create_room_failed,,创建房间失败
text,the_card_handbook,,卡牌图鉴
text,my_card_handbook,,我的卡本
text,prop_powder_num,,%d怪兽粉末
text,monster_powder_num,,%d道具粉末
text,powder_not_enough,,怪物粉末不足
text,item_powder_not_enough,,道具粉末不足
text,card_compose_success,,合成成功
text,card_only_two,,已到达该卡制造数量上限
text,rank_win_lose_value,,%s胜/%s负
text,user_rank_info,,你的排名(下次刷新时间：%s)
text,rank_info_name,,奖杯数 说明
text,rank_info_desc,,匹配战斗胜利可以增加奖杯数，反之会降低。
text,user_not_in_rank,,很抱歉，您没有入榜
text,user_in_rank,,你的排名（每小时刷新）
text,battle_immunity_consume_card,,拥有【免疫】技能的怪兽无法成为消耗品的目标
text,compose_limit_desc,,超过合成上限
text,card_not_compose,,无法合成
text,enemy_match_ready_desc,,等待进入战场
text,ourside_match_ready_desc,,准备就绪
text,rank_elo_name,,ELO:
text,user_in_world_rank,,你的全球排名
text,user_in_friend_rank,,你的好友排名
text,user_country_empty,,未知地区
text,user_world_rank_number,,/全球%d名
text,user_friend_rank_number,,好友中的奖杯数排名:%d
text,normal_friend_online,,普通(在线%d)
text,friend_fight,,切磋
text,friend_fight_countdown,,%d秒
text,title_delete_friend_normal,,删除普通好友
text,desc_delete_friend_normal,,确认删除该好友？
text,friend_setting_desc,,编辑
text,friend_chatting_title,,与%s在聊天
text,friend_chatting_emptytext,,信息不能为空
text,pve_misson1_title,,— 鼠潮来袭 —
text,pve_misson1_confition,,胜利条件：消灭10个沙鼠\n失败条件：我方怪兽全灭
text,pve_misson1_tip,,＊消灭鼠患，人人有责
text,pve_misson1_tip2,,＊超挑战难度（策划手抖的临时产物）！此难度适合喜欢自虐的玩家自娱自乐
text,pve_misson2_title,,— 怪兽靶场 —
text,pve_misson2_confition,,胜利条件：消灭任意7个靶子\n 失败条件：我方怪兽全灭 或 敌方水晶数达到50
text,pve_misson2_tip,,＊灵活的应用各种攻击方式是战胜对手的关键！精准的命中靶子，并避开那些炸弹靶子吧！
text,pve_day_limit_desc,,牌组选择
text,pve_cardgroup_mission,,租用牌组
text,pve_cardgroup_ourside,,我的牌组
text,pve_cardgroup_limit,,周%s限定：至少上阵%d张%s色怪兽牌
text,pve_startbtn_limit,,缺%d张%s色怪兽牌
text,pve_startbtn_normal,,进入关卡
text,pve_startbtn_times,,今日次数不足
text,mission_difficulty_desc,,关卡难度%d★
text,pve_battle_mission1_desc,,击杀所有沙鼠
text,pve_battle_mission2_desc,,在敌方达到50水晶前消灭%d个靶子
text,input_friend_num,,输入用户编号
text,input_chat_word,,输入聊天信息
text,the_hp_desc,,血量
text,the_armor_desc,,护甲
text,please_input_id,,搜索不到该编号
text,invite_battle_prompt,,好友切磋
text,battle_with_friend,,切磋申请已发出，等待回复
text,friend_online_state,,在线
text,friend_outline_state_day,,上次在线 %d天前
text,friend_outline_state_hour,,上次在线 %d小时前
text,friend_fight_state,,正在战斗
text,friend_fightbtn_cancel,,取消切磋
text,invited_battle_prompt,,好友切磋
text,invited_battle_with_friend,,%s向你发出切磋申请，是否接受？
text,invited_fight_msgbox_confirm,,接受
text,invited_fight_msgbox_cancel,,拒绝
text,tip_friend_fight_state,,该好友正在战斗
text,tip_friend_outline_state,,该好友已经下线
text,pve_finished_desc,,关卡难度%d★已通过！
text,user_not_exist,,该玩家不存在
text,user_already_friend,,该玩家已经是你的好友
text,user_not_be_added,,该玩家拒绝任何好友请求
text,user_not_online,,该玩家不在线
text,user_is_fighting,,该玩家正在战斗中
text,user_is_matching,,该玩家正在匹配中
text,friend_invite_not_time,,邀请时间没到
text,user_is_myself,,不能添加自己为好友
text,friend_is_inviting,,该玩家正在被邀请
text,user_not_add_list,,该玩家不在列表中
text,not_friend_ship,,不是好友关系
text,user_already_request_add,, 已经申请过加好友
text,refuse_friend_success,,拒绝邀请成功
text,send_add_friend_success,,成功发出申请
text,add_friend_success,,好友添加成功
text,delete_friend_success,,删除好友成功
text,people_is_online,,在线
text,people_is_offline,,脱机
text,people_is_fighting,,战斗中
text,people_is_matching,,匹配中
text,people_is_inviting,,邀请中
text,task_free_refresh_desc,,今日免费刷新次数 %d/%d
text,task_progress_desc,,进度%d/%d
text,task_daily_last_num,,今日还可完成任务:%d
text,join_room_failed,,加入房间失败
text,filter_close_desc,,筛选器
text,filter_open_desc,,确定
text,account_bind_success_t,,平台%s绑定成功
text,account_bind_state1,,关联%s
text,account_bind_state2,,%s正在关联
text,account_bind_state3,,%s已关联
text,account_login_state1,,%s登录
text,account_login_state2,,%s正在登录
text,account_bind_name_wc,,微信
text,account_bind_name_yk,,游客
text,account_bind_name_bd,,%s绑定
text,account_bind_alert,,该%s账号已关联过另一个游戏进度 是否切换？（未关联账号可能会丢失本地数据）
text,account_bind_log_tips,,请确保您已在【设置】->【GameCenter】中登录账号
text,account_bind_log_tips1,,游客玩家请先关联再切换
text,login_auth_error,,账号验证失败,请稍后再试
text,achievement_name_1,,广结好友
text,achievement_name_2,,绝无敌手
text,achievement_name_4,,我即传说
text,achievement_name_5,,这是史诗
text,achievement_name_6,,冒险日记
text,achievement_name_7,,好友假打
text,achievement_name_8,,战个痛快
text,achievement_name_9,,我是冠军
text,achievement_name_11,,连战连捷
text,achievement_desc_1,,拥有%d个好友\n奖励：获取成就点%d
text,achievement_desc_2,,获得匹配战胜利%d场\n奖励：获取成就点%d
text,achievement_desc_4,,获得传说卡片%d张\n奖励：获取成就点%d
text,achievement_desc_5,,获得史诗卡片%d张\n奖励：获取成就点%d
text,achievement_desc_6,,登录%d天\n奖励：获取成就点%d
text,achievement_desc_7,,与好友切磋%d场\n奖励：获取成就点%d
text,achievement_desc_8,,参与约战%d场\n奖励：获取成就点%d
text,achievement_desc_9,,获得约战冠军%d次\n奖励：获取成就点%d
text,achievement_desc_11,,获得三连胜%d次\n奖励：获取成就点%d
text,pve_play_not_open,,该玩法未开放
text,pve_difficulty_error,,选择难度是错的
text,pve_attack_type_error,,上阵类型是错的
text,pve_fight_data_error,,出战数据是错的
text,pve_count_not_enough,,次数不够
text,task_reward_failed,,领任务奖励失败
text,achievement_reward_failed,,领成就奖励失败
text,task_reset_failed,,重置失败
text,pve_no_limit,,牌组无限制
text,task_daily_clean,,今天的任务已完成，请明天再来吧
text,task_reward_desc,,你获得以下任务奖励
text,achievement_reward_desc,,你获得以下成就奖励
text,task_complete,,领取奖励
text,friend_title,,好友中的奖杯排名：%d
text,friend_name,,玩家名字#%s
text,invited_fight_msgbox_response,,%s拒绝了你的邀请
text,invited_fight_msgbox_title,,好友对战
text,arena_info_name,,天梯赛规则
text,arena_info_desc,,每个赛季末，将会根据您的当赛季最高排名发放赛季奖励
text,arena_fight_msgbox_cancel,,%s取消了切磋请求
text,pvp_confirm_btn_value,,匹配战斗
text,battle_result_tips_info,,已达今日上限
text,arena_bar_text,,到下一段位还需:%s
text,pve_first_reward_desc,,通关奖励
text,pve_reward_desc,,通关奖励
text,loading_desc,,版本更新
text,guide_name_1,,威尔
text,guide_name_2,,挑战者
text,enter_cdkey_code,,点击输入礼品码
text,redeem_failed,,兑换失败
text,redeem_code_invalid,,礼品码无效
text,redeem_code_used,,该礼品码已经被使用过了
text,gift_already_got,,礼包已被领取
text,redeem_code_error,,礼品码错误
text,equip_target_card_is_null,,装备卡必须装备在怪兽身上
text,adv_skilled_exam,,牌手等级%d 升级考试
text,exam_college,,牌手学院
text,exam_college_skilled,,1级熟练度满后解锁
text,progress_text,,进度
text,gerbil_tide_title,,— 鼠潮来袭 —
text,adv_main_title,,冒险
text,battle_result_lost_desc,,请再接再厉
text,battle_result_win_desc,,恭喜你
text,battle_result_enemy,,敌方
text,battle_result_self,,友方
text,battle_result_synthesis_desc,,您尚未拥有这张卡，是否前往合成？
text,battle_result_upgrade_desc,,您已拥有这张卡，是否前往升级？
text,upgrade_level,, 牌手等级
text,upgrade_award,,奖励
card_config,110011,name,绿穴居人
card_config,110012,name,绿穴居人
card_config,110013,name,绿穴居人
card_config,110014,name,绿穴居人
card_config,110015,name,绿穴居人
card_config,110021,name,疯山羊
card_config,110022,name,疯山羊
card_config,110023,name,疯山羊
card_config,110024,name,疯山羊
card_config,110025,name,疯山羊
card_config,110031,name,巨人
card_config,110032,name,巨人
card_config,110033,name,巨人
card_config,110034,name,巨人
card_config,110035,name,巨人
card_config,110036,name,巨人
card_config,110041,name,迷失的探险者
card_config,110042,name,迷失的探险者
card_config,110043,name,迷失的探险者
card_config,110044,name,迷失的探险者
card_config,110045,name,迷失的探险者
card_config,110051,name,狼骑兵
card_config,110052,name,狼骑兵
card_config,110053,name,狼骑兵
card_config,110054,name,狼骑兵
card_config,110055,name,狼骑兵
card_config,110056,name,狼骑兵
card_config,110061,name,无头骑士
card_config,110062,name,无头骑士
card_config,110063,name,无头骑士
card_config,110064,name,无头骑士
card_config,110065,name,无头骑士
card_config,110066,name,无头骑士
card_config,110071,name,秃鹰守卫
card_config,110072,name,秃鹰守卫
card_config,110073,name,秃鹰守卫
card_config,110074,name,秃鹰守卫
card_config,110075,name,秃鹰守卫
card_config,110076,name,秃鹰守卫
card_config,110077,name,秃鹰守卫
card_config,110081,name,沙漠袭击者
card_config,110082,name,沙漠袭击者
card_config,110083,name,沙漠袭击者
card_config,110084,name,沙漠袭击者
card_config,110085,name,沙漠袭击者
card_config,110086,name,沙漠袭击者
card_config,110091,name,红龙
card_config,110092,name,红龙
card_config,110093,name,红龙
card_config,110094,name,红龙
card_config,110095,name,红龙
card_config,110096,name,红龙
card_config,110097,name,红龙
card_config,110098,name,红龙
card_config,110101,name,双斧
card_config,110102,name,双斧
card_config,110103,name,双斧
card_config,110104,name,双斧
card_config,110105,name,双斧
card_config,110106,name,双斧
card_config,110111,name,食人兔
card_config,110112,name,食人兔
card_config,110113,name,食人兔
card_config,110114,name,食人兔
card_config,110115,name,食人兔
card_config,110116,name,食人兔
card_config,110117,name,食人兔
card_config,110118,name,食人兔
card_config,110121,name,炸弹神父
card_config,110122,name,炸弹神父
card_config,110123,name,炸弹神父
card_config,110124,name,炸弹神父
card_config,110125,name,炸弹神父
card_config,110126,name,炸弹神父
card_config,110127,name,炸弹神父
card_config,110131,name,渔夫
card_config,110132,name,渔夫
card_config,110133,name,渔夫
card_config,110134,name,渔夫
card_config,110135,name,渔夫
card_config,110136,name,渔夫
card_config,110137,name,渔夫
card_config,110141,name,猫骑兵
card_config,110142,name,猫骑兵
card_config,110143,name,猫骑兵
card_config,110144,name,猫骑兵
card_config,110145,name,猫骑兵
card_config,110146,name,猫骑兵
card_config,110147,name,猫骑兵
card_config,110148,name,猫骑兵
card_config,110151,name,恶魔斯诺曾
card_config,110152,name,恶魔斯诺曾
card_config,110153,name,恶魔斯诺曾
card_config,110154,name,恶魔斯诺曾
card_config,110155,name,恶魔斯诺曾
card_config,110156,name,恶魔斯诺曾
card_config,110157,name,恶魔斯诺曾
card_config,110161,name,禁默神父
card_config,110162,name,禁默神父
card_config,110163,name,禁默神父
card_config,110164,name,禁默神父
card_config,110165,name,禁默神父
card_config,110171,name,劫掠穴居人
card_config,110172,name,劫掠穴居人
card_config,110173,name,劫掠穴居人
card_config,110174,name,劫掠穴居人
card_config,110175,name,劫掠穴居人
card_config,110181,name,屏障骑士
card_config,110182,name,屏障骑士
card_config,110183,name,屏障骑士
card_config,110184,name,屏障骑士
card_config,110185,name,屏障骑士
card_config,110186,name,屏障骑士
card_config,110191,name,秃鹫射手
card_config,110192,name,秃鹫射手
card_config,110193,name,秃鹫射手
card_config,110194,name,秃鹫射手
card_config,110195,name,秃鹫射手
card_config,110196,name,秃鹫射手
card_config,120011,name,战鼓
card_config,120012,name,战鼓
card_config,120013,name,战鼓
card_config,120014,name,战鼓
card_config,120015,name,战鼓
card_config,120021,name,清洁少女
card_config,120022,name,清洁少女
card_config,120023,name,清洁少女
card_config,120024,name,清洁少女
card_config,120025,name,清洁少女
card_config,120031,name,不是老鼠
card_config,120032,name,不是老鼠
card_config,120033,name,不是老鼠
card_config,120034,name,不是老鼠
card_config,120035,name,不是老鼠
card_config,120041,name,礼服射手
card_config,120042,name,礼服射手
card_config,120043,name,礼服射手
card_config,120044,name,礼服射手
card_config,120045,name,礼服射手
card_config,120046,name,礼服射手
card_config,120051,name,功夫蜥蜴
card_config,120052,name,功夫蜥蜴
card_config,120053,name,功夫蜥蜴
card_config,120054,name,功夫蜥蜴
card_config,120055,name,功夫蜥蜴
card_config,120056,name,功夫蜥蜴
card_config,120061,name,冬熊
card_config,120062,name,冬熊
card_config,120063,name,冬熊
card_config,120064,name,冬熊
card_config,120065,name,冬熊
card_config,120066,name,冬熊
card_config,120071,name,忍者狐狸
card_config,120072,name,忍者狐狸
card_config,120073,name,忍者狐狸
card_config,120074,name,忍者狐狸
card_config,120075,name,忍者狐狸
card_config,120076,name,忍者狐狸
card_config,120077,name,忍者狐狸
card_config,120081,name,忍者龟
card_config,120082,name,忍者龟
card_config,120083,name,忍者龟
card_config,120084,name,忍者龟
card_config,120085,name,忍者龟
card_config,120086,name,忍者龟
card_config,120087,name,忍者龟
card_config,120091,name,睡龙
card_config,120092,name,睡龙
card_config,120093,name,睡龙
card_config,120094,name,睡龙
card_config,120095,name,睡龙
card_config,120096,name,睡龙
card_config,120097,name,睡龙
card_config,120098,name,睡龙
card_config,120101,name,恶魔地毯
card_config,120102,name,恶魔地毯
card_config,120103,name,恶魔地毯
card_config,120104,name,恶魔地毯
card_config,120105,name,恶魔地毯
card_config,120106,name,恶魔地毯
card_config,120111,name,鳄鱼
card_config,120112,name,鳄鱼
card_config,120113,name,鳄鱼
card_config,120114,name,鳄鱼
card_config,120115,name,鳄鱼
card_config,120116,name,鳄鱼
card_config,120117,name,鳄鱼
card_config,120121,name,弯腰黑猩猩
card_config,120122,name,弯腰黑猩猩
card_config,120123,name,弯腰黑猩猩
card_config,120124,name,弯腰黑猩猩
card_config,120125,name,弯腰黑猩猩
card_config,120126,name,弯腰黑猩猩
card_config,120127,name,弯腰黑猩猩
card_config,120131,name,狮鹫
card_config,120132,name,狮鹫
card_config,120133,name,狮鹫
card_config,120134,name,狮鹫
card_config,120135,name,狮鹫
card_config,120136,name,狮鹫
card_config,120137,name,狮鹫
card_config,120141,name,胖钳子
card_config,120142,name,胖钳子
card_config,120143,name,胖钳子
card_config,120144,name,胖钳子
card_config,120145,name,胖钳子
card_config,120146,name,胖钳子
card_config,120147,name,胖钳子
card_config,120148,name,胖钳子
card_config,120151,name,尖嘴波坎
card_config,120152,name,尖嘴波坎
card_config,120153,name,尖嘴波坎
card_config,120154,name,尖嘴波坎
card_config,120155,name,尖嘴波坎
card_config,120156,name,尖嘴波坎
card_config,120157,name,尖嘴波坎
card_config,120158,name,尖嘴波坎
card_config,120161,name,魔装地毯
card_config,120162,name,魔装地毯
card_config,120163,name,魔装地毯
card_config,120164,name,魔装地毯
card_config,120165,name,魔装地毯
card_config,120171,name,气功蜥蜴
card_config,120172,name,气功蜥蜴
card_config,120173,name,气功蜥蜴
card_config,120174,name,气功蜥蜴
card_config,120175,name,气功蜥蜴
card_config,120181,name,疯鳄鱼
card_config,120182,name,疯鳄鱼
card_config,120183,name,疯鳄鱼
card_config,120184,name,疯鳄鱼
card_config,120185,name,疯鳄鱼
card_config,120186,name,疯鳄鱼
card_config,120191,name,破甲射手
card_config,120192,name,破甲射手
card_config,120193,name,破甲射手
card_config,120194,name,破甲射手
card_config,120195,name,破甲射手
card_config,120196,name,破甲射手
card_config,130011,name,雪刃
card_config,130012,name,雪刃
card_config,130013,name,雪刃
card_config,130014,name,雪刃
card_config,130015,name,雪刃
card_config,130021,name,幽灵护盾
card_config,130022,name,幽灵护盾
card_config,130023,name,幽灵护盾
card_config,130024,name,幽灵护盾
card_config,130025,name,幽灵护盾
card_config,130031,name,书呆子
card_config,130032,name,书呆子
card_config,130033,name,书呆子
card_config,130034,name,书呆子
card_config,130035,name,书呆子
card_config,130041,name,蛇妖
card_config,130042,name,蛇妖
card_config,130043,name,蛇妖
card_config,130044,name,蛇妖
card_config,130045,name,蛇妖
card_config,130046,name,蛇妖
card_config,130051,name,水妖
card_config,130052,name,水妖
card_config,130053,name,水妖
card_config,130054,name,水妖
card_config,130055,name,水妖
card_config,130056,name,水妖
card_config,130061,name,严霜
card_config,130062,name,严霜
card_config,130063,name,严霜
card_config,130064,name,严霜
card_config,130065,name,严霜
card_config,130066,name,严霜
card_config,130071,name,蜗牛信使
card_config,130072,name,蜗牛信使
card_config,130073,name,蜗牛信使
card_config,130074,name,蜗牛信使
card_config,130075,name,蜗牛信使
card_config,130076,name,蜗牛信使
card_config,130077,name,蜗牛信使
card_config,130081,name,冰冻夫人
card_config,130082,name,冰冻夫人
card_config,130083,name,冰冻夫人
card_config,130084,name,冰冻夫人
card_config,130085,name,冰冻夫人
card_config,130086,name,冰冻夫人
card_config,130087,name,冰冻夫人
card_config,130091,name,石巨人
card_config,130092,name,石巨人
card_config,130093,name,石巨人
card_config,130094,name,石巨人
card_config,130095,name,石巨人
card_config,130096,name,石巨人
card_config,130097,name,石巨人
card_config,130098,name,石巨人
card_config,130101,name,石膏灵
card_config,130102,name,石膏灵
card_config,130103,name,石膏灵
card_config,130104,name,石膏灵
card_config,130105,name,石膏灵
card_config,130106,name,石膏灵
card_config,130111,name,穆博
card_config,130112,name,穆博
card_config,130113,name,穆博
card_config,130114,name,穆博
card_config,130115,name,穆博
card_config,130116,name,穆博
card_config,130117,name,穆博
card_config,130121,name,猴子法师
card_config,130122,name,猴子法师
card_config,130123,name,猴子法师
card_config,130124,name,猴子法师
card_config,130125,name,猴子法师
card_config,130126,name,猴子法师
card_config,130127,name,猴子法师
card_config,130131,name,蒸汽
card_config,130132,name,蒸汽
card_config,130133,name,蒸汽
card_config,130134,name,蒸汽
card_config,130135,name,蒸汽
card_config,130136,name,蒸汽
card_config,130137,name,蒸汽
card_config,130141,name,变异章鱼
card_config,130142,name,变异章鱼
card_config,130143,name,变异章鱼
card_config,130144,name,变异章鱼
card_config,130145,name,变异章鱼
card_config,130146,name,变异章鱼
card_config,130147,name,变异章鱼
card_config,130148,name,变异章鱼
card_config,130151,name,大法师
card_config,130152,name,大法师
card_config,130153,name,大法师
card_config,130154,name,大法师
card_config,130155,name,大法师
card_config,130156,name,大法师
card_config,130157,name,大法师
card_config,130158,name,大法师
card_config,130161,name,尖刺雪刃
card_config,130162,name,尖刺雪刃
card_config,130163,name,尖刺雪刃
card_config,130164,name,尖刺雪刃
card_config,130165,name,尖刺雪刃
card_config,130171,name,魔能虫
card_config,130172,name,魔能虫
card_config,130173,name,魔能虫
card_config,130174,name,魔能虫
card_config,130175,name,魔能虫
card_config,130181,name,蜗牛警卫
card_config,130182,name,蜗牛警卫
card_config,130183,name,蜗牛警卫
card_config,130184,name,蜗牛警卫
card_config,130185,name,蜗牛警卫
card_config,130186,name,蜗牛警卫
card_config,130191,name,鱼妖
card_config,130192,name,鱼妖
card_config,130193,name,鱼妖
card_config,130194,name,鱼妖
card_config,130195,name,鱼妖
card_config,130196,name,鱼妖
card_config,140011,name,沙鼠
card_config,140012,name,沙鼠
card_config,140013,name,沙鼠
card_config,140014,name,沙鼠
card_config,140015,name,沙鼠
card_config,140021,name,蘑菇怪
card_config,140022,name,蘑菇怪
card_config,140023,name,蘑菇怪
card_config,140024,name,蘑菇怪
card_config,140025,name,蘑菇怪
card_config,140031,name,火鸡
card_config,140032,name,火鸡
card_config,140033,name,火鸡
card_config,140034,name,火鸡
card_config,140035,name,火鸡
card_config,140041,name,奶油蝙蝠
card_config,140042,name,奶油蝙蝠
card_config,140043,name,奶油蝙蝠
card_config,140044,name,奶油蝙蝠
card_config,140045,name,奶油蝙蝠
card_config,140046,name,奶油蝙蝠
card_config,140051,name,花树精
card_config,140052,name,花树精
card_config,140053,name,花树精
card_config,140054,name,花树精
card_config,140055,name,花树精
card_config,140056,name,花树精
card_config,140061,name,狼蛛
card_config,140062,name,狼蛛
card_config,140063,name,狼蛛
card_config,140064,name,狼蛛
card_config,140065,name,狼蛛
card_config,140066,name,狼蛛
card_config,140071,name,鳄鱼熊
card_config,140072,name,鳄鱼熊
card_config,140073,name,鳄鱼熊
card_config,140074,name,鳄鱼熊
card_config,140075,name,鳄鱼熊
card_config,140076,name,鳄鱼熊
card_config,140077,name,鳄鱼熊
card_config,140081,name,福洛克
card_config,140082,name,福洛克
card_config,140083,name,福洛克
card_config,140084,name,福洛克
card_config,140085,name,福洛克
card_config,140086,name,福洛克
card_config,140087,name,福洛克
card_config,140091,name,库库坎
card_config,140092,name,库库坎
card_config,140093,name,库库坎
card_config,140094,name,库库坎
card_config,140095,name,库库坎
card_config,140096,name,库库坎
card_config,140097,name,库库坎
card_config,140098,name,库库坎
card_config,140101,name,电鳗
card_config,140102,name,电鳗
card_config,140103,name,电鳗
card_config,140104,name,电鳗
card_config,140105,name,电鳗
card_config,140106,name,电鳗
card_config,140111,name,贝利肯
card_config,140112,name,贝利肯
card_config,140113,name,贝利肯
card_config,140114,name,贝利肯
card_config,140115,name,贝利肯
card_config,140116,name,贝利肯
card_config,140117,name,贝利肯
card_config,140121,name,剑齿虎
card_config,140122,name,剑齿虎
card_config,140123,name,剑齿虎
card_config,140124,name,剑齿虎
card_config,140125,name,剑齿虎
card_config,140126,name,剑齿虎
card_config,140127,name,剑齿虎
card_config,140131,name,夜鲨
card_config,140132,name,夜鲨
card_config,140133,name,夜鲨
card_config,140134,name,夜鲨
card_config,140135,name,夜鲨
card_config,140136,name,夜鲨
card_config,140137,name,夜鲨
card_config,140141,name,乌贼喷射者
card_config,140142,name,乌贼喷射者
card_config,140143,name,乌贼喷射者
card_config,140144,name,乌贼喷射者
card_config,140145,name,乌贼喷射者
card_config,140146,name,乌贼喷射者
card_config,140147,name,乌贼喷射者
card_config,140148,name,乌贼喷射者
card_config,140151,name,王子蘑菇
card_config,140152,name,王子蘑菇
card_config,140153,name,王子蘑菇
card_config,140154,name,王子蘑菇
card_config,140155,name,王子蘑菇
card_config,140156,name,王子蘑菇
card_config,140157,name,王子蘑菇
card_config,140158,name,王子蘑菇
card_config,140161,name,铠蛛
card_config,140162,name,铠蛛
card_config,140163,name,铠蛛
card_config,140164,name,铠蛛
card_config,140165,name,铠蛛
card_config,140171,name,恢复蘑菇
card_config,140172,name,恢复蘑菇
card_config,140173,name,恢复蘑菇
card_config,140174,name,恢复蘑菇
card_config,140175,name,恢复蘑菇
card_config,140181,name,机警的火鸡
card_config,140182,name,机警的火鸡
card_config,140183,name,机警的火鸡
card_config,140184,name,机警的火鸡
card_config,140185,name,机警的火鸡
card_config,140186,name,机警的火鸡
card_config,140191,name,尖叫电鳗
card_config,140192,name,尖叫电鳗
card_config,140193,name,尖叫电鳗
card_config,140194,name,尖叫电鳗
card_config,140195,name,尖叫电鳗
card_config,140196,name,尖叫电鳗
card_config,149018,name,沙鼠王
card_config,150011,name,石甲虫
card_config,150012,name,石甲虫
card_config,150013,name,石甲虫
card_config,150014,name,石甲虫
card_config,150015,name,石甲虫
card_config,150021,name,布罗格洛吉特
card_config,150022,name,布罗格洛吉特
card_config,150023,name,布罗格洛吉特
card_config,150024,name,布罗格洛吉特
card_config,150025,name,布罗格洛吉特
card_config,150031,name,一堆粘稠物
card_config,150032,name,一堆粘稠物
card_config,150033,name,一堆粘稠物
card_config,150034,name,一堆粘稠物
card_config,150035,name,一堆粘稠物
card_config,150041,name,熔岩软泥
card_config,150042,name,熔岩软泥
card_config,150043,name,熔岩软泥
card_config,150044,name,熔岩软泥
card_config,150045,name,熔岩软泥
card_config,150046,name,熔岩软泥
card_config,150051,name,疯牛
card_config,150052,name,疯牛
card_config,150053,name,疯牛
card_config,150054,name,疯牛
card_config,150055,name,疯牛
card_config,150056,name,疯牛
card_config,150061,name,大骨头
card_config,150062,name,大骨头
card_config,150063,name,大骨头
card_config,150064,name,大骨头
card_config,150065,name,大骨头
card_config,150066,name,大骨头
card_config,150071,name,侍僧
card_config,150072,name,侍僧
card_config,150073,name,侍僧
card_config,150074,name,侍僧
card_config,150075,name,侍僧
card_config,150076,name,侍僧
card_config,150077,name,侍僧
card_config,150081,name,恶魔侏儒
card_config,150082,name,恶魔侏儒
card_config,150083,name,恶魔侏儒
card_config,150084,name,恶魔侏儒
card_config,150085,name,恶魔侏儒
card_config,150086,name,恶魔侏儒
card_config,150087,name,恶魔侏儒
card_config,150091,name,玛斯卡拉德
card_config,150092,name,玛斯卡拉德
card_config,150093,name,玛斯卡拉德
card_config,150094,name,玛斯卡拉德
card_config,150095,name,玛斯卡拉德
card_config,150096,name,玛斯卡拉德
card_config,150097,name,玛斯卡拉德
card_config,150098,name,玛斯卡拉德
card_config,150101,name,天空蜉蝣
card_config,150102,name,天空蜉蝣
card_config,150103,name,天空蜉蝣
card_config,150104,name,天空蜉蝣
card_config,150105,name,天空蜉蝣
card_config,150106,name,天空蜉蝣
card_config,150111,name,地牢师傅
card_config,150112,name,地牢师傅
card_config,150113,name,地牢师傅
card_config,150114,name,地牢师傅
card_config,150115,name,地牢师傅
card_config,150116,name,地牢师傅
card_config,150117,name,地牢师傅
card_config,150118,name,地牢师傅
card_config,150121,name,巨鼠
card_config,150122,name,巨鼠
card_config,150123,name,巨鼠
card_config,150124,name,巨鼠
card_config,150125,name,巨鼠
card_config,150126,name,巨鼠
card_config,150127,name,巨鼠
card_config,150131,name,火焰
card_config,150132,name,火焰
card_config,150133,name,火焰
card_config,150134,name,火焰
card_config,150135,name,火焰
card_config,150136,name,火焰
card_config,150137,name,火焰
card_config,150141,name,蓝龙
card_config,150142,name,蓝龙
card_config,150143,name,蓝龙
card_config,150144,name,蓝龙
card_config,150145,name,蓝龙
card_config,150146,name,蓝龙
card_config,150147,name,蓝龙
card_config,150148,name,蓝龙
card_config,150151,name,游灵
card_config,150152,name,游灵
card_config,150153,name,游灵
card_config,150154,name,游灵
card_config,150155,name,游灵
card_config,150156,name,游灵
card_config,150157,name,游灵
card_config,150161,name,奥术垃圾
card_config,150162,name,奥术垃圾
card_config,150163,name,奥术垃圾
card_config,150164,name,奥术垃圾
card_config,150165,name,奥术垃圾
card_config,150171,name,大钳虫
card_config,150172,name,大钳虫
card_config,150173,name,大钳虫
card_config,150174,name,大钳虫
card_config,150175,name,大钳虫
card_config,150181,name,捣蛋小鬼
card_config,150182,name,捣蛋小鬼
card_config,150183,name,捣蛋小鬼
card_config,150184,name,捣蛋小鬼
card_config,150185,name,捣蛋小鬼
card_config,150186,name,捣蛋小鬼
card_config,150191,name,疯侏儒
card_config,150192,name,疯侏儒
card_config,150193,name,疯侏儒
card_config,150194,name,疯侏儒
card_config,150195,name,疯侏儒
card_config,150196,name,疯侏儒
card_config,21001,name,便服
card_config,210011,name,便服
card_config,210012,name,便服
card_config,22001,name,便服
card_config,220011,name,便服
card_config,220012,name,便服
card_config,23001,name,便服
card_config,230011,name,便服
card_config,230012,name,便服
card_config,24001,name,便服
card_config,240011,name,便服
card_config,240012,name,便服
card_config,25001,name,便服
card_config,250011,name,便服
card_config,250012,name,便服
card_config,26001,name,便服
card_config,260011,name,便服
card_config,260012,name,便服
card_config,21002,name,金属帽子
card_config,210021,name,金属帽子
card_config,210022,name,金属帽子
card_config,22002,name,金属帽子
card_config,220021,name,金属帽子
card_config,220022,name,金属帽子
card_config,23002,name,金属帽子
card_config,230021,name,金属帽子
card_config,230022,name,金属帽子
card_config,24002,name,金属帽子
card_config,240021,name,金属帽子
card_config,240022,name,金属帽子
card_config,25002,name,金属帽子
card_config,250021,name,金属帽子
card_config,250022,name,金属帽子
card_config,26002,name,金属帽子
card_config,260021,name,金属帽子
card_config,260022,name,金属帽子
card_config,21003,name,尖刺护腿
card_config,210031,name,尖刺护腿
card_config,210032,name,尖刺护腿
card_config,22003,name,尖刺护腿
card_config,220031,name,尖刺护腿
card_config,220032,name,尖刺护腿
card_config,23003,name,尖刺护腿
card_config,230031,name,尖刺护腿
card_config,230032,name,尖刺护腿
card_config,24003,name,尖刺护腿
card_config,240031,name,尖刺护腿
card_config,240032,name,尖刺护腿
card_config,25003,name,尖刺护腿
card_config,250031,name,尖刺护腿
card_config,250032,name,尖刺护腿
card_config,26003,name,尖刺护腿
card_config,260031,name,尖刺护腿
card_config,260032,name,尖刺护腿
card_config,21004,name,骑士手套
card_config,210041,name,骑士手套
card_config,210042,name,骑士手套
card_config,22004,name,骑士手套
card_config,220041,name,骑士手套
card_config,220042,name,骑士手套
card_config,23004,name,骑士手套
card_config,230041,name,骑士手套
card_config,230042,name,骑士手套
card_config,24004,name,骑士手套
card_config,240041,name,骑士手套
card_config,240042,name,骑士手套
card_config,25004,name,骑士手套
card_config,250041,name,骑士手套
card_config,250042,name,骑士手套
card_config,26004,name,骑士手套
card_config,260041,name,骑士手套
card_config,260042,name,骑士手套
card_config,21005,name,毛皮甲
card_config,210051,name,毛皮甲
card_config,210052,name,毛皮甲
card_config,22005,name,毛皮甲
card_config,220051,name,毛皮甲
card_config,220052,name,毛皮甲
card_config,23005,name,毛皮甲
card_config,230051,name,毛皮甲
card_config,230052,name,毛皮甲
card_config,24005,name,毛皮甲
card_config,240051,name,毛皮甲
card_config,240052,name,毛皮甲
card_config,25005,name,毛皮甲
card_config,250051,name,毛皮甲
card_config,250052,name,毛皮甲
card_config,26005,name,毛皮甲
card_config,260051,name,毛皮甲
card_config,260052,name,毛皮甲
card_config,22006,name,盗贼斗篷
card_config,220061,name,盗贼斗篷
card_config,220062,name,盗贼斗篷
card_config,23006,name,盗贼斗篷
card_config,230061,name,盗贼斗篷
card_config,230062,name,盗贼斗篷
card_config,24006,name,盗贼斗篷
card_config,240061,name,盗贼斗篷
card_config,240062,name,盗贼斗篷
card_config,25006,name,盗贼斗篷
card_config,250061,name,盗贼斗篷
card_config,250062,name,盗贼斗篷
card_config,26006,name,盗贼斗篷
card_config,260061,name,盗贼斗篷
card_config,260062,name,盗贼斗篷
card_config,21007,name,巡游手套
card_config,210071,name,巡游手套
card_config,210072,name,巡游手套
card_config,22007,name,巡游手套
card_config,220071,name,巡游手套
card_config,220072,name,巡游手套
card_config,23007,name,巡游手套
card_config,230071,name,巡游手套
card_config,230072,name,巡游手套
card_config,24007,name,巡游手套
card_config,240071,name,巡游手套
card_config,240072,name,巡游手套
card_config,25007,name,巡游手套
card_config,250071,name,巡游手套
card_config,250072,name,巡游手套
card_config,26007,name,巡游手套
card_config,260071,name,巡游手套
card_config,260072,name,巡游手套
card_config,22008,name,视觉手套
card_config,220081,name,视觉手套
card_config,220082,name,视觉手套
card_config,23008,name,视觉手套
card_config,230081,name,视觉手套
card_config,230082,name,视觉手套
card_config,24008,name,视觉手套
card_config,240081,name,视觉手套
card_config,240082,name,视觉手套
card_config,26008,name,视觉手套
card_config,260081,name,视觉手套
card_config,260082,name,视觉手套
card_config,21009,name,锁子甲
card_config,210091,name,锁子甲
card_config,210092,name,锁子甲
card_config,22009,name,锁子甲
card_config,220091,name,锁子甲
card_config,220092,name,锁子甲
card_config,23009,name,锁子甲
card_config,230091,name,锁子甲
card_config,230092,name,锁子甲
card_config,24009,name,锁子甲
card_config,240091,name,锁子甲
card_config,240092,name,锁子甲
card_config,25009,name,锁子甲
card_config,250091,name,锁子甲
card_config,250092,name,锁子甲
card_config,26009,name,锁子甲
card_config,260091,name,锁子甲
card_config,260092,name,锁子甲
card_config,21010,name,皮革甲
card_config,210101,name,皮革甲
card_config,210102,name,皮革甲
card_config,22010,name,皮革甲
card_config,220101,name,皮革甲
card_config,220102,name,皮革甲
card_config,23010,name,皮革甲
card_config,230101,name,皮革甲
card_config,230102,name,皮革甲
card_config,24010,name,皮革甲
card_config,240101,name,皮革甲
card_config,240102,name,皮革甲
card_config,25010,name,皮革甲
card_config,250101,name,皮革甲
card_config,250102,name,皮革甲
card_config,26010,name,皮革甲
card_config,260101,name,皮革甲
card_config,260102,name,皮革甲
card_config,21011,name,武僧甲
card_config,210111,name,武僧甲
card_config,210112,name,武僧甲
card_config,22011,name,武僧甲
card_config,220111,name,武僧甲
card_config,220112,name,武僧甲
card_config,23011,name,武僧甲
card_config,230111,name,武僧甲
card_config,230112,name,武僧甲
card_config,24011,name,武僧甲
card_config,240111,name,武僧甲
card_config,240112,name,武僧甲
card_config,25011,name,武僧甲
card_config,250111,name,武僧甲
card_config,250112,name,武僧甲
card_config,26011,name,武僧甲
card_config,260111,name,武僧甲
card_config,260112,name,武僧甲
card_config,21012,name,凶恶面具
card_config,210121,name,凶恶面具
card_config,210122,name,凶恶面具
card_config,22012,name,凶恶面具
card_config,220121,name,凶恶面具
card_config,220122,name,凶恶面具
card_config,23012,name,凶恶面具
card_config,230121,name,凶恶面具
card_config,230122,name,凶恶面具
card_config,24012,name,凶恶面具
card_config,240121,name,凶恶面具
card_config,240122,name,凶恶面具
card_config,25012,name,凶恶面具
card_config,250121,name,凶恶面具
card_config,250122,name,凶恶面具
card_config,26012,name,凶恶面具
card_config,260121,name,凶恶面具
card_config,260122,name,凶恶面具
card_config,21013,name,羽毛帽
card_config,210131,name,羽毛帽
card_config,210132,name,羽毛帽
card_config,22013,name,羽毛帽
card_config,220131,name,羽毛帽
card_config,220132,name,羽毛帽
card_config,23013,name,羽毛帽
card_config,230131,name,羽毛帽
card_config,230132,name,羽毛帽
card_config,24013,name,羽毛帽
card_config,240131,name,羽毛帽
card_config,240132,name,羽毛帽
card_config,25013,name,羽毛帽
card_config,250131,name,羽毛帽
card_config,250132,name,羽毛帽
card_config,26013,name,羽毛帽
card_config,260131,name,羽毛帽
card_config,260132,name,羽毛帽
card_config,21014,name,变换护腕
card_config,210141,name,变换护腕
card_config,210142,name,变换护腕
card_config,22014,name,变换护腕
card_config,220141,name,变换护腕
card_config,220142,name,变换护腕
card_config,23014,name,变换护腕
card_config,230141,name,变换护腕
card_config,230142,name,变换护腕
card_config,24014,name,变换护腕
card_config,240141,name,变换护腕
card_config,240142,name,变换护腕
card_config,25014,name,变换护腕
card_config,250141,name,变换护腕
card_config,250142,name,变换护腕
card_config,26014,name,变换护腕
card_config,260141,name,变换护腕
card_config,260142,name,变换护腕
card_config,21015,name,法师帽
card_config,210151,name,法师帽
card_config,210152,name,法师帽
card_config,22015,name,法师帽
card_config,220151,name,法师帽
card_config,220152,name,法师帽
card_config,23015,name,法师帽
card_config,230151,name,法师帽
card_config,230152,name,法师帽
card_config,24015,name,法师帽
card_config,240151,name,法师帽
card_config,240152,name,法师帽
card_config,25015,name,法师帽
card_config,250151,name,法师帽
card_config,250152,name,法师帽
card_config,26015,name,法师帽
card_config,260151,name,法师帽
card_config,260152,name,法师帽
card_config,21016,name,格斗手套
card_config,210161,name,格斗手套
card_config,210162,name,格斗手套
card_config,22016,name,格斗手套
card_config,220161,name,格斗手套
card_config,220162,name,格斗手套
card_config,24016,name,格斗手套
card_config,240161,name,格斗手套
card_config,240162,name,格斗手套
card_config,25016,name,格斗手套
card_config,250161,name,格斗手套
card_config,250162,name,格斗手套
card_config,26016,name,格斗手套
card_config,260161,name,格斗手套
card_config,260162,name,格斗手套
card_config,21017,name,羊皮盾
card_config,210171,name,羊皮盾
card_config,210172,name,羊皮盾
card_config,22017,name,羊皮盾
card_config,220171,name,羊皮盾
card_config,220172,name,羊皮盾
card_config,23017,name,羊皮盾
card_config,230171,name,羊皮盾
card_config,230172,name,羊皮盾
card_config,24017,name,羊皮盾
card_config,240171,name,羊皮盾
card_config,240172,name,羊皮盾
card_config,26017,name,羊皮盾
card_config,260171,name,羊皮盾
card_config,260172,name,羊皮盾
card_config,22018,name,金冠
card_config,220181,name,金冠
card_config,220182,name,金冠
card_config,23018,name,金冠
card_config,230181,name,金冠
card_config,230182,name,金冠
card_config,24018,name,金冠
card_config,240181,name,金冠
card_config,240182,name,金冠
card_config,25018,name,金冠
card_config,250181,name,金冠
card_config,250182,name,金冠
card_config,26018,name,金冠
card_config,260181,name,金冠
card_config,260182,name,金冠
card_config,21019,name,尖刺护甲
card_config,210191,name,尖刺护甲
card_config,210192,name,尖刺护甲
card_config,23019,name,尖刺护甲
card_config,230191,name,尖刺护甲
card_config,230192,name,尖刺护甲
card_config,24019,name,尖刺护甲
card_config,240191,name,尖刺护甲
card_config,240192,name,尖刺护甲
card_config,25019,name,尖刺护甲
card_config,250191,name,尖刺护甲
card_config,250192,name,尖刺护甲
card_config,26019,name,尖刺护甲
card_config,260191,name,尖刺护甲
card_config,260192,name,尖刺护甲
card_config,21020,name,魔法护盾
card_config,210201,name,魔法护盾
card_config,210202,name,魔法护盾
card_config,22020,name,魔法护盾
card_config,220201,name,魔法护盾
card_config,220202,name,魔法护盾
card_config,23020,name,魔法护盾
card_config,230201,name,魔法护盾
card_config,230202,name,魔法护盾
card_config,25020,name,魔法护盾
card_config,250201,name,魔法护盾
card_config,250202,name,魔法护盾
card_config,26020,name,魔法护盾
card_config,260201,name,魔法护盾
card_config,260202,name,魔法护盾
card_config,21021,name,冲锋盾牌
card_config,210211,name,冲锋盾牌
card_config,210212,name,冲锋盾牌
card_config,22021,name,冲锋盾牌
card_config,220211,name,冲锋盾牌
card_config,220212,name,冲锋盾牌
card_config,23021,name,冲锋盾牌
card_config,230211,name,冲锋盾牌
card_config,230212,name,冲锋盾牌
card_config,24021,name,冲锋盾牌
card_config,240211,name,冲锋盾牌
card_config,240212,name,冲锋盾牌
card_config,25021,name,冲锋盾牌
card_config,250211,name,冲锋盾牌
card_config,250212,name,冲锋盾牌
card_config,26021,name,冲锋盾牌
card_config,260211,name,冲锋盾牌
card_config,260212,name,冲锋盾牌
card_config,22022,name,美杜莎之盾
card_config,220221,name,美杜莎之盾
card_config,220222,name,美杜莎之盾
card_config,23022,name,美杜莎之盾
card_config,230221,name,美杜莎之盾
card_config,230222,name,美杜莎之盾
card_config,24022,name,美杜莎之盾
card_config,240221,name,美杜莎之盾
card_config,240222,name,美杜莎之盾
card_config,26022,name,美杜莎之盾
card_config,260221,name,美杜莎之盾
card_config,260222,name,美杜莎之盾
card_config,22023,name,修理板甲
card_config,220231,name,修理板甲
card_config,220232,name,修理板甲
card_config,23023,name,修理板甲
card_config,230231,name,修理板甲
card_config,230232,name,修理板甲
card_config,24023,name,修理板甲
card_config,240231,name,修理板甲
card_config,240232,name,修理板甲
card_config,26023,name,修理板甲
card_config,260231,name,修理板甲
card_config,260232,name,修理板甲
card_config,22024,name,战斗宝冠
card_config,220241,name,战斗宝冠
card_config,220242,name,战斗宝冠
card_config,23024,name,战斗宝冠
card_config,230241,name,战斗宝冠
card_config,230242,name,战斗宝冠
card_config,24024,name,战斗宝冠
card_config,240241,name,战斗宝冠
card_config,240242,name,战斗宝冠
card_config,25024,name,战斗宝冠
card_config,250241,name,战斗宝冠
card_config,250242,name,战斗宝冠
card_config,26024,name,战斗宝冠
card_config,260241,name,战斗宝冠
card_config,260242,name,战斗宝冠
card_config,21025,name,岩石护甲
card_config,210251,name,岩石护甲
card_config,210252,name,岩石护甲
card_config,22025,name,岩石护甲
card_config,220251,name,岩石护甲
card_config,220252,name,岩石护甲
card_config,23025,name,岩石护甲
card_config,230251,name,岩石护甲
card_config,230252,name,岩石护甲
card_config,24025,name,岩石护甲
card_config,240251,name,岩石护甲
card_config,240252,name,岩石护甲
card_config,26025,name,岩石护甲
card_config,260251,name,岩石护甲
card_config,260252,name,岩石护甲
card_config,21026,name,恶魔护甲
card_config,210261,name,恶魔护甲
card_config,210262,name,恶魔护甲
card_config,22026,name,恶魔护甲
card_config,220261,name,恶魔护甲
card_config,220262,name,恶魔护甲
card_config,23026,name,恶魔护甲
card_config,230261,name,恶魔护甲
card_config,230262,name,恶魔护甲
card_config,24026,name,恶魔护甲
card_config,240261,name,恶魔护甲
card_config,240262,name,恶魔护甲
card_config,25026,name,恶魔护甲
card_config,250261,name,恶魔护甲
card_config,250262,name,恶魔护甲
card_config,26026,name,恶魔护甲
card_config,260261,name,恶魔护甲
card_config,260262,name,恶魔护甲
card_config,21027,name,保护者护甲
card_config,210271,name,保护者护甲
card_config,210272,name,保护者护甲
card_config,22027,name,保护者护甲
card_config,220271,name,保护者护甲
card_config,220272,name,保护者护甲
card_config,23027,name,保护者护甲
card_config,230271,name,保护者护甲
card_config,230272,name,保护者护甲
card_config,24027,name,保护者护甲
card_config,240271,name,保护者护甲
card_config,240272,name,保护者护甲
card_config,26027,name,保护者护甲
card_config,260271,name,保护者护甲
card_config,260272,name,保护者护甲
card_config,21028,name,骷髅革甲
card_config,210281,name,骷髅革甲
card_config,210282,name,骷髅革甲
card_config,23028,name,骷髅革甲
card_config,230281,name,骷髅革甲
card_config,230282,name,骷髅革甲
card_config,24028,name,骷髅革甲
card_config,240281,name,骷髅革甲
card_config,240282,name,骷髅革甲
card_config,26028,name,骷髅革甲
card_config,260281,name,骷髅革甲
card_config,260282,name,骷髅革甲
card_config,21029,name,木制护腕
card_config,210291,name,木制护腕
card_config,210292,name,木制护腕
card_config,22029,name,木制护腕
card_config,220291,name,木制护腕
card_config,220292,name,木制护腕
card_config,23029,name,木制护腕
card_config,230291,name,木制护腕
card_config,230292,name,木制护腕
card_config,24029,name,木制护腕
card_config,240291,name,木制护腕
card_config,240292,name,木制护腕
card_config,25029,name,木制护腕
card_config,250291,name,木制护腕
card_config,250292,name,木制护腕
card_config,26029,name,木制护腕
card_config,260291,name,木制护腕
card_config,260292,name,木制护腕
card_config,31001,name,短剑
card_config,310011,name,短剑
card_config,310012,name,短剑
card_config,32001,name,短剑
card_config,320011,name,短剑
card_config,320012,name,短剑
card_config,34001,name,短剑
card_config,340011,name,短剑
card_config,340012,name,短剑
card_config,35001,name,短剑
card_config,350011,name,短剑
card_config,350012,name,短剑
card_config,36001,name,短剑
card_config,360011,name,短剑
card_config,360012,name,短剑
card_config,31002,name,短弓
card_config,310021,name,短弓
card_config,310022,name,短弓
card_config,32002,name,短弓
card_config,320021,name,短弓
card_config,320022,name,短弓
card_config,33002,name,短弓
card_config,330021,name,短弓
card_config,330022,name,短弓
card_config,34002,name,短弓
card_config,340021,name,短弓
card_config,340022,name,短弓
card_config,35002,name,短弓
card_config,350021,name,短弓
card_config,350022,name,短弓
card_config,36002,name,短弓
card_config,360021,name,短弓
card_config,360022,name,短弓
card_config,31003,name,橡木法杖
card_config,310031,name,橡木法杖
card_config,310032,name,橡木法杖
card_config,32003,name,橡木法杖
card_config,320031,name,橡木法杖
card_config,320032,name,橡木法杖
card_config,33003,name,橡木法杖
card_config,330031,name,橡木法杖
card_config,330032,name,橡木法杖
card_config,34003,name,橡木法杖
card_config,340031,name,橡木法杖
card_config,340032,name,橡木法杖
card_config,35003,name,橡木法杖
card_config,350031,name,橡木法杖
card_config,350032,name,橡木法杖
card_config,36003,name,橡木法杖
card_config,360031,name,橡木法杖
card_config,360032,name,橡木法杖
card_config,31004,name,野蛮战靴
card_config,310041,name,野蛮战靴
card_config,310042,name,野蛮战靴
card_config,32004,name,野蛮战靴
card_config,320041,name,野蛮战靴
card_config,320042,name,野蛮战靴
card_config,33004,name,野蛮战靴
card_config,330041,name,野蛮战靴
card_config,330042,name,野蛮战靴
card_config,34004,name,野蛮战靴
card_config,340041,name,野蛮战靴
card_config,340042,name,野蛮战靴
card_config,35004,name,野蛮战靴
card_config,350041,name,野蛮战靴
card_config,350042,name,野蛮战靴
card_config,36004,name,野蛮战靴
card_config,360041,name,野蛮战靴
card_config,360042,name,野蛮战靴
card_config,32005,name,飞鞋
card_config,320051,name,飞鞋
card_config,320052,name,飞鞋
card_config,33005,name,飞鞋
card_config,330051,name,飞鞋
card_config,330052,name,飞鞋
card_config,34005,name,飞鞋
card_config,340051,name,飞鞋
card_config,340052,name,飞鞋
card_config,35005,name,飞鞋
card_config,350051,name,飞鞋
card_config,350052,name,飞鞋
card_config,36005,name,飞鞋
card_config,360051,name,飞鞋
card_config,360052,name,飞鞋
card_config,31006,name,翡翠戒指
card_config,310061,name,翡翠戒指
card_config,310062,name,翡翠戒指
card_config,32006,name,翡翠戒指
card_config,320061,name,翡翠戒指
card_config,320062,name,翡翠戒指
card_config,33006,name,翡翠戒指
card_config,330061,name,翡翠戒指
card_config,330062,name,翡翠戒指
card_config,34006,name,翡翠戒指
card_config,340061,name,翡翠戒指
card_config,340062,name,翡翠戒指
card_config,35006,name,翡翠戒指
card_config,350061,name,翡翠戒指
card_config,350062,name,翡翠戒指
card_config,36006,name,翡翠戒指
card_config,360061,name,翡翠戒指
card_config,360062,name,翡翠戒指
card_config,31007,name,长剑
card_config,310071,name,长剑
card_config,310072,name,长剑
card_config,32007,name,长剑
card_config,320071,name,长剑
card_config,320072,name,长剑
card_config,34007,name,长剑
card_config,340071,name,长剑
card_config,340072,name,长剑
card_config,35007,name,长剑
card_config,350071,name,长剑
card_config,350072,name,长剑
card_config,36007,name,长剑
card_config,360071,name,长剑
card_config,360072,name,长剑
card_config,32008,name,幸运靴
card_config,320081,name,幸运靴
card_config,320082,name,幸运靴
card_config,33008,name,幸运靴
card_config,330081,name,幸运靴
card_config,330082,name,幸运靴
card_config,34008,name,幸运靴
card_config,340081,name,幸运靴
card_config,340082,name,幸运靴
card_config,35008,name,幸运靴
card_config,350081,name,幸运靴
card_config,350082,name,幸运靴
card_config,36008,name,幸运靴
card_config,360081,name,幸运靴
card_config,360082,name,幸运靴
card_config,31009,name,猎弓
card_config,310091,name,猎弓
card_config,310092,name,猎弓
card_config,32009,name,猎弓
card_config,320091,name,猎弓
card_config,320092,name,猎弓
card_config,33009,name,猎弓
card_config,330091,name,猎弓
card_config,330092,name,猎弓
card_config,34009,name,猎弓
card_config,340091,name,猎弓
card_config,340092,name,猎弓
card_config,36009,name,猎弓
card_config,360091,name,猎弓
card_config,360092,name,猎弓
card_config,31010,name,均衡之戒
card_config,310101,name,均衡之戒
card_config,310102,name,均衡之戒
card_config,32010,name,均衡之戒
card_config,320101,name,均衡之戒
card_config,320102,name,均衡之戒
card_config,33010,name,均衡之戒
card_config,330101,name,均衡之戒
card_config,330102,name,均衡之戒
card_config,34010,name,均衡之戒
card_config,340101,name,均衡之戒
card_config,340102,name,均衡之戒
card_config,35010,name,均衡之戒
card_config,350101,name,均衡之戒
card_config,350102,name,均衡之戒
card_config,36010,name,均衡之戒
card_config,360101,name,均衡之戒
card_config,360102,name,均衡之戒
card_config,31011,name,勇气挂坠
card_config,310111,name,勇气挂坠
card_config,310112,name,勇气挂坠
card_config,32011,name,勇气挂坠
card_config,320111,name,勇气挂坠
card_config,320112,name,勇气挂坠
card_config,33011,name,勇气挂坠
card_config,330111,name,勇气挂坠
card_config,330112,name,勇气挂坠
card_config,34011,name,勇气挂坠
card_config,340111,name,勇气挂坠
card_config,340112,name,勇气挂坠
card_config,35011,name,勇气挂坠
card_config,350111,name,勇气挂坠
card_config,350112,name,勇气挂坠
card_config,36011,name,勇气挂坠
card_config,360111,name,勇气挂坠
card_config,360112,name,勇气挂坠
card_config,31012,name,乌木法杖
card_config,310121,name,乌木法杖
card_config,310122,name,乌木法杖
card_config,32012,name,乌木法杖
card_config,320121,name,乌木法杖
card_config,320122,name,乌木法杖
card_config,33012,name,乌木法杖
card_config,330121,name,乌木法杖
card_config,330122,name,乌木法杖
card_config,34012,name,乌木法杖
card_config,340121,name,乌木法杖
card_config,340122,name,乌木法杖
card_config,35012,name,乌木法杖
card_config,350121,name,乌木法杖
card_config,350122,name,乌木法杖
card_config,36012,name,乌木法杖
card_config,360121,name,乌木法杖
card_config,360122,name,乌木法杖
card_config,31013,name,战斗法杖
card_config,310131,name,战斗法杖
card_config,310132,name,战斗法杖
card_config,32013,name,战斗法杖
card_config,320131,name,战斗法杖
card_config,320132,name,战斗法杖
card_config,33013,name,战斗法杖
card_config,330131,name,战斗法杖
card_config,330132,name,战斗法杖
card_config,34013,name,战斗法杖
card_config,340131,name,战斗法杖
card_config,340132,name,战斗法杖
card_config,35013,name,战斗法杖
card_config,350131,name,战斗法杖
card_config,350132,name,战斗法杖
card_config,36013,name,战斗法杖
card_config,360131,name,战斗法杖
card_config,360132,name,战斗法杖
card_config,32014,name,治疗法杖
card_config,320141,name,治疗法杖
card_config,320142,name,治疗法杖
card_config,33014,name,治疗法杖
card_config,330141,name,治疗法杖
card_config,330142,name,治疗法杖
card_config,34014,name,治疗法杖
card_config,340141,name,治疗法杖
card_config,340142,name,治疗法杖
card_config,36014,name,治疗法杖
card_config,360141,name,治疗法杖
card_config,360142,name,治疗法杖
card_config,32015,name,治疗长笛
card_config,320151,name,治疗长笛
card_config,320152,name,治疗长笛
card_config,33015,name,治疗长笛
card_config,330151,name,治疗长笛
card_config,330152,name,治疗长笛
card_config,34015,name,治疗长笛
card_config,340151,name,治疗长笛
card_config,340152,name,治疗长笛
card_config,36015,name,治疗长笛
card_config,360151,name,治疗长笛
card_config,360152,name,治疗长笛
card_config,31016,name,霍特普的宝石
card_config,310161,name,霍特普的宝石
card_config,310162,name,霍特普的宝石
card_config,32016,name,霍特普的宝石
card_config,320161,name,霍特普的宝石
card_config,320162,name,霍特普的宝石
card_config,33016,name,霍特普的宝石
card_config,330161,name,霍特普的宝石
card_config,330162,name,霍特普的宝石
card_config,34016,name,霍特普的宝石
card_config,340161,name,霍特普的宝石
card_config,340162,name,霍特普的宝石
card_config,35016,name,霍特普的宝石
card_config,350161,name,霍特普的宝石
card_config,350162,name,霍特普的宝石
card_config,36016,name,霍特普的宝石
card_config,360161,name,霍特普的宝石
card_config,360162,name,霍特普的宝石
card_config,31017,name,毒刃
card_config,310171,name,毒刃
card_config,310172,name,毒刃
card_config,32017,name,毒刃
card_config,320171,name,毒刃
card_config,320172,name,毒刃
card_config,33017,name,毒刃
card_config,330171,name,毒刃
card_config,330172,name,毒刃
card_config,34017,name,毒刃
card_config,340171,name,毒刃
card_config,340172,name,毒刃
card_config,35017,name,毒刃
card_config,350171,name,毒刃
card_config,350172,name,毒刃
card_config,36017,name,毒刃
card_config,360171,name,毒刃
card_config,360172,name,毒刃
card_config,32018,name,诡诈手枪
card_config,320181,name,诡诈手枪
card_config,320182,name,诡诈手枪
card_config,33018,name,诡诈手枪
card_config,330181,name,诡诈手枪
card_config,330182,name,诡诈手枪
card_config,34018,name,诡诈手枪
card_config,340181,name,诡诈手枪
card_config,340182,name,诡诈手枪
card_config,35018,name,诡诈手枪
card_config,350181,name,诡诈手枪
card_config,350182,name,诡诈手枪
card_config,36018,name,诡诈手枪
card_config,360181,name,诡诈手枪
card_config,360182,name,诡诈手枪
card_config,31019,name,长矛
card_config,310191,name,长矛
card_config,310192,name,长矛
card_config,32019,name,长矛
card_config,320191,name,长矛
card_config,320192,name,长矛
card_config,34019,name,长矛
card_config,340191,name,长矛
card_config,340192,name,长矛
card_config,35019,name,长矛
card_config,350191,name,长矛
card_config,350192,name,长矛
card_config,36019,name,长矛
card_config,360191,name,长矛
card_config,360192,name,长矛
card_config,31020,name,破碎战锤
card_config,310201,name,破碎战锤
card_config,310202,name,破碎战锤
card_config,32020,name,破碎战锤
card_config,320201,name,破碎战锤
card_config,320202,name,破碎战锤
card_config,33020,name,破碎战锤
card_config,330201,name,破碎战锤
card_config,330202,name,破碎战锤
card_config,34020,name,破碎战锤
card_config,340201,name,破碎战锤
card_config,340202,name,破碎战锤
card_config,35020,name,破碎战锤
card_config,350201,name,破碎战锤
card_config,350202,name,破碎战锤
card_config,36020,name,破碎战锤
card_config,360201,name,破碎战锤
card_config,360202,name,破碎战锤
card_config,31021,name,魔法指环
card_config,310211,name,魔法指环
card_config,310212,name,魔法指环
card_config,32021,name,魔法指环
card_config,320211,name,魔法指环
card_config,320212,name,魔法指环
card_config,33021,name,魔法指环
card_config,330211,name,魔法指环
card_config,330212,name,魔法指环
card_config,34021,name,魔法指环
card_config,340211,name,魔法指环
card_config,340212,name,魔法指环
card_config,35021,name,魔法指环
card_config,350211,name,魔法指环
card_config,350212,name,魔法指环
card_config,36021,name,魔法指环
card_config,360211,name,魔法指环
card_config,360212,name,魔法指环
card_config,31022,name,战斧
card_config,310221,name,战斧
card_config,310222,name,战斧
card_config,32022,name,战斧
card_config,320221,name,战斧
card_config,320222,name,战斧
card_config,33022,name,战斧
card_config,330221,name,战斧
card_config,330222,name,战斧
card_config,34022,name,战斧
card_config,340221,name,战斧
card_config,340222,name,战斧
card_config,35022,name,战斧
card_config,350221,name,战斧
card_config,350222,name,战斧
card_config,36022,name,战斧
card_config,360221,name,战斧
card_config,360222,name,战斧
card_config,31023,name,冲锋弓
card_config,310231,name,冲锋弓
card_config,310232,name,冲锋弓
card_config,32023,name,冲锋弓
card_config,320231,name,冲锋弓
card_config,320232,name,冲锋弓
card_config,33023,name,冲锋弓
card_config,330231,name,冲锋弓
card_config,330232,name,冲锋弓
card_config,34023,name,冲锋弓
card_config,340231,name,冲锋弓
card_config,340232,name,冲锋弓
card_config,35023,name,冲锋弓
card_config,350231,name,冲锋弓
card_config,350232,name,冲锋弓
card_config,36023,name,冲锋弓
card_config,360231,name,冲锋弓
card_config,360232,name,冲锋弓
card_config,31024,name,十字弩
card_config,310241,name,十字弩
card_config,310242,name,十字弩
card_config,32024,name,十字弩
card_config,320241,name,十字弩
card_config,320242,name,十字弩
card_config,33024,name,十字弩
card_config,330241,name,十字弩
card_config,330242,name,十字弩
card_config,34024,name,十字弩
card_config,340241,name,十字弩
card_config,340242,name,十字弩
card_config,35024,name,十字弩
card_config,350241,name,十字弩
card_config,350242,name,十字弩
card_config,36024,name,十字弩
card_config,360241,name,十字弩
card_config,360242,name,十字弩
card_config,33025,name,能量法杖
card_config,330251,name,能量法杖
card_config,330252,name,能量法杖
card_config,35025,name,能量法杖
card_config,350251,name,能量法杖
card_config,350252,name,能量法杖
card_config,36025,name,能量法杖
card_config,360251,name,能量法杖
card_config,360252,name,能量法杖
card_config,32026,name,世纪之角
card_config,320261,name,世纪之角
card_config,320262,name,世纪之角
card_config,33026,name,世纪之角
card_config,330261,name,世纪之角
card_config,330262,name,世纪之角
card_config,34026,name,世纪之角
card_config,340261,name,世纪之角
card_config,340262,name,世纪之角
card_config,36026,name,世纪之角
card_config,360261,name,世纪之角
card_config,360262,name,世纪之角
card_config,31027,name,暮光之戟
card_config,310271,name,暮光之戟
card_config,310272,name,暮光之戟
card_config,32027,name,暮光之戟
card_config,320271,name,暮光之戟
card_config,320272,name,暮光之戟
card_config,34027,name,暮光之戟
card_config,340271,name,暮光之戟
card_config,340272,name,暮光之戟
card_config,35027,name,暮光之戟
card_config,350271,name,暮光之戟
card_config,350272,name,暮光之戟
card_config,36027,name,暮光之戟
card_config,360271,name,暮光之戟
card_config,360272,name,暮光之戟
card_config,31028,name,石笋手套
card_config,310281,name,石笋手套
card_config,310282,name,石笋手套
card_config,32028,name,石笋手套
card_config,320281,name,石笋手套
card_config,320282,name,石笋手套
card_config,33028,name,石笋手套
card_config,330281,name,石笋手套
card_config,330282,name,石笋手套
card_config,34028,name,石笋手套
card_config,340281,name,石笋手套
card_config,340282,name,石笋手套
card_config,35028,name,石笋手套
card_config,350281,name,石笋手套
card_config,350282,name,石笋手套
card_config,36028,name,石笋手套
card_config,360281,name,石笋手套
card_config,360282,name,石笋手套
card_config,31029,name,圣剑
card_config,310291,name,圣剑
card_config,310292,name,圣剑
card_config,32029,name,圣剑
card_config,320291,name,圣剑
card_config,320292,name,圣剑
card_config,33029,name,圣剑
card_config,330291,name,圣剑
card_config,330292,name,圣剑
card_config,34029,name,圣剑
card_config,340291,name,圣剑
card_config,340292,name,圣剑
card_config,35029,name,圣剑
card_config,350291,name,圣剑
card_config,350292,name,圣剑
card_config,36029,name,圣剑
card_config,360291,name,圣剑
card_config,360292,name,圣剑
card_config,31030,name,蝎子巨弩
card_config,310301,name,蝎子巨弩
card_config,310302,name,蝎子巨弩
card_config,32030,name,蝎子巨弩
card_config,320301,name,蝎子巨弩
card_config,320302,name,蝎子巨弩
card_config,33030,name,蝎子巨弩
card_config,330301,name,蝎子巨弩
card_config,330302,name,蝎子巨弩
card_config,34030,name,蝎子巨弩
card_config,340301,name,蝎子巨弩
card_config,340302,name,蝎子巨弩
card_config,35030,name,蝎子巨弩
card_config,350301,name,蝎子巨弩
card_config,350302,name,蝎子巨弩
card_config,36030,name,蝎子巨弩
card_config,360301,name,蝎子巨弩
card_config,360302,name,蝎子巨弩
card_config,31031,name,黑曜石之矛
card_config,310311,name,黑曜石之矛
card_config,310312,name,黑曜石之矛
card_config,32031,name,黑曜石之矛
card_config,320311,name,黑曜石之矛
card_config,320312,name,黑曜石之矛
card_config,33031,name,黑曜石之矛
card_config,330311,name,黑曜石之矛
card_config,330312,name,黑曜石之矛
card_config,34031,name,黑曜石之矛
card_config,340311,name,黑曜石之矛
card_config,340312,name,黑曜石之矛
card_config,35031,name,黑曜石之矛
card_config,350311,name,黑曜石之矛
card_config,350312,name,黑曜石之矛
card_config,36031,name,黑曜石之矛
card_config,360311,name,黑曜石之矛
card_config,360312,name,黑曜石之矛
card_config,40001,name,投掷匕首
card_config,40002,name,小瓶药水
card_config,40003,name,治疗药水
card_config,40004,name,光之炸弹
card_config,40005,name,回旋镖
card_config,40006,name,龙之血
card_config,40007,name,治愈圆号
card_config,40008,name,枯萎匕首
card_config,40009,name,浸毒匕首
card_config,40010,name,易碎药膏
card_config,40011,name,天使之声
card_config,40012,name,龙之泪
card_config,40013,name,猛烈炸弹
card_config,40014,name,手里剑
card_config,40015,name,万能药
chest_config,1,name,超级神奇
chest_config,2,name,神奇
chest_config,3,name,超大
chest_config,4,name,皇冠
chest_config,5,name,魔法
chest_config,6,name,黄金
chest_config,7,name,白银
chest_config,8,name,木制
chest_config,9,name,破旧的扈从卡包
chest_config,10,name,辉煌的骑士卡包
chest_config,11,name,奢华的领主卡包
chest_config,12,name,丧心病狂的恶魔卡包
chest_config,13,name,破旧的庶民卡包
chest_config,14,name,破旧的新手卡包
chest_config,15,name,破旧的见习卡包
chest_config,16,name,破旧的见习卡包
chest_config,17,name,破旧的学徒卡包
chest_config,18,name,开发组的爱和涌报
chest_config,19,name,老板娘的日常卡包1段(旧）
chest_config,20,name,老板娘的日常卡包2段(旧）
chest_config,21,name,老板娘的日常卡包3段(旧）
chest_config,22,name,老板娘的日常卡包4段(旧）
chest_config,23,name,老板娘的日常卡包5段(旧）
chest_config,24,name,老板娘的日常卡包6段(旧）
chest_config,25,name,老板娘的日常卡包7段(旧）
chest_config,26,name,老板娘的日常卡包8段(旧）
chest_config,27,name,老板娘的日常卡包9段(旧）
chest_config,28,name,老板娘的日常卡包10段(旧）
chest_config,29,name,老板娘的日常卡包11段(旧）
chest_config,30,name,老板娘的日常卡包1段
chest_config,31,name,老板娘的日常卡包2段
chest_config,32,name,老板娘的日常卡包3段
chest_config,33,name,老板娘的日常卡包4段
chest_config,34,name,老板娘的日常卡包5段
chest_config,35,name,老板娘的日常卡包6段
chest_config,36,name,老板娘的日常卡包最高段
chest_config,37,name,老板娘的日常卡包最高段
chest_config,38,name,老板娘的日常卡包1段
chest_config,39,name,老板娘的日常卡包2段
chest_config,40,name,老板娘的日常卡包3段
chest_config,41,name,老板娘的日常卡包4段
chest_config,42,name,老板娘的日常卡包5段
chest_config,43,name,老板娘的日常卡包6段
chest_config,44,name,老板娘的日常卡包7段
chest_config,45,name,老板娘的日常卡包8段
chest_config,46,name,老板娘的日常卡包9段
chest_config,47,name,老板娘的日常卡包10段
chest_config,48,name,老板娘的日常卡包11段
chest_config,49,name,老板娘的日常卡包12段
chest_config,50,name,老板娘的日常卡包13段
chest_config,51,name,老板娘的日常卡包最高段
chest_config,52,name,老板娘的新手卡包
chest_config,53,name,天梯赛季卡包12段
chest_config,54,name,天梯赛季卡包11段
chest_config,55,name,天梯赛季卡包10段
chest_config,56,name,天梯赛季卡包9段
chest_config,57,name,天梯赛季卡包8段
chest_config,58,name,天梯赛季卡包7段
chest_config,59,name,天梯赛季卡包6段
chest_config,60,name,天梯赛季卡包5段
chest_config,61,name,天梯赛季卡包4段
chest_config,62,name,天梯赛季卡包3段
chest_config,63,name,天梯赛季卡包2段
chest_config,64,name,天梯赛季卡包1段
power_config,melee,name_desc,近战
power_config,melee,info_desc,此卡位于前排时：对前排的敌人发动攻击
power_config,ranged,name_desc,远程
power_config,ranged,info_desc,此卡位于后排时：优先对斜向的敌人发动攻击，攻击有护甲的敌人时，有25%概率不造成任何伤害
power_config,magic,name_desc,魔法
power_config,magic,info_desc,优先对正对面的敌人进行一次无视护甲的攻击
power_config,magic_aoe,name_desc,魔法溅射
power_config,magic_aoe,info_desc,魔法攻击击中敌人时：对其相邻的敌人进行一次魔法溅射
power_config,shield,name_desc,护盾
power_config,shield,info_desc,减少此卡受到的近战和远程伤害
power_config,mshield,name_desc,魔法护盾
power_config,mshield,info_desc,减少此卡受到的魔法伤害
power_config,rally,name_desc,鼓舞士气
power_config,rally,info_desc,战斗阶段开始时：增加所有盟友的近战攻击力并免疫恐惧，持续到对方回合结束；多个鼓舞士气效果仅最大值生效
power_config,demoralize,name_desc,恫吓
power_config,demoralize,info_desc,战斗阶段开始时：减少所有敌人的近战攻击力，持续到对方回合结束；多个恫吓效果仅最大值生效
power_config,antimagic,name_desc,法术抑制
power_config,antimagic,info_desc,战斗阶段开始时：减少所有敌人的魔法攻击力，持续到对方回合结束；多个法术抑制效果仅最大值生效
power_config,heal,name_desc,治疗
power_config,heal,info_desc,回复单个受伤盟友的生命值
power_config,heal_all,name_desc,治疗-全部
power_config,heal_all,info_desc,回复所有盟友的生命值
power_config,thrash,name_desc,连击
power_config,thrash,info_desc,在前排位置近战攻击击中敌人时：随机对单个后排敌人发动连击
power_config,thorns,name_desc,荆棘
power_config,thorns,info_desc,此卡受到近战攻击命中时：对攻击者造成伤害
power_config,resonate,name_desc,共鸣
power_config,resonate,info_desc,对手支付水晶时：我方获得一定量的水晶
power_config,explode,name_desc,爆炸
power_config,explode,info_desc,在前排位置被消灭时：对正对面的敌人造成伤害
power_config,damage,name_desc,侵袭
power_config,damage,info_desc,对目标敌人造成伤害
power_config,damage_all,name_desc,侵袭-全部
power_config,damage_all,info_desc,对所有敌人造成伤害
power_config,chance,name_desc,随机伤害
power_config,chance,info_desc,对一个随机敌人造成随机伤害
power_config,crystal,name_desc,额外水晶
power_config,crystal,info_desc,此卡被献祭时：获得额外的水晶
power_config,reach,name_desc,长手
power_config,reach,info_desc,此卡可以在后排位置发动近战攻击
power_config,cleave,name_desc,贯穿
power_config,cleave,info_desc,攻击破坏敌人的护甲时：对敌人的生命值造成剩余的伤害
power_config,disease,name_desc,侵染
power_config,disease,info_desc,对敌人造成近战、远程或荆棘伤害时：该敌人受到【疾病】（疾病状态的怪兽失去鼓舞、恫吓及魔法反射能力；疾病可以被治疗治愈）
power_config,disease_all,name_desc,侵染-全部
power_config,disease_all,info_desc,对敌人造成近战、远程或荆棘伤害时：所有敌人受到【疾病】（疾病状态的怪兽失去鼓舞、恫吓及魔法反射能力；疾病可以被治疗治愈）
power_config,flying,name_desc,飞翔
power_config,flying,info_desc,被没有{飞翔}技能的怪物攻击时：50%几率回避近战攻击和连击，25%几率回避远程攻击
power_config,counter,name_desc,反击
power_config,counter,info_desc,受到近战伤害时：50%几率对攻击者造成等量伤害
power_config,stoneskin,name_desc,石肤
power_config,stoneskin,info_desc,被攻击时：如果没有护甲，则25%几率免疫远程伤害
power_config,antidote,name_desc,闪电
power_config,antidote,info_desc,对目标敌人造成魔法伤害
power_config,disarm,name_desc,缴械
power_config,disarm,info_desc,近战或远程攻击命中敌人时：消灭该敌人的武器
power_config,doom,name_desc,末日
power_config,doom,info_desc,消灭目标敌人
power_config,deathstrike,name_desc,死亡袭击
power_config,deathstrike,info_desc,攻击敌人并对其生命值造成伤害时：消灭该敌人
power_config,revive,name_desc,复苏
power_config,revive,info_desc,被消灭时：复活此卡，此效果只会触发一次
power_config,breaker,name_desc,破甲
power_config,breaker,info_desc,近战和远程攻击对护甲造成额外伤害，且远程攻击不会被护甲格挡
power_config,entangle,name_desc,束缚
power_config,entangle,info_desc,50%几率优先使正对面未束缚的敌人受到【束缚】，持续到对方回合结束（束缚状态的怪兽失去飞翔，且跳过其下一个攻击阶段）
power_config,reflect,name_desc,魔法反射
power_config,reflect,info_desc,被魔法攻击时：75%几率不受伤害并对攻击者反弹全部伤害
power_config,boost,name_desc,护甲强化
power_config,boost,info_desc,此卡装备护甲时：获得额外护甲值
power_config,aggro,name_desc,嘲讽
power_config,aggro,info_desc,使远程敌人优先攻击此卡
power_config,stealth,name_desc,潜行
power_config,stealth,info_desc,此卡位于后排时：不会成为远程和魔法攻击的目标
power_config,swap,name_desc,恐惧
power_config,swap,info_desc,此卡使用后：前排的敌人和随机单个后排敌人交换位置
power_config,paint,name_desc,标记
power_config,paint,info_desc,【标记】目标敌人（远程攻击会无视嘲讽和潜行优先攻击被标记的敌人）
power_config,trample,name_desc,践踏
power_config,trample,info_desc,此卡位于前排且使用近战攻击击中敌人时：对所有后排敌人发动践踏
power_config,charge,name_desc,冲锋
power_config,charge,info_desc,战斗阶段开始时：增加此卡的近战攻击，持续到对方回合结束，该效果只能触发一次
power_config,critical,name_desc,暴击
power_config,critical,info_desc,50%几率造成1.5倍近战或远程伤害，向上取整
power_config,berserk,name_desc,狂怒
power_config,berserk,info_desc,近战伤害增加，伤害量等同于此卡已损失的生命值
power_config,backstab,name_desc,背刺
power_config,backstab,info_desc,此卡位于后排时：仅对正对面的敌人发动近战攻击，无视潜行
power_config,regenerate,name_desc,再生
power_config,regenerate,info_desc,被消灭时：免疫消灭效果并且当前生命值变为1，此效果只会触发一次
power_config,stun,name_desc,眩晕
power_config,stun,info_desc,近战或远程攻击命中没有护甲的敌人时：75%几率使敌人受到【眩晕】（眩晕状态的怪兽失去飞翔，且跳过其下一个攻击阶段）
power_config,silence,name_desc,沉默
power_config,silence,info_desc,此卡使用后：所有敌人受到【沉默】（沉默状态的怪兽无法使用魔法攻击和治疗）
power_config,unsummon,name_desc,反召唤
power_config,unsummon,info_desc,将目标怪兽移回其拥有者的牌库
power_config,decoy,name_desc,无敌
power_config,decoy,info_desc,目标怪兽获得【无敌】（无敌状态的怪兽不会受到生命值伤害，每个怪兽只能获得一次无敌），持续到对方回合结束
power_config,antiair,name_desc,防空
power_config,antiair,info_desc,攻击被飞翔闪避时：75%几率再进行一次无视护甲的远程攻击，该效果每回合只能触发一次
power_config,immunity,name_desc,免疫
power_config,immunity,info_desc,不能成为消耗品的目标，免疫恫吓和沉默
power_config,draft,name_desc,征募
power_config,draft,info_desc,此卡使用后：获得一定量的水晶
power_config,destroy,name_desc,粉碎
power_config,destroy,info_desc,消灭目标敌方护甲
power_config,opportunity,name_desc,机会
power_config,opportunity,info_desc,敌人使用长手或背刺时：对该敌人进行一次远程攻击，该效果每回合只能触发一次
power_config,cautious,name_desc,警觉
power_config,cautious,info_desc,免疫反击，荆棘，束缚，机会效果
power_config,repair,name_desc,修复
power_config,repair,info_desc,随机修复单个盟友的护甲
power_config,bless,name_desc,祝福
power_config,bless,info_desc,战斗阶段开始时：所有盟友获得【警惕】（警惕状态的怪兽免疫反击，荆棘，束缚，机会，防空，爆炸，眩晕效果 ）、获得2点护盾、1点魔法护盾且免疫消耗品伤害，持续到对方回合结束
power_config,curse,name_desc,魔法诅咒
power_config,curse,info_desc,魔法攻击击中敌人时：该敌人受到【诅咒】（诅咒状态的怪兽会使回合开始时回复的水晶减1，每个怪兽只能被诅咒一次）
power_config,drain_crystal,name_desc,水晶萃取
power_config,drain_crystal,info_desc,此卡消灭敌人时：获得一定量的水晶
power_config,swipe,name_desc,猛击
power_config,swipe,info_desc,此卡位于前排时：对每个敌人造成0~1点伤害
power_config,invincible,name_desc,无敌
power_config,invincible,info_desc,目标怪兽获得【无敌】（无敌状态的怪兽不会受到生命值伤害，每个怪兽只能获得一次无敌），持续到对方回合结束
status_config,entangled,round_desc,束缚(剩%d回合)
status_config,entangled,info_desc,失去飞翔，无法行动
status_config,diseased,round_desc,疾病(需累计治疗%d点)
status_config,diseased,info_desc,失去鼓舞、恫吓及魔法反射能力，并移除祝福状态，可以被治疗治愈
status_config,silenced,round_desc,沉默(剩%d回合)
status_config,silenced,info_desc,失去魔法攻击及治疗能力
status_config,painted,round_desc,标记(剩%d回合)
status_config,painted,info_desc,始终是远程攻击的优先目标，无视嘲讽和潜行
status_config,demoralized,round_desc,恫吓(剩%d回合)
status_config,demoralized,info_desc,近战攻击力降低 -%d
status_config,antimagicd,round_desc,法术抑制(剩%d回合)
status_config,antimagicd,info_desc,魔法攻击力降低-%d
status_config,rallied,round_desc,鼓舞士气(剩%d回合)
status_config,rallied,info_desc,近战攻击力增加 +%d，并免疫恐惧
status_config,charged,round_desc,冲锋(剩%d回合)
status_config,charged,info_desc,近战攻击力增加 +%d
status_config,against_melee,round_desc,近战失效
status_config,against_melee,info_desc,位于后排无法进行近战攻击
status_config,against_ranged,round_desc,远程失效
status_config,against_ranged,info_desc,位于前排无法进行远程攻击
item_config,100001,name,怪物粉末
item_config,100002,name,怪物粉末（自然）
item_config,100003,name,怪物粉末（平衡）
item_config,100004,name,怪物粉末（混乱）
item_config,100005,name,怪物粉末（命运）
item_config,200001,name,道具粉末
item_config,200002,name,物品粉末（自然）
item_config,200003,name,物品粉末（平衡）
item_config,200004,name,物品粉末（混乱）
item_config,200005,name,物品粉末（命运）
item_config,200006,name,物品粉末（中立）
item_config,300001,name,普通玻璃水晶
item_config,300002,name,稀有湛蓝水晶
item_config,300003,name,史诗橙黄水晶
item_config,300004,name,传说血色水晶
item_config,400001,name,融合卷轴
item_config,500001,name,游戏币
item_config,500002,name,代币
item_config,100001,desc,合成及升级所需的重要材料，可通过分解怪物卡牌获取。
item_config,100002,desc,合成及升级所需的重要材料，可通过分解自然怪物卡牌获取。
item_config,100003,desc,合成及升级所需的重要材料，可通过分解平衡怪物卡牌获取。
item_config,100004,desc,合成及升级所需的重要材料，可通过分解混乱怪物卡牌获取。
item_config,100005,desc,合成及升级所需的重要材料，可通过分解命运怪物卡牌获取。
item_config,200001,desc,合成及升级所需的重要材料，可通过分解道具卡牌获取。
item_config,200002,desc,合成及升级所需的重要材料，可通过分解自然道具卡牌获取。
item_config,200003,desc,合成及升级所需的重要材料，可通过分解平衡道具卡牌获取。
item_config,200004,desc,合成及升级所需的重要材料，可通过分解混乱道具卡牌获取。
item_config,200005,desc,合成及升级所需的重要材料，可通过分解命运道具卡牌获取。
item_config,200006,desc,合成及升级所需的重要材料，可通过分解中立道具卡牌获取。
item_config,300001,desc,升级所需的重要材料，可通过分解普通质量怪物卡牌获取。
item_config,300002,desc,升级所需的重要材料，可通过分解稀有质量怪物卡牌获取。
item_config,300003,desc,升级所需的重要材料，可通过分解史诗质量怪物卡牌获取。
item_config,300004,desc,升级所需的重要材料，可通过分解传说质量怪物卡牌获取。
item_config,400001,desc,升级所需的重要材料，可通过冒险系统获取。
item_config,500001,desc,游戏内重要资源之一。
item_config,500002,desc,游戏内重要资源之一。
tips_config,1,desc,向老板买饮料中...
tips_config,2,desc,重新组建套牌中...
tips_config,3,desc,等一下，我听个电话...
tips_config,4,desc,稍等稍等，我上个厕所...
tips_config,5,desc,今天天气不错...
statistic_config,100001,desc,消耗金币总量
statistic_config,200001,desc,获得三连胜次数
statistic_config,300001,desc,杀死蓝龙次数
statistic_config,400001,desc,被蓝龙杀死次数
statistic_config,500001,desc,传说质量卡牌数量
task_config,1,desc,对战中赢得一场胜利(非冒险)
task_config,2,desc,对战中至少召唤5个怪物(非冒险)
task_config,3,desc,对战中使用1次道具(非冒险)
task_config,4,desc,对战中至少召唤1个黄色命运怪兽并获得胜利(非冒险)
task_config,5,desc,对战中至少召唤2个费用2及以下的怪兽(非冒险)
task_config,6,desc,对战中至少召唤1个费用3及以上的怪兽(非冒险)
task_config,7,desc,对战中赢得一场胜利(非冒险)
task_config,100001,desc,对战中赢得一场胜利(非冒险)
task_config,100002,desc,对战中消灭4个怪物(非冒险)
task_config,100003,desc,对战中使用4个物品(非冒险)
task_config,100004,desc,对战中赢得一场胜利(非冒险)
task_config,200001,desc,对战中赢得一场胜利(非冒险)
task_config,200002,desc,对战中消灭6个怪物(非冒险)
task_config,200003,desc,对战中使用6个物品(非冒险)
task_config,200004,desc,对战中至少召唤2个费用2及以下的怪兽(非冒险)
task_config,200005,desc,对战中赢得一场胜利(非冒险)
task_config,300001,desc,对战中赢得一场胜利(非冒险)
task_config,300002,desc,对战中消灭6个怪物(非冒险)
task_config,300003,desc,对战中使用6个物品(非冒险)
task_config,300004,desc,对战中至少召唤2个费用2及以下的物品(非冒险)
task_config,300005,desc,对战中赢得一场胜利(非冒险)
task_config,400001,desc,对战中赢得一场胜利(非冒险)
task_config,400002,desc,对战中消灭6个怪物(非冒险)
task_config,400003,desc,对战中使用6个物品(非冒险)
task_config,400004,desc,对战中至少召唤4个费用2及以下的卡片(非冒险)
task_config,400005,desc,对战中赢得一场胜利(非冒险)
task_config,500001,desc,对战中赢得一场胜利(非冒险)
task_config,500002,desc,对战中消灭6个怪物(非冒险)
task_config,500003,desc,对战中使用6个物品(非冒险)
task_config,500004,desc,对战中至少召唤4个费用2及以下的卡片(非冒险)
task_config,500005,desc,对战中赢得一场胜利(非冒险)
task_config,600001,desc,在1场对战中至少召唤2个红色战争卡片并获得胜利(非冒险)
task_config,600002,desc,在1场对战中至少召唤2个黄色命运卡片并获得胜利(非冒险)
task_config,600003,desc,在1场对战中至少召唤2个蓝色平衡卡片并获得胜利(非冒险)
task_config,600004,desc,在1场对战中至少召唤2个绿色自然卡片并获得胜利(非冒险)
task_config,600005,desc,在1场对战中至少召唤2个紫色混乱卡片并获得胜利(非冒险)
task_config,600006,desc,在1场对战中至少召唤2个白色中立卡片并获得胜利(非冒险)
task_config,600007,desc,在1场对战中至少召唤3个红色战争或黄色命运卡片并获得胜利(非冒险)
task_config,600008,desc,在1场对战中至少召唤3个红色战争或蓝色平衡卡片并获得胜利(非冒险)
task_config,600009,desc,在1场对战中至少召唤3个红色战争或绿色自然卡片并获得胜利(非冒险)
task_config,600010,desc,在1场对战中至少召唤3个红色战争或紫色混乱卡片并获得胜利(非冒险)
task_config,600011,desc,在1场对战中至少召唤3个红色战争或白色中立卡片并获得胜利(非冒险)
task_config,600012,desc,在1场对战中至少召唤3个黄色命运或蓝色平衡卡片并获得胜利(非冒险)
task_config,600013,desc,在1场对战中至少召唤3个黄色命运或绿色自然卡片并获得胜利(非冒险)
task_config,600014,desc,在1场对战中至少召唤3个黄色命运或紫色混乱卡片并获得胜利(非冒险)
task_config,600015,desc,在1场对战中至少召唤3个黄色命运或白色中立卡片并获得胜利(非冒险)
task_config,600016,desc,在1场对战中至少召唤3个蓝色平衡或绿色自然卡片并获得胜利(非冒险)
task_config,600017,desc,在1场对战中至少召唤3个蓝色平衡或紫色混乱卡片并获得胜利(非冒险)
task_config,600018,desc,在1场对战中至少召唤3个蓝色平衡或白色中立卡片并获得胜利(非冒险)
task_config,600019,desc,在1场对战中至少召唤3个绿色自然或紫色混乱卡片并获得胜利(非冒险)
task_config,600020,desc,在1场对战中至少召唤3个绿色自然或白色中立卡片并获得胜利(非冒险)
task_config,600021,desc,在1场对战中至少召唤3个紫色混乱或白色中立卡片并获得胜利(非冒险)
task_config,600022,desc,对战中赢得一场胜利(非冒险)
task_config,600023,desc,对战中消灭6个怪物(非冒险)
task_config,600024,desc,对战中使用6个物品(非冒险)
task_config,600025,desc,对战中至少召唤2个费用2及以下的怪物(非冒险)
task_config,600026,desc,对战中至少召唤3个费用3及以下的怪物(非冒险)
task_config,600027,desc,对战中至少召唤4个费用4及以下的怪物(非冒险)
task_config,600028,desc,对战中至少召唤3个费用2及以上的怪物(非冒险)
task_config,600029,desc,对战中至少召唤2个费用3及以上的怪物(非冒险)
task_config,600030,desc,对战中至少召唤2个费用2及以下的物品(非冒险)
task_config,600031,desc,对战中至少召唤3个费用3及以下的物品(非冒险)
task_config,600032,desc,对战中至少召唤4个费用4及以下的物品(非冒险)
task_config,600033,desc,对战中至少召唤3个费用2及以上的物品(非冒险)
task_config,600034,desc,对战中至少召唤2个费用3及以上的物品(非冒险)
task_config,600035,desc,对战中至少召唤2个费用2及以下的卡片(非冒险)
task_config,600036,desc,对战中至少召唤3个费用3及以下的卡片(非冒险)
task_config,600037,desc,对战中至少召唤4个费用4及以下的卡片(非冒险)
task_config,600038,desc,对战中至少召唤3个费用2及以上的卡片(非冒险)
task_config,600039,desc,对战中至少召唤2个费用3及以上的卡片(非冒险)
task_config,600040,desc,完成2次冒险胜利
task_config,700001,desc,在1场对战中至少召唤2个红色战争卡片并获得胜利(非冒险)
task_config,700002,desc,在1场对战中至少召唤2个黄色命运卡片并获得胜利(非冒险)
task_config,700003,desc,在1场对战中至少召唤2个蓝色平衡卡片并获得胜利(非冒险)
task_config,700004,desc,在1场对战中至少召唤2个绿色自然卡片并获得胜利(非冒险)
task_config,700005,desc,在1场对战中至少召唤2个紫色混乱卡片并获得胜利(非冒险)
task_config,700006,desc,在1场对战中至少召唤2个白色中立卡片并获得胜利(非冒险)
task_config,700007,desc,在1场对战中至少召唤3个红色战争或黄色命运卡片并获得胜利(非冒险)
task_config,700008,desc,在1场对战中至少召唤3个红色战争或蓝色平衡卡片并获得胜利(非冒险)
task_config,700009,desc,在1场对战中至少召唤3个红色战争或绿色自然卡片并获得胜利(非冒险)
task_config,700010,desc,在1场对战中至少召唤3个红色战争或紫色混乱卡片并获得胜利(非冒险)
task_config,700011,desc,在1场对战中至少召唤3个红色战争或白色中立卡片并获得胜利(非冒险)
task_config,700012,desc,在1场对战中至少召唤3个黄色命运或蓝色平衡卡片并获得胜利(非冒险)
task_config,700013,desc,在1场对战中至少召唤3个黄色命运或绿色自然卡片并获得胜利(非冒险)
task_config,700014,desc,在1场对战中至少召唤3个黄色命运或紫色混乱卡片并获得胜利(非冒险)
task_config,700015,desc,在1场对战中至少召唤3个黄色命运或白色中立卡片并获得胜利(非冒险)
task_config,700016,desc,在1场对战中至少召唤3个蓝色平衡或绿色自然卡片并获得胜利(非冒险)
task_config,700017,desc,在1场对战中至少召唤3个蓝色平衡或紫色混乱卡片并获得胜利(非冒险)
task_config,700018,desc,在1场对战中至少召唤3个蓝色平衡或白色中立卡片并获得胜利(非冒险)
task_config,700019,desc,在1场对战中至少召唤3个绿色自然或紫色混乱卡片并获得胜利(非冒险)
task_config,700020,desc,在1场对战中至少召唤3个绿色自然或白色中立卡片并获得胜利(非冒险)
task_config,700021,desc,在1场对战中至少召唤3个紫色混乱或白色中立卡片并获得胜利(非冒险)
task_config,700022,desc,对战中赢得一场胜利(非冒险)
task_config,700023,desc,对战中消灭6个怪物(非冒险)
task_config,700024,desc,对战中使用6个物品(非冒险)
task_config,700025,desc,对战中至少召唤2个费用2及以下的怪物(非冒险)
task_config,700026,desc,对战中至少召唤3个费用3及以下的怪物(非冒险)
task_config,700027,desc,对战中至少召唤4个费用4及以下的怪物(非冒险)
task_config,700028,desc,对战中至少召唤3个费用2及以上的怪物(非冒险)
task_config,700029,desc,对战中至少召唤2个费用3及以上的怪物(非冒险)
task_config,700030,desc,对战中至少召唤2个费用2及以下的物品(非冒险)
task_config,700031,desc,对战中至少召唤3个费用3及以下的物品(非冒险)
task_config,700032,desc,对战中至少召唤4个费用4及以下的物品(非冒险)
task_config,700033,desc,对战中至少召唤3个费用2及以上的物品(非冒险)
task_config,700034,desc,对战中至少召唤2个费用3及以上的物品(非冒险)
task_config,700035,desc,对战中至少召唤2个费用2及以下的卡片(非冒险)
task_config,700036,desc,对战中至少召唤3个费用3及以下的卡片(非冒险)
task_config,700037,desc,对战中至少召唤4个费用4及以下的卡片(非冒险)
task_config,700038,desc,对战中至少召唤3个费用2及以上的卡片(非冒险)
task_config,700039,desc,对战中至少召唤2个费用3及以上的卡片(非冒险)
task_config,700040,desc,完成2次冒险胜利
task_config,800001,desc,在1场对战中至少召唤2个红色战争怪物并获得胜利(非冒险)
task_config,800002,desc,在1场对战中至少召唤2个黄色命运怪物并获得胜利(非冒险)
task_config,800003,desc,在1场对战中至少召唤2个蓝色平衡怪物并获得胜利(非冒险)
task_config,800004,desc,在1场对战中至少召唤2个绿色自然怪物并获得胜利(非冒险)
task_config,800005,desc,在1场对战中至少召唤2个紫色混乱怪物并获得胜利(非冒险)
task_config,800006,desc,在1场对战中至少召唤3个红色战争或黄色命运怪物并获得胜利(非冒险)
task_config,800007,desc,在1场对战中至少召唤3个红色战争或蓝色平衡怪物并获得胜利(非冒险)
task_config,800008,desc,在1场对战中至少召唤3个红色战争或绿色自然怪物并获得胜利(非冒险)
task_config,800009,desc,在1场对战中至少召唤3个红色战争或紫色混乱怪物并获得胜利(非冒险)
task_config,800010,desc,在1场对战中至少召唤3个黄色命运或蓝色平衡怪物并获得胜利(非冒险)
task_config,800011,desc,在1场对战中至少召唤3个黄色命运或绿色自然怪物并获得胜利(非冒险)
task_config,800012,desc,在1场对战中至少召唤3个黄色命运或紫色混乱怪物并获得胜利(非冒险)
task_config,800013,desc,在1场对战中至少召唤3个蓝色平衡或绿色自然怪物并获得胜利(非冒险)
task_config,800014,desc,在1场对战中至少召唤3个蓝色平衡或紫色混乱怪物并获得胜利(非冒险)
task_config,800015,desc,在1场对战中至少召唤3个绿色自然或紫色混乱怪物并获得胜利(非冒险)
task_config,800016,desc,在1场对战中至少召唤2个红色战争物品并获得胜利(非冒险)
task_config,800017,desc,在1场对战中至少召唤2个黄色命运物品并获得胜利(非冒险)
task_config,800018,desc,在1场对战中至少召唤2个蓝色平衡物品并获得胜利(非冒险)
task_config,800019,desc,在1场对战中至少召唤2个绿色自然物品并获得胜利(非冒险)
task_config,800020,desc,在1场对战中至少召唤2个紫色混乱物品并获得胜利(非冒险)
task_config,800021,desc,在1场对战中至少召唤2个白色中立物品并获得胜利(非冒险)
task_config,800022,desc,在1场对战中至少召唤3个红色战争或黄色命运物品并获得胜利(非冒险)
task_config,800023,desc,在1场对战中至少召唤3个红色战争或蓝色平衡物品并获得胜利(非冒险)
task_config,800024,desc,在1场对战中至少召唤3个红色战争或绿色自然物品并获得胜利(非冒险)
task_config,800025,desc,在1场对战中至少召唤3个红色战争或紫色混乱物品并获得胜利(非冒险)
task_config,800026,desc,在1场对战中至少召唤3个红色战争或白色中立物品并获得胜利(非冒险)
task_config,800027,desc,在1场对战中至少召唤3个黄色命运或蓝色平衡物品并获得胜利(非冒险)
task_config,800028,desc,在1场对战中至少召唤3个黄色命运或绿色自然物品并获得胜利(非冒险)
task_config,800029,desc,在1场对战中至少召唤3个黄色命运或紫色混乱物品并获得胜利(非冒险)
task_config,800030,desc,在1场对战中至少召唤3个黄色命运或白色中立物品并获得胜利(非冒险)
task_config,800031,desc,在1场对战中至少召唤3个蓝色平衡或绿色自然物品并获得胜利(非冒险)
task_config,800032,desc,在1场对战中至少召唤3个蓝色平衡或紫色混乱物品并获得胜利(非冒险)
task_config,800033,desc,在1场对战中至少召唤3个蓝色平衡或白色中立物品并获得胜利(非冒险)
task_config,800034,desc,在1场对战中至少召唤3个绿色自然或紫色混乱物品并获得胜利(非冒险)
task_config,800035,desc,在1场对战中至少召唤3个绿色自然或白色中立物品并获得胜利(非冒险)
task_config,800036,desc,在1场对战中至少召唤3个紫色混乱或白色中立物品并获得胜利(非冒险)
task_config,800037,desc,在1场对战中至少召唤4个红色战争卡片并获得胜利(非冒险)
task_config,800038,desc,在1场对战中至少召唤4个黄色命运卡片并获得胜利(非冒险)
task_config,800039,desc,在1场对战中至少召唤4个蓝色平衡卡片并获得胜利(非冒险)
task_config,800040,desc,在1场对战中至少召唤4个绿色自然卡片并获得胜利(非冒险)
task_config,800041,desc,在1场对战中至少召唤4个紫色混乱卡片并获得胜利(非冒险)
task_config,800042,desc,在1场对战中至少召唤4个白色中立卡片并获得胜利(非冒险)
task_config,800043,desc,在1场对战中至少召唤5个红色战争或黄色命运卡片并获得胜利(非冒险)
task_config,800044,desc,在1场对战中至少召唤5个红色战争或蓝色平衡卡片并获得胜利(非冒险)
task_config,800045,desc,在1场对战中至少召唤5个红色战争或绿色自然卡片并获得胜利(非冒险)
task_config,800046,desc,在1场对战中至少召唤5个红色战争或紫色混乱卡片并获得胜利(非冒险)
task_config,800047,desc,在1场对战中至少召唤5个红色战争或白色中立卡片并获得胜利(非冒险)
task_config,800048,desc,在1场对战中至少召唤5个黄色命运或蓝色平衡卡片并获得胜利(非冒险)
task_config,800049,desc,在1场对战中至少召唤5个黄色命运或绿色自然卡片并获得胜利(非冒险)
task_config,800050,desc,在1场对战中至少召唤5个黄色命运或紫色混乱卡片并获得胜利(非冒险)
task_config,800051,desc,在1场对战中至少召唤5个黄色命运或白色中立卡片并获得胜利(非冒险)
task_config,800052,desc,在1场对战中至少召唤5个蓝色平衡或绿色自然卡片并获得胜利(非冒险)
task_config,800053,desc,在1场对战中至少召唤5个蓝色平衡或紫色混乱卡片并获得胜利(非冒险)
task_config,800054,desc,在1场对战中至少召唤5个蓝色平衡或白色中立卡片并获得胜利(非冒险)
task_config,800055,desc,在1场对战中至少召唤5个绿色自然或紫色混乱卡片并获得胜利(非冒险)
task_config,800056,desc,在1场对战中至少召唤5个绿色自然或白色中立卡片并获得胜利(非冒险)
task_config,800057,desc,在1场对战中至少召唤5个紫色混乱或白色中立卡片并获得胜利(非冒险)
task_config,800058,desc,对战中赢得一场胜利(非冒险)
task_config,800059,desc,对战中消灭6个怪物(非冒险)
task_config,800060,desc,对战中使用6个物品(非冒险)
task_config,800061,desc,对战中至少召唤4个费用2及以下的怪物(非冒险)
task_config,800062,desc,对战中至少召唤5个费用3及以下的怪物(非冒险)
task_config,800063,desc,对战中至少召唤6个费用4及以下的怪物(非冒险)
task_config,800064,desc,对战中至少召唤5个费用2及以上的怪物(非冒险)
task_config,800065,desc,对战中至少召唤4个费用3及以上的怪物(非冒险)
task_config,800066,desc,对战中至少召唤3个费用4及以上的怪物(非冒险)
task_config,800067,desc,对战中赢得一场胜利(非冒险)
task_config,800068,desc,对战中至少召唤4个费用2及以下的物品(非冒险)
task_config,800069,desc,对战中至少召唤5个费用3及以下的物品(非冒险)
task_config,800070,desc,对战中至少召唤6个费用4及以下的物品(非冒险)
task_config,800071,desc,对战中至少召唤5个费用2及以上的物品(非冒险)
task_config,800072,desc,对战中至少召唤4个费用3及以上的物品(非冒险)
task_config,800073,desc,对战中至少召唤3个费用4及以上的物品(非冒险)
task_config,800074,desc,对战中赢得一场胜利(非冒险)
task_config,800075,desc,对战中至少召唤4个费用2及以下的卡片(非冒险)
task_config,800076,desc,对战中至少召唤5个费用3及以下的卡片(非冒险)
task_config,800077,desc,对战中至少召唤6个费用4及以下的卡片(非冒险)
task_config,800078,desc,对战中至少召唤5个费用2及以上的卡片(非冒险)
task_config,800079,desc,对战中至少召唤4个费用3及以上的卡片(非冒险)
task_config,800080,desc,对战中至少召唤3个费用4及以上的卡片(非冒险)
task_config,800081,desc,对战中赢得一场胜利(非冒险)
task_config,800082,desc,完成2次冒险胜利
task_config,900001,desc,在1场对战中至少召唤2个红色战争怪物并获得胜利(非冒险)
task_config,900002,desc,在1场对战中至少召唤2个黄色命运怪物并获得胜利(非冒险)
task_config,900003,desc,在1场对战中至少召唤2个蓝色平衡怪物并获得胜利(非冒险)
task_config,900004,desc,在1场对战中至少召唤2个绿色自然怪物并获得胜利(非冒险)
task_config,900005,desc,在1场对战中至少召唤2个紫色混乱怪物并获得胜利(非冒险)
task_config,900006,desc,在1场对战中至少召唤3个红色战争或黄色命运怪物并获得胜利(非冒险)
task_config,900007,desc,在1场对战中至少召唤3个红色战争或蓝色平衡怪物并获得胜利(非冒险)
task_config,900008,desc,在1场对战中至少召唤3个红色战争或绿色自然怪物并获得胜利(非冒险)
task_config,900009,desc,在1场对战中至少召唤3个红色战争或紫色混乱怪物并获得胜利(非冒险)
task_config,900010,desc,在1场对战中至少召唤3个黄色命运或蓝色平衡怪物并获得胜利(非冒险)
task_config,900011,desc,在1场对战中至少召唤3个黄色命运或绿色自然怪物并获得胜利(非冒险)
task_config,900012,desc,在1场对战中至少召唤3个黄色命运或紫色混乱怪物并获得胜利(非冒险)
task_config,900013,desc,在1场对战中至少召唤3个蓝色平衡或绿色自然怪物并获得胜利(非冒险)
task_config,900014,desc,在1场对战中至少召唤3个蓝色平衡或紫色混乱怪物并获得胜利(非冒险)
task_config,900015,desc,在1场对战中至少召唤3个绿色自然或紫色混乱怪物并获得胜利(非冒险)
task_config,900016,desc,在1场对战中至少召唤2个红色战争物品并获得胜利(非冒险)
task_config,900017,desc,在1场对战中至少召唤2个黄色命运物品并获得胜利(非冒险)
task_config,900018,desc,在1场对战中至少召唤2个蓝色平衡物品并获得胜利(非冒险)
task_config,900019,desc,在1场对战中至少召唤2个绿色自然物品并获得胜利(非冒险)
task_config,900020,desc,在1场对战中至少召唤2个紫色混乱物品并获得胜利(非冒险)
task_config,900021,desc,在1场对战中至少召唤2个白色中立物品并获得胜利(非冒险)
task_config,900022,desc,在1场对战中至少召唤3个红色战争或黄色命运物品并获得胜利(非冒险)
task_config,900023,desc,在1场对战中至少召唤3个红色战争或蓝色平衡物品并获得胜利(非冒险)
task_config,900024,desc,在1场对战中至少召唤3个红色战争或绿色自然物品并获得胜利(非冒险)
task_config,900025,desc,在1场对战中至少召唤3个红色战争或紫色混乱物品并获得胜利(非冒险)
task_config,900026,desc,在1场对战中至少召唤3个红色战争或白色中立物品并获得胜利(非冒险)
task_config,900027,desc,在1场对战中至少召唤3个黄色命运或蓝色平衡物品并获得胜利(非冒险)
task_config,900028,desc,在1场对战中至少召唤3个黄色命运或绿色自然物品并获得胜利(非冒险)
task_config,900029,desc,在1场对战中至少召唤3个黄色命运或紫色混乱物品并获得胜利(非冒险)
task_config,900030,desc,在1场对战中至少召唤3个黄色命运或白色中立物品并获得胜利(非冒险)
task_config,900031,desc,在1场对战中至少召唤3个蓝色平衡或绿色自然物品并获得胜利(非冒险)
task_config,900032,desc,在1场对战中至少召唤3个蓝色平衡或紫色混乱物品并获得胜利(非冒险)
task_config,900033,desc,在1场对战中至少召唤3个蓝色平衡或白色中立物品并获得胜利(非冒险)
task_config,900034,desc,在1场对战中至少召唤3个绿色自然或紫色混乱物品并获得胜利(非冒险)
task_config,900035,desc,在1场对战中至少召唤3个绿色自然或白色中立物品并获得胜利(非冒险)
task_config,900036,desc,在1场对战中至少召唤3个紫色混乱或白色中立物品并获得胜利(非冒险)
task_config,900037,desc,在1场对战中至少召唤4个红色战争卡片并获得胜利(非冒险)
task_config,900038,desc,在1场对战中至少召唤4个黄色命运卡片并获得胜利(非冒险)
task_config,900039,desc,在1场对战中至少召唤4个蓝色平衡卡片并获得胜利(非冒险)
task_config,900040,desc,在1场对战中至少召唤4个绿色自然卡片并获得胜利(非冒险)
task_config,900041,desc,在1场对战中至少召唤4个紫色混乱卡片并获得胜利(非冒险)
task_config,900042,desc,在1场对战中至少召唤4个白色中立卡片并获得胜利(非冒险)
task_config,900043,desc,在1场对战中至少召唤5个红色战争或黄色命运卡片并获得胜利(非冒险)
task_config,900044,desc,在1场对战中至少召唤5个红色战争或蓝色平衡卡片并获得胜利(非冒险)
task_config,900045,desc,在1场对战中至少召唤5个红色战争或绿色自然卡片并获得胜利(非冒险)
task_config,900046,desc,在1场对战中至少召唤5个红色战争或紫色混乱卡片并获得胜利(非冒险)
task_config,900047,desc,在1场对战中至少召唤5个红色战争或白色中立卡片并获得胜利(非冒险)
task_config,900048,desc,在1场对战中至少召唤5个黄色命运或蓝色平衡卡片并获得胜利(非冒险)
task_config,900049,desc,在1场对战中至少召唤5个黄色命运或绿色自然卡片并获得胜利(非冒险)
task_config,900050,desc,在1场对战中至少召唤5个黄色命运或紫色混乱卡片并获得胜利(非冒险)
task_config,900051,desc,在1场对战中至少召唤5个黄色命运或白色中立卡片并获得胜利(非冒险)
task_config,900052,desc,在1场对战中至少召唤5个蓝色平衡或绿色自然卡片并获得胜利(非冒险)
task_config,900053,desc,在1场对战中至少召唤5个蓝色平衡或紫色混乱卡片并获得胜利(非冒险)
task_config,900054,desc,在1场对战中至少召唤5个蓝色平衡或白色中立卡片并获得胜利(非冒险)
task_config,900055,desc,在1场对战中至少召唤5个绿色自然或紫色混乱卡片并获得胜利(非冒险)
task_config,900056,desc,在1场对战中至少召唤5个绿色自然或白色中立卡片并获得胜利(非冒险)
task_config,900057,desc,在1场对战中至少召唤5个紫色混乱或白色中立卡片并获得胜利(非冒险)
task_config,900058,desc,对战中赢得一场胜利(非冒险)
task_config,900059,desc,对战中消灭6个怪物(非冒险)
task_config,900060,desc,对战中使用6个物品(非冒险)
task_config,900061,desc,对战中至少召唤4个费用2及以下的怪物(非冒险)
task_config,900062,desc,对战中至少召唤5个费用3及以下的怪物(非冒险)
task_config,900063,desc,对战中至少召唤6个费用4及以下的怪物(非冒险)
task_config,900064,desc,对战中至少召唤5个费用2及以上的怪物(非冒险)
task_config,900065,desc,对战中至少召唤4个费用3及以上的怪物(非冒险)
task_config,900066,desc,对战中至少召唤3个费用4及以上的怪物(非冒险)
task_config,900067,desc,对战中赢得一场胜利(非冒险)
task_config,900068,desc,对战中至少召唤4个费用2及以下的物品(非冒险)
task_config,900069,desc,对战中至少召唤5个费用3及以下的物品(非冒险)
task_config,900070,desc,对战中至少召唤6个费用4及以下的物品(非冒险)
task_config,900071,desc,对战中至少召唤5个费用2及以上的物品(非冒险)
task_config,900072,desc,对战中至少召唤4个费用3及以上的物品(非冒险)
task_config,900073,desc,对战中至少召唤3个费用4及以上的物品(非冒险)
task_config,900074,desc,对战中赢得一场胜利(非冒险)
task_config,900075,desc,对战中至少召唤4个费用2及以下的卡片(非冒险)
task_config,900076,desc,对战中至少召唤5个费用3及以下的卡片(非冒险)
task_config,900077,desc,对战中至少召唤6个费用4及以下的卡片(非冒险)
task_config,900078,desc,对战中至少召唤5个费用2及以上的卡片(非冒险)
task_config,900079,desc,对战中至少召唤4个费用3及以上的卡片(非冒险)
task_config,900080,desc,对战中至少召唤3个费用4及以上的卡片(非冒险)
task_config,900081,desc,对战中赢得一场胜利(非冒险)
task_config,900082,desc,完成2次冒险胜利
task_config,1000001,desc,在1场对战中至少召唤2个红色战争怪物并获得胜利(非冒险)
task_config,1000002,desc,在1场对战中至少召唤2个黄色命运怪物并获得胜利(非冒险)
task_config,1000003,desc,在1场对战中至少召唤2个蓝色平衡怪物并获得胜利(非冒险)
task_config,1000004,desc,在1场对战中至少召唤2个绿色自然怪物并获得胜利(非冒险)
task_config,1000005,desc,在1场对战中至少召唤2个紫色混乱怪物并获得胜利(非冒险)
task_config,1000006,desc,在1场对战中至少召唤3个红色战争或黄色命运怪物并获得胜利(非冒险)
task_config,1000007,desc,在1场对战中至少召唤3个红色战争或蓝色平衡怪物并获得胜利(非冒险)
task_config,1000008,desc,在1场对战中至少召唤3个红色战争或绿色自然怪物并获得胜利(非冒险)
task_config,1000009,desc,在1场对战中至少召唤3个红色战争或紫色混乱怪物并获得胜利(非冒险)
task_config,1000010,desc,在1场对战中至少召唤3个黄色命运或蓝色平衡怪物并获得胜利(非冒险)
task_config,1000011,desc,在1场对战中至少召唤3个黄色命运或绿色自然怪物并获得胜利(非冒险)
task_config,1000012,desc,在1场对战中至少召唤3个黄色命运或紫色混乱怪物并获得胜利(非冒险)
task_config,1000013,desc,在1场对战中至少召唤3个蓝色平衡或绿色自然怪物并获得胜利(非冒险)
task_config,1000014,desc,在1场对战中至少召唤3个蓝色平衡或紫色混乱怪物并获得胜利(非冒险)
task_config,1000015,desc,在1场对战中至少召唤3个绿色自然或紫色混乱怪物并获得胜利(非冒险)
task_config,1000016,desc,在1场对战中至少召唤2个红色战争物品并获得胜利(非冒险)
task_config,1000017,desc,在1场对战中至少召唤2个黄色命运物品并获得胜利(非冒险)
task_config,1000018,desc,在1场对战中至少召唤2个蓝色平衡物品并获得胜利(非冒险)
task_config,1000019,desc,在1场对战中至少召唤2个绿色自然物品并获得胜利(非冒险)
task_config,1000020,desc,在1场对战中至少召唤2个紫色混乱物品并获得胜利(非冒险)
task_config,1000021,desc,在1场对战中至少召唤2个白色中立物品并获得胜利(非冒险)
task_config,1000022,desc,在1场对战中至少召唤3个红色战争或黄色命运物品并获得胜利(非冒险)
task_config,1000023,desc,在1场对战中至少召唤3个红色战争或蓝色平衡物品并获得胜利(非冒险)
task_config,1000024,desc,在1场对战中至少召唤3个红色战争或绿色自然物品并获得胜利(非冒险)
task_config,1000025,desc,在1场对战中至少召唤3个红色战争或紫色混乱物品并获得胜利(非冒险)
task_config,1000026,desc,在1场对战中至少召唤3个红色战争或白色中立物品并获得胜利(非冒险)
task_config,1000027,desc,在1场对战中至少召唤3个黄色命运或蓝色平衡物品并获得胜利(非冒险)
task_config,1000028,desc,在1场对战中至少召唤3个黄色命运或绿色自然物品并获得胜利(非冒险)
task_config,1000029,desc,在1场对战中至少召唤3个黄色命运或紫色混乱物品并获得胜利(非冒险)
task_config,1000030,desc,在1场对战中至少召唤3个黄色命运或白色中立物品并获得胜利(非冒险)
task_config,1000031,desc,在1场对战中至少召唤3个蓝色平衡或绿色自然物品并获得胜利(非冒险)
task_config,1000032,desc,在1场对战中至少召唤3个蓝色平衡或紫色混乱物品并获得胜利(非冒险)
task_config,1000033,desc,在1场对战中至少召唤3个蓝色平衡或白色中立物品并获得胜利(非冒险)
task_config,1000034,desc,在1场对战中至少召唤3个绿色自然或紫色混乱物品并获得胜利(非冒险)
task_config,1000035,desc,在1场对战中至少召唤3个绿色自然或白色中立物品并获得胜利(非冒险)
task_config,1000036,desc,在1场对战中至少召唤3个紫色混乱或白色中立物品并获得胜利(非冒险)
task_config,1000037,desc,在1场对战中至少召唤4个红色战争卡片并获得胜利(非冒险)
task_config,1000038,desc,在1场对战中至少召唤4个黄色命运卡片并获得胜利(非冒险)
task_config,1000039,desc,在1场对战中至少召唤4个蓝色平衡卡片并获得胜利(非冒险)
task_config,1000040,desc,在1场对战中至少召唤4个绿色自然卡片并获得胜利(非冒险)
task_config,1000041,desc,在1场对战中至少召唤4个紫色混乱卡片并获得胜利(非冒险)
task_config,1000042,desc,在1场对战中至少召唤4个白色中立卡片并获得胜利(非冒险)
task_config,1000043,desc,在1场对战中至少召唤5个红色战争或黄色命运卡片并获得胜利(非冒险)
task_config,1000044,desc,在1场对战中至少召唤5个红色战争或蓝色平衡卡片并获得胜利(非冒险)
task_config,1000045,desc,在1场对战中至少召唤5个红色战争或绿色自然卡片并获得胜利(非冒险)
task_config,1000046,desc,在1场对战中至少召唤5个红色战争或紫色混乱卡片并获得胜利(非冒险)
task_config,1000047,desc,在1场对战中至少召唤5个红色战争或白色中立卡片并获得胜利(非冒险)
task_config,1000048,desc,在1场对战中至少召唤5个黄色命运或蓝色平衡卡片并获得胜利(非冒险)
task_config,1000049,desc,在1场对战中至少召唤5个黄色命运或绿色自然卡片并获得胜利(非冒险)
task_config,1000050,desc,在1场对战中至少召唤5个黄色命运或紫色混乱卡片并获得胜利(非冒险)
task_config,1000051,desc,在1场对战中至少召唤5个黄色命运或白色中立卡片并获得胜利(非冒险)
task_config,1000052,desc,在1场对战中至少召唤5个蓝色平衡或绿色自然卡片并获得胜利(非冒险)
task_config,1000053,desc,在1场对战中至少召唤5个蓝色平衡或紫色混乱卡片并获得胜利(非冒险)
task_config,1000054,desc,在1场对战中至少召唤5个蓝色平衡或白色中立卡片并获得胜利(非冒险)
task_config,1000055,desc,在1场对战中至少召唤5个绿色自然或紫色混乱卡片并获得胜利(非冒险)
task_config,1000056,desc,在1场对战中至少召唤5个绿色自然或白色中立卡片并获得胜利(非冒险)
task_config,1000057,desc,在1场对战中至少召唤5个紫色混乱或白色中立卡片并获得胜利(非冒险)
task_config,1000058,desc,对战中赢得一场胜利(非冒险)
task_config,1000059,desc,对战中消灭6个怪物(非冒险)
task_config,1000060,desc,对战中使用6个物品(非冒险)
task_config,1000061,desc,对战中至少召唤4个费用2及以下的怪物(非冒险)
task_config,1000062,desc,对战中至少召唤5个费用3及以下的怪物(非冒险)
task_config,1000063,desc,对战中至少召唤6个费用4及以下的怪物(非冒险)
task_config,1000064,desc,对战中至少召唤5个费用2及以上的怪物(非冒险)
task_config,1000065,desc,对战中至少召唤4个费用3及以上的怪物(非冒险)
task_config,1000066,desc,对战中至少召唤3个费用4及以上的怪物(非冒险)
task_config,1000067,desc,对战中赢得一场胜利(非冒险)
task_config,1000068,desc,对战中至少召唤4个费用2及以下的物品(非冒险)
task_config,1000069,desc,对战中至少召唤5个费用3及以下的物品(非冒险)
task_config,1000070,desc,对战中至少召唤6个费用4及以下的物品(非冒险)
task_config,1000071,desc,对战中至少召唤5个费用2及以上的物品(非冒险)
task_config,1000072,desc,对战中至少召唤4个费用3及以上的物品(非冒险)
task_config,1000073,desc,对战中至少召唤3个费用4及以上的物品(非冒险)
task_config,1000074,desc,对战中赢得一场胜利(非冒险)
task_config,1000075,desc,对战中至少召唤4个费用2及以下的卡片(非冒险)
task_config,1000076,desc,对战中至少召唤5个费用3及以下的卡片(非冒险)
task_config,1000077,desc,对战中至少召唤6个费用4及以下的卡片(非冒险)
task_config,1000078,desc,对战中至少召唤5个费用2及以上的卡片(非冒险)
task_config,1000079,desc,对战中至少召唤4个费用3及以上的卡片(非冒险)
task_config,1000080,desc,对战中至少召唤3个费用4及以上的卡片(非冒险)
task_config,1000081,desc,对战中赢得一场胜利(非冒险)
task_config,1000082,desc,完成2次冒险胜利
task_config,1100001,desc,在1场对战中至少召唤2个红色战争怪物并获得胜利(非冒险)
task_config,1100002,desc,在1场对战中至少召唤2个黄色命运怪物并获得胜利(非冒险)
task_config,1100003,desc,在1场对战中至少召唤2个蓝色平衡怪物并获得胜利(非冒险)
task_config,1100004,desc,在1场对战中至少召唤2个绿色自然怪物并获得胜利(非冒险)
task_config,1100005,desc,在1场对战中至少召唤2个紫色混乱怪物并获得胜利(非冒险)
task_config,1100006,desc,在1场对战中至少召唤3个红色战争或黄色命运怪物并获得胜利(非冒险)
task_config,1100007,desc,在1场对战中至少召唤3个红色战争或蓝色平衡怪物并获得胜利(非冒险)
task_config,1100008,desc,在1场对战中至少召唤3个红色战争或绿色自然怪物并获得胜利(非冒险)
task_config,1100009,desc,在1场对战中至少召唤3个红色战争或紫色混乱怪物并获得胜利(非冒险)
task_config,1100010,desc,在1场对战中至少召唤3个黄色命运或蓝色平衡怪物并获得胜利(非冒险)
task_config,1100011,desc,在1场对战中至少召唤3个黄色命运或绿色自然怪物并获得胜利(非冒险)
task_config,1100012,desc,在1场对战中至少召唤3个黄色命运或紫色混乱怪物并获得胜利(非冒险)
task_config,1100013,desc,在1场对战中至少召唤3个蓝色平衡或绿色自然怪物并获得胜利(非冒险)
task_config,1100014,desc,在1场对战中至少召唤3个蓝色平衡或紫色混乱怪物并获得胜利(非冒险)
task_config,1100015,desc,在1场对战中至少召唤3个绿色自然或紫色混乱怪物并获得胜利(非冒险)
task_config,1100016,desc,在1场对战中至少召唤2个红色战争物品并获得胜利(非冒险)
task_config,1100017,desc,在1场对战中至少召唤2个黄色命运物品并获得胜利(非冒险)
task_config,1100018,desc,在1场对战中至少召唤2个蓝色平衡物品并获得胜利(非冒险)
task_config,1100019,desc,在1场对战中至少召唤2个绿色自然物品并获得胜利(非冒险)
task_config,1100020,desc,在1场对战中至少召唤2个紫色混乱物品并获得胜利(非冒险)
task_config,1100021,desc,在1场对战中至少召唤2个白色中立物品并获得胜利(非冒险)
task_config,1100022,desc,在1场对战中至少召唤3个红色战争或黄色命运物品并获得胜利(非冒险)
task_config,1100023,desc,在1场对战中至少召唤3个红色战争或蓝色平衡物品并获得胜利(非冒险)
task_config,1100024,desc,在1场对战中至少召唤3个红色战争或绿色自然物品并获得胜利(非冒险)
task_config,1100025,desc,在1场对战中至少召唤3个红色战争或紫色混乱物品并获得胜利(非冒险)
task_config,1100026,desc,在1场对战中至少召唤3个红色战争或白色中立物品并获得胜利(非冒险)
task_config,1100027,desc,在1场对战中至少召唤3个黄色命运或蓝色平衡物品并获得胜利(非冒险)
task_config,1100028,desc,在1场对战中至少召唤3个黄色命运或绿色自然物品并获得胜利(非冒险)
task_config,1100029,desc,在1场对战中至少召唤3个黄色命运或紫色混乱物品并获得胜利(非冒险)
task_config,1100030,desc,在1场对战中至少召唤3个黄色命运或白色中立物品并获得胜利(非冒险)
task_config,1100031,desc,在1场对战中至少召唤3个蓝色平衡或绿色自然物品并获得胜利(非冒险)
task_config,1100032,desc,在1场对战中至少召唤3个蓝色平衡或紫色混乱物品并获得胜利(非冒险)
task_config,1100033,desc,在1场对战中至少召唤3个蓝色平衡或白色中立物品并获得胜利(非冒险)
task_config,1100034,desc,在1场对战中至少召唤3个绿色自然或紫色混乱物品并获得胜利(非冒险)
task_config,1100035,desc,在1场对战中至少召唤3个绿色自然或白色中立物品并获得胜利(非冒险)
task_config,1100036,desc,在1场对战中至少召唤3个紫色混乱或白色中立物品并获得胜利(非冒险)
task_config,1100037,desc,在1场对战中至少召唤4个红色战争卡片并获得胜利(非冒险)
task_config,1100038,desc,在1场对战中至少召唤4个黄色命运卡片并获得胜利(非冒险)
task_config,1100039,desc,在1场对战中至少召唤4个蓝色平衡卡片并获得胜利(非冒险)
task_config,1100040,desc,在1场对战中至少召唤4个绿色自然卡片并获得胜利(非冒险)
task_config,1100041,desc,在1场对战中至少召唤4个紫色混乱卡片并获得胜利(非冒险)
task_config,1100042,desc,在1场对战中至少召唤4个白色中立卡片并获得胜利(非冒险)
task_config,1100043,desc,在1场对战中至少召唤5个红色战争或黄色命运卡片并获得胜利(非冒险)
task_config,1100044,desc,在1场对战中至少召唤5个红色战争或蓝色平衡卡片并获得胜利(非冒险)
task_config,1100045,desc,在1场对战中至少召唤5个红色战争或绿色自然卡片并获得胜利(非冒险)
task_config,1100046,desc,在1场对战中至少召唤5个红色战争或紫色混乱卡片并获得胜利(非冒险)
task_config,1100047,desc,在1场对战中至少召唤5个红色战争或白色中立卡片并获得胜利(非冒险)
task_config,1100048,desc,在1场对战中至少召唤5个黄色命运或蓝色平衡卡片并获得胜利(非冒险)
task_config,1100049,desc,在1场对战中至少召唤5个黄色命运或绿色自然卡片并获得胜利(非冒险)
task_config,1100050,desc,在1场对战中至少召唤5个黄色命运或紫色混乱卡片并获得胜利(非冒险)
task_config,1100051,desc,在1场对战中至少召唤5个黄色命运或白色中立卡片并获得胜利(非冒险)
task_config,1100052,desc,在1场对战中至少召唤5个蓝色平衡或绿色自然卡片并获得胜利(非冒险)
task_config,1100053,desc,在1场对战中至少召唤5个蓝色平衡或紫色混乱卡片并获得胜利(非冒险)
task_config,1100054,desc,在1场对战中至少召唤5个蓝色平衡或白色中立卡片并获得胜利(非冒险)
task_config,1100055,desc,在1场对战中至少召唤5个绿色自然或紫色混乱卡片并获得胜利(非冒险)
task_config,1100056,desc,在1场对战中至少召唤5个绿色自然或白色中立卡片并获得胜利(非冒险)
task_config,1100057,desc,在1场对战中至少召唤5个紫色混乱或白色中立卡片并获得胜利(非冒险)
task_config,1100058,desc,对战中赢得一场胜利(非冒险)
task_config,1100059,desc,对战中消灭6个怪物(非冒险)
task_config,1100060,desc,对战中使用6个物品(非冒险)
task_config,1100061,desc,对战中至少召唤4个费用2及以下的怪物(非冒险)
task_config,1100062,desc,对战中至少召唤5个费用3及以下的怪物(非冒险)
task_config,1100063,desc,对战中至少召唤6个费用4及以下的怪物(非冒险)
task_config,1100064,desc,对战中至少召唤5个费用2及以上的怪物(非冒险)
task_config,1100065,desc,对战中至少召唤4个费用3及以上的怪物(非冒险)
task_config,1100066,desc,对战中至少召唤3个费用4及以上的怪物(非冒险)
task_config,1100067,desc,对战中赢得一场胜利(非冒险)
task_config,1100068,desc,对战中至少召唤4个费用2及以下的物品(非冒险)
task_config,1100069,desc,对战中至少召唤5个费用3及以下的物品(非冒险)
task_config,1100070,desc,对战中至少召唤6个费用4及以下的物品(非冒险)
task_config,1100071,desc,对战中至少召唤5个费用2及以上的物品(非冒险)
task_config,1100072,desc,对战中至少召唤4个费用3及以上的物品(非冒险)
task_config,1100073,desc,对战中至少召唤3个费用4及以上的物品(非冒险)
task_config,1100074,desc,对战中赢得一场胜利(非冒险)
task_config,1100075,desc,对战中至少召唤4个费用2及以下的卡片(非冒险)
task_config,1100076,desc,对战中至少召唤5个费用3及以下的卡片(非冒险)
task_config,1100077,desc,对战中至少召唤6个费用4及以下的卡片(非冒险)
task_config,1100078,desc,对战中至少召唤5个费用2及以上的卡片(非冒险)
task_config,1100079,desc,对战中至少召唤4个费用3及以上的卡片(非冒险)
task_config,1100080,desc,对战中至少召唤3个费用4及以上的卡片(非冒险)
task_config,1100081,desc,对战中赢得一场胜利(非冒险)
task_config,1100082,desc,完成2次冒险胜利
task_config,1200001,desc,在1场对战中至少召唤2个红色战争怪物并获得胜利(非冒险)
task_config,1200002,desc,在1场对战中至少召唤2个黄色命运怪物并获得胜利(非冒险)
task_config,1200003,desc,在1场对战中至少召唤2个蓝色平衡怪物并获得胜利(非冒险)
task_config,1200004,desc,在1场对战中至少召唤2个绿色自然怪物并获得胜利(非冒险)
task_config,1200005,desc,在1场对战中至少召唤2个紫色混乱怪物并获得胜利(非冒险)
task_config,1200006,desc,在1场对战中至少召唤3个红色战争或黄色命运怪物并获得胜利(非冒险)
task_config,1200007,desc,在1场对战中至少召唤3个红色战争或蓝色平衡怪物并获得胜利(非冒险)
task_config,1200008,desc,在1场对战中至少召唤3个红色战争或绿色自然怪物并获得胜利(非冒险)
task_config,1200009,desc,在1场对战中至少召唤3个红色战争或紫色混乱怪物并获得胜利(非冒险)
task_config,1200010,desc,在1场对战中至少召唤3个黄色命运或蓝色平衡怪物并获得胜利(非冒险)
task_config,1200011,desc,在1场对战中至少召唤3个黄色命运或绿色自然怪物并获得胜利(非冒险)
task_config,1200012,desc,在1场对战中至少召唤3个黄色命运或紫色混乱怪物并获得胜利(非冒险)
task_config,1200013,desc,在1场对战中至少召唤3个蓝色平衡或绿色自然怪物并获得胜利(非冒险)
task_config,1200014,desc,在1场对战中至少召唤3个蓝色平衡或紫色混乱怪物并获得胜利(非冒险)
task_config,1200015,desc,在1场对战中至少召唤3个绿色自然或紫色混乱怪物并获得胜利(非冒险)
task_config,1200016,desc,在1场对战中至少召唤2个红色战争物品并获得胜利(非冒险)
task_config,1200017,desc,在1场对战中至少召唤2个黄色命运物品并获得胜利(非冒险)
task_config,1200018,desc,在1场对战中至少召唤2个蓝色平衡物品并获得胜利(非冒险)
task_config,1200019,desc,在1场对战中至少召唤2个绿色自然物品并获得胜利(非冒险)
task_config,1200020,desc,在1场对战中至少召唤2个紫色混乱物品并获得胜利(非冒险)
task_config,1200021,desc,在1场对战中至少召唤2个白色中立物品并获得胜利(非冒险)
task_config,1200022,desc,在1场对战中至少召唤3个红色战争或黄色命运物品并获得胜利(非冒险)
task_config,1200023,desc,在1场对战中至少召唤3个红色战争或蓝色平衡物品并获得胜利(非冒险)
task_config,1200024,desc,在1场对战中至少召唤3个红色战争或绿色自然物品并获得胜利(非冒险)
task_config,1200025,desc,在1场对战中至少召唤3个红色战争或紫色混乱物品并获得胜利(非冒险)
task_config,1200026,desc,在1场对战中至少召唤3个红色战争或白色中立物品并获得胜利(非冒险)
task_config,1200027,desc,在1场对战中至少召唤3个黄色命运或蓝色平衡物品并获得胜利(非冒险)
task_config,1200028,desc,在1场对战中至少召唤3个黄色命运或绿色自然物品并获得胜利(非冒险)
task_config,1200029,desc,在1场对战中至少召唤3个黄色命运或紫色混乱物品并获得胜利(非冒险)
task_config,1200030,desc,在1场对战中至少召唤3个黄色命运或白色中立物品并获得胜利(非冒险)
task_config,1200031,desc,在1场对战中至少召唤3个蓝色平衡或绿色自然物品并获得胜利(非冒险)
task_config,1200032,desc,在1场对战中至少召唤3个蓝色平衡或紫色混乱物品并获得胜利(非冒险)
task_config,1200033,desc,在1场对战中至少召唤3个蓝色平衡或白色中立物品并获得胜利(非冒险)
task_config,1200034,desc,在1场对战中至少召唤3个绿色自然或紫色混乱物品并获得胜利(非冒险)
task_config,1200035,desc,在1场对战中至少召唤3个绿色自然或白色中立物品并获得胜利(非冒险)
task_config,1200036,desc,在1场对战中至少召唤3个紫色混乱或白色中立物品并获得胜利(非冒险)
task_config,1200037,desc,在1场对战中至少召唤4个红色战争卡片并获得胜利(非冒险)
task_config,1200038,desc,在1场对战中至少召唤4个黄色命运卡片并获得胜利(非冒险)
task_config,1200039,desc,在1场对战中至少召唤4个蓝色平衡卡片并获得胜利(非冒险)
task_config,1200040,desc,在1场对战中至少召唤4个绿色自然卡片并获得胜利(非冒险)
task_config,1200041,desc,在1场对战中至少召唤4个紫色混乱卡片并获得胜利(非冒险)
task_config,1200042,desc,在1场对战中至少召唤4个白色中立卡片并获得胜利(非冒险)
task_config,1200043,desc,在1场对战中至少召唤5个红色战争或黄色命运卡片并获得胜利(非冒险)
task_config,1200044,desc,在1场对战中至少召唤5个红色战争或蓝色平衡卡片并获得胜利(非冒险)
task_config,1200045,desc,在1场对战中至少召唤5个红色战争或绿色自然卡片并获得胜利(非冒险)
task_config,1200046,desc,在1场对战中至少召唤5个红色战争或紫色混乱卡片并获得胜利(非冒险)
task_config,1200047,desc,在1场对战中至少召唤5个红色战争或白色中立卡片并获得胜利(非冒险)
task_config,1200048,desc,在1场对战中至少召唤5个黄色命运或蓝色平衡卡片并获得胜利(非冒险)
task_config,1200049,desc,在1场对战中至少召唤5个黄色命运或绿色自然卡片并获得胜利(非冒险)
task_config,1200050,desc,在1场对战中至少召唤5个黄色命运或紫色混乱卡片并获得胜利(非冒险)
task_config,1200051,desc,在1场对战中至少召唤5个黄色命运或白色中立卡片并获得胜利(非冒险)
task_config,1200052,desc,在1场对战中至少召唤5个蓝色平衡或绿色自然卡片并获得胜利(非冒险)
task_config,1200053,desc,在1场对战中至少召唤5个蓝色平衡或紫色混乱卡片并获得胜利(非冒险)
task_config,1200054,desc,在1场对战中至少召唤5个蓝色平衡或白色中立卡片并获得胜利(非冒险)
task_config,1200055,desc,在1场对战中至少召唤5个绿色自然或紫色混乱卡片并获得胜利(非冒险)
task_config,1200056,desc,在1场对战中至少召唤5个绿色自然或白色中立卡片并获得胜利(非冒险)
task_config,1200057,desc,在1场对战中至少召唤5个紫色混乱或白色中立卡片并获得胜利(非冒险)
task_config,1200058,desc,对战中赢得一场胜利(非冒险)
task_config,1200059,desc,对战中消灭6个怪物(非冒险)
task_config,1200060,desc,对战中使用6个物品(非冒险)
task_config,1200061,desc,对战中至少召唤4个费用2及以下的怪物(非冒险)
task_config,1200062,desc,对战中至少召唤5个费用3及以下的怪物(非冒险)
task_config,1200063,desc,对战中至少召唤6个费用4及以下的怪物(非冒险)
task_config,1200064,desc,对战中至少召唤5个费用2及以上的怪物(非冒险)
task_config,1200065,desc,对战中至少召唤4个费用3及以上的怪物(非冒险)
task_config,1200066,desc,对战中至少召唤3个费用4及以上的怪物(非冒险)
task_config,1200067,desc,对战中赢得一场胜利(非冒险)
task_config,1200068,desc,对战中至少召唤4个费用2及以下的物品(非冒险)
task_config,1200069,desc,对战中至少召唤5个费用3及以下的物品(非冒险)
task_config,1200070,desc,对战中至少召唤6个费用4及以下的物品(非冒险)
task_config,1200071,desc,对战中至少召唤5个费用2及以上的物品(非冒险)
task_config,1200072,desc,对战中至少召唤4个费用3及以上的物品(非冒险)
task_config,1200073,desc,对战中至少召唤3个费用4及以上的物品(非冒险)
task_config,1200074,desc,对战中赢得一场胜利(非冒险)
task_config,1200075,desc,对战中至少召唤4个费用2及以下的卡片(非冒险)
task_config,1200076,desc,对战中至少召唤5个费用3及以下的卡片(非冒险)
task_config,1200077,desc,对战中至少召唤6个费用4及以下的卡片(非冒险)
task_config,1200078,desc,对战中至少召唤5个费用2及以上的卡片(非冒险)
task_config,1200079,desc,对战中至少召唤4个费用3及以上的卡片(非冒险)
task_config,1200080,desc,对战中至少召唤3个费用4及以上的卡片(非冒险)
task_config,1200081,desc,对战中赢得一场胜利(非冒险)
task_config,1200082,desc,完成2次冒险胜利
task_config,1300001,desc,在1场对战中至少召唤2个红色战争怪物并获得胜利(非冒险)
task_config,1300002,desc,在1场对战中至少召唤2个黄色命运怪物并获得胜利(非冒险)
task_config,1300003,desc,在1场对战中至少召唤2个蓝色平衡怪物并获得胜利(非冒险)
task_config,1300004,desc,在1场对战中至少召唤2个绿色自然怪物并获得胜利(非冒险)
task_config,1300005,desc,在1场对战中至少召唤2个紫色混乱怪物并获得胜利(非冒险)
task_config,1300006,desc,在1场对战中至少召唤3个红色战争或黄色命运怪物并获得胜利(非冒险)
task_config,1300007,desc,在1场对战中至少召唤3个红色战争或蓝色平衡怪物并获得胜利(非冒险)
task_config,1300008,desc,在1场对战中至少召唤3个红色战争或绿色自然怪物并获得胜利(非冒险)
task_config,1300009,desc,在1场对战中至少召唤3个红色战争或紫色混乱怪物并获得胜利(非冒险)
task_config,1300010,desc,在1场对战中至少召唤3个黄色命运或蓝色平衡怪物并获得胜利(非冒险)
task_config,1300011,desc,在1场对战中至少召唤3个黄色命运或绿色自然怪物并获得胜利(非冒险)
task_config,1300012,desc,在1场对战中至少召唤3个黄色命运或紫色混乱怪物并获得胜利(非冒险)
task_config,1300013,desc,在1场对战中至少召唤3个蓝色平衡或绿色自然怪物并获得胜利(非冒险)
task_config,1300014,desc,在1场对战中至少召唤3个蓝色平衡或紫色混乱怪物并获得胜利(非冒险)
task_config,1300015,desc,在1场对战中至少召唤3个绿色自然或紫色混乱怪物并获得胜利(非冒险)
task_config,1300016,desc,在1场对战中至少召唤2个红色战争物品并获得胜利(非冒险)
task_config,1300017,desc,在1场对战中至少召唤2个黄色命运物品并获得胜利(非冒险)
task_config,1300018,desc,在1场对战中至少召唤2个蓝色平衡物品并获得胜利(非冒险)
task_config,1300019,desc,在1场对战中至少召唤2个绿色自然物品并获得胜利(非冒险)
task_config,1300020,desc,在1场对战中至少召唤2个紫色混乱物品并获得胜利(非冒险)
task_config,1300021,desc,在1场对战中至少召唤2个白色中立物品并获得胜利(非冒险)
task_config,1300022,desc,在1场对战中至少召唤3个红色战争或黄色命运物品并获得胜利(非冒险)
task_config,1300023,desc,在1场对战中至少召唤3个红色战争或蓝色平衡物品并获得胜利(非冒险)
task_config,1300024,desc,在1场对战中至少召唤3个红色战争或绿色自然物品并获得胜利(非冒险)
task_config,1300025,desc,在1场对战中至少召唤3个红色战争或紫色混乱物品并获得胜利(非冒险)
task_config,1300026,desc,在1场对战中至少召唤3个红色战争或白色中立物品并获得胜利(非冒险)
task_config,1300027,desc,在1场对战中至少召唤3个黄色命运或蓝色平衡物品并获得胜利(非冒险)
task_config,1300028,desc,在1场对战中至少召唤3个黄色命运或绿色自然物品并获得胜利(非冒险)
task_config,1300029,desc,在1场对战中至少召唤3个黄色命运或紫色混乱物品并获得胜利(非冒险)
task_config,1300030,desc,在1场对战中至少召唤3个黄色命运或白色中立物品并获得胜利(非冒险)
task_config,1300031,desc,在1场对战中至少召唤3个蓝色平衡或绿色自然物品并获得胜利(非冒险)
task_config,1300032,desc,在1场对战中至少召唤3个蓝色平衡或紫色混乱物品并获得胜利(非冒险)
task_config,1300033,desc,在1场对战中至少召唤3个蓝色平衡或白色中立物品并获得胜利(非冒险)
task_config,1300034,desc,在1场对战中至少召唤3个绿色自然或紫色混乱物品并获得胜利(非冒险)
task_config,1300035,desc,在1场对战中至少召唤3个绿色自然或白色中立物品并获得胜利(非冒险)
task_config,1300036,desc,在1场对战中至少召唤3个紫色混乱或白色中立物品并获得胜利(非冒险)
task_config,1300037,desc,在1场对战中至少召唤4个红色战争卡片并获得胜利(非冒险)
task_config,1300038,desc,在1场对战中至少召唤4个黄色命运卡片并获得胜利(非冒险)
task_config,1300039,desc,在1场对战中至少召唤4个蓝色平衡卡片并获得胜利(非冒险)
task_config,1300040,desc,在1场对战中至少召唤4个绿色自然卡片并获得胜利(非冒险)
task_config,1300041,desc,在1场对战中至少召唤4个紫色混乱卡片并获得胜利(非冒险)
task_config,1300042,desc,在1场对战中至少召唤4个白色中立卡片并获得胜利(非冒险)
task_config,1300043,desc,在1场对战中至少召唤5个红色战争或黄色命运卡片并获得胜利(非冒险)
task_config,1300044,desc,在1场对战中至少召唤5个红色战争或蓝色平衡卡片并获得胜利(非冒险)
task_config,1300045,desc,在1场对战中至少召唤5个红色战争或绿色自然卡片并获得胜利(非冒险)
task_config,1300046,desc,在1场对战中至少召唤5个红色战争或紫色混乱卡片并获得胜利(非冒险)
task_config,1300047,desc,在1场对战中至少召唤5个红色战争或白色中立卡片并获得胜利(非冒险)
task_config,1300048,desc,在1场对战中至少召唤5个黄色命运或蓝色平衡卡片并获得胜利(非冒险)
task_config,1300049,desc,在1场对战中至少召唤5个黄色命运或绿色自然卡片并获得胜利(非冒险)
task_config,1300050,desc,在1场对战中至少召唤5个黄色命运或紫色混乱卡片并获得胜利(非冒险)
task_config,1300051,desc,在1场对战中至少召唤5个黄色命运或白色中立卡片并获得胜利(非冒险)
task_config,1300052,desc,在1场对战中至少召唤5个蓝色平衡或绿色自然卡片并获得胜利(非冒险)
task_config,1300053,desc,在1场对战中至少召唤5个蓝色平衡或紫色混乱卡片并获得胜利(非冒险)
task_config,1300054,desc,在1场对战中至少召唤5个蓝色平衡或白色中立卡片并获得胜利(非冒险)
task_config,1300055,desc,在1场对战中至少召唤5个绿色自然或紫色混乱卡片并获得胜利(非冒险)
task_config,1300056,desc,在1场对战中至少召唤5个绿色自然或白色中立卡片并获得胜利(非冒险)
task_config,1300057,desc,在1场对战中至少召唤5个紫色混乱或白色中立卡片并获得胜利(非冒险)
task_config,1300058,desc,对战中赢得一场胜利(非冒险)
task_config,1300059,desc,对战中消灭6个怪物(非冒险)
task_config,1300060,desc,对战中使用6个物品(非冒险)
task_config,1300061,desc,对战中至少召唤4个费用2及以下的怪物(非冒险)
task_config,1300062,desc,对战中至少召唤5个费用3及以下的怪物(非冒险)
task_config,1300063,desc,对战中至少召唤6个费用4及以下的怪物(非冒险)
task_config,1300064,desc,对战中至少召唤5个费用2及以上的怪物(非冒险)
task_config,1300065,desc,对战中至少召唤4个费用3及以上的怪物(非冒险)
task_config,1300066,desc,对战中至少召唤3个费用4及以上的怪物(非冒险)
task_config,1300067,desc,对战中赢得一场胜利(非冒险)
task_config,1300068,desc,对战中至少召唤4个费用2及以下的物品(非冒险)
task_config,1300069,desc,对战中至少召唤5个费用3及以下的物品(非冒险)
task_config,1300070,desc,对战中至少召唤6个费用4及以下的物品(非冒险)
task_config,1300071,desc,对战中至少召唤5个费用2及以上的物品(非冒险)
task_config,1300072,desc,对战中至少召唤4个费用3及以上的物品(非冒险)
task_config,1300073,desc,对战中至少召唤3个费用4及以上的物品(非冒险)
task_config,1300074,desc,对战中赢得一场胜利(非冒险)
task_config,1300075,desc,对战中至少召唤4个费用2及以下的卡片(非冒险)
task_config,1300076,desc,对战中至少召唤5个费用3及以下的卡片(非冒险)
task_config,1300077,desc,对战中至少召唤6个费用4及以下的卡片(非冒险)
task_config,1300078,desc,对战中至少召唤5个费用2及以上的卡片(非冒险)
task_config,1300079,desc,对战中至少召唤4个费用3及以上的卡片(非冒险)
task_config,1300080,desc,对战中至少召唤3个费用4及以上的卡片(非冒险)
task_config,1300081,desc,对战中赢得一场胜利(非冒险)
task_config,1300082,desc,完成2次冒险胜利
task_config,1400001,desc,在1场对战中至少召唤2个红色战争怪物并获得胜利(非冒险)
task_config,1400002,desc,在1场对战中至少召唤2个黄色命运怪物并获得胜利(非冒险)
task_config,1400003,desc,在1场对战中至少召唤2个蓝色平衡怪物并获得胜利(非冒险)
task_config,1400004,desc,在1场对战中至少召唤2个绿色自然怪物并获得胜利(非冒险)
task_config,1400005,desc,在1场对战中至少召唤2个紫色混乱怪物并获得胜利(非冒险)
task_config,1400006,desc,在1场对战中至少召唤3个红色战争或黄色命运怪物并获得胜利(非冒险)
task_config,1400007,desc,在1场对战中至少召唤3个红色战争或蓝色平衡怪物并获得胜利(非冒险)
task_config,1400008,desc,在1场对战中至少召唤3个红色战争或绿色自然怪物并获得胜利(非冒险)
task_config,1400009,desc,在1场对战中至少召唤3个红色战争或紫色混乱怪物并获得胜利(非冒险)
task_config,1400010,desc,在1场对战中至少召唤3个黄色命运或蓝色平衡怪物并获得胜利(非冒险)
task_config,1400011,desc,在1场对战中至少召唤3个黄色命运或绿色自然怪物并获得胜利(非冒险)
task_config,1400012,desc,在1场对战中至少召唤3个黄色命运或紫色混乱怪物并获得胜利(非冒险)
task_config,1400013,desc,在1场对战中至少召唤3个蓝色平衡或绿色自然怪物并获得胜利(非冒险)
task_config,1400014,desc,在1场对战中至少召唤3个蓝色平衡或紫色混乱怪物并获得胜利(非冒险)
task_config,1400015,desc,在1场对战中至少召唤3个绿色自然或紫色混乱怪物并获得胜利(非冒险)
task_config,1400016,desc,在1场对战中至少召唤2个红色战争物品并获得胜利(非冒险)
task_config,1400017,desc,在1场对战中至少召唤2个黄色命运物品并获得胜利(非冒险)
task_config,1400018,desc,在1场对战中至少召唤2个蓝色平衡物品并获得胜利(非冒险)
task_config,1400019,desc,在1场对战中至少召唤2个绿色自然物品并获得胜利(非冒险)
task_config,1400020,desc,在1场对战中至少召唤2个紫色混乱物品并获得胜利(非冒险)
task_config,1400021,desc,在1场对战中至少召唤2个白色中立物品并获得胜利(非冒险)
task_config,1400022,desc,在1场对战中至少召唤3个红色战争或黄色命运物品并获得胜利(非冒险)
task_config,1400023,desc,在1场对战中至少召唤3个红色战争或蓝色平衡物品并获得胜利(非冒险)
task_config,1400024,desc,在1场对战中至少召唤3个红色战争或绿色自然物品并获得胜利(非冒险)
task_config,1400025,desc,在1场对战中至少召唤3个红色战争或紫色混乱物品并获得胜利(非冒险)
task_config,1400026,desc,在1场对战中至少召唤3个红色战争或白色中立物品并获得胜利(非冒险)
task_config,1400027,desc,在1场对战中至少召唤3个黄色命运或蓝色平衡物品并获得胜利(非冒险)
task_config,1400028,desc,在1场对战中至少召唤3个黄色命运或绿色自然物品并获得胜利(非冒险)
task_config,1400029,desc,在1场对战中至少召唤3个黄色命运或紫色混乱物品并获得胜利(非冒险)
task_config,1400030,desc,在1场对战中至少召唤3个黄色命运或白色中立物品并获得胜利(非冒险)
task_config,1400031,desc,在1场对战中至少召唤3个蓝色平衡或绿色自然物品并获得胜利(非冒险)
task_config,1400032,desc,在1场对战中至少召唤3个蓝色平衡或紫色混乱物品并获得胜利(非冒险)
task_config,1400033,desc,在1场对战中至少召唤3个蓝色平衡或白色中立物品并获得胜利(非冒险)
task_config,1400034,desc,在1场对战中至少召唤3个绿色自然或紫色混乱物品并获得胜利(非冒险)
task_config,1400035,desc,在1场对战中至少召唤3个绿色自然或白色中立物品并获得胜利(非冒险)
task_config,1400036,desc,在1场对战中至少召唤3个紫色混乱或白色中立物品并获得胜利(非冒险)
task_config,1400037,desc,在1场对战中至少召唤4个红色战争卡片并获得胜利(非冒险)
task_config,1400038,desc,在1场对战中至少召唤4个黄色命运卡片并获得胜利(非冒险)
task_config,1400039,desc,在1场对战中至少召唤4个蓝色平衡卡片并获得胜利(非冒险)
task_config,1400040,desc,在1场对战中至少召唤4个绿色自然卡片并获得胜利(非冒险)
task_config,1400041,desc,在1场对战中至少召唤4个紫色混乱卡片并获得胜利(非冒险)
task_config,1400042,desc,在1场对战中至少召唤4个白色中立卡片并获得胜利(非冒险)
task_config,1400043,desc,在1场对战中至少召唤5个红色战争或黄色命运卡片并获得胜利(非冒险)
task_config,1400044,desc,在1场对战中至少召唤5个红色战争或蓝色平衡卡片并获得胜利(非冒险)
task_config,1400045,desc,在1场对战中至少召唤5个红色战争或绿色自然卡片并获得胜利(非冒险)
task_config,1400046,desc,在1场对战中至少召唤5个红色战争或紫色混乱卡片并获得胜利(非冒险)
task_config,1400047,desc,在1场对战中至少召唤5个红色战争或白色中立卡片并获得胜利(非冒险)
task_config,1400048,desc,在1场对战中至少召唤5个黄色命运或蓝色平衡卡片并获得胜利(非冒险)
task_config,1400049,desc,在1场对战中至少召唤5个黄色命运或绿色自然卡片并获得胜利(非冒险)
task_config,1400050,desc,在1场对战中至少召唤5个黄色命运或紫色混乱卡片并获得胜利(非冒险)
task_config,1400051,desc,在1场对战中至少召唤5个黄色命运或白色中立卡片并获得胜利(非冒险)
task_config,1400052,desc,在1场对战中至少召唤5个蓝色平衡或绿色自然卡片并获得胜利(非冒险)
task_config,1400053,desc,在1场对战中至少召唤5个蓝色平衡或紫色混乱卡片并获得胜利(非冒险)
task_config,1400054,desc,在1场对战中至少召唤5个蓝色平衡或白色中立卡片并获得胜利(非冒险)
task_config,1400055,desc,在1场对战中至少召唤5个绿色自然或紫色混乱卡片并获得胜利(非冒险)
task_config,1400056,desc,在1场对战中至少召唤5个绿色自然或白色中立卡片并获得胜利(非冒险)
task_config,1400057,desc,在1场对战中至少召唤5个紫色混乱或白色中立卡片并获得胜利(非冒险)
task_config,1400058,desc,对战中赢得一场胜利(非冒险)
task_config,1400059,desc,对战中消灭6个怪物(非冒险)
task_config,1400060,desc,对战中使用6个物品(非冒险)
task_config,1400061,desc,对战中至少召唤4个费用2及以下的怪物(非冒险)
task_config,1400062,desc,对战中至少召唤5个费用3及以下的怪物(非冒险)
task_config,1400063,desc,对战中至少召唤6个费用4及以下的怪物(非冒险)
task_config,1400064,desc,对战中至少召唤5个费用2及以上的怪物(非冒险)
task_config,1400065,desc,对战中至少召唤4个费用3及以上的怪物(非冒险)
task_config,1400066,desc,对战中至少召唤3个费用4及以上的怪物(非冒险)
task_config,1400067,desc,对战中赢得一场胜利(非冒险)
task_config,1400068,desc,对战中至少召唤4个费用2及以下的物品(非冒险)
task_config,1400069,desc,对战中至少召唤5个费用3及以下的物品(非冒险)
task_config,1400070,desc,对战中至少召唤6个费用4及以下的物品(非冒险)
task_config,1400071,desc,对战中至少召唤5个费用2及以上的物品(非冒险)
task_config,1400072,desc,对战中至少召唤4个费用3及以上的物品(非冒险)
task_config,1400073,desc,对战中至少召唤3个费用4及以上的物品(非冒险)
task_config,1400074,desc,对战中赢得一场胜利(非冒险)
task_config,1400075,desc,对战中至少召唤4个费用2及以下的卡片(非冒险)
task_config,1400076,desc,对战中至少召唤5个费用3及以下的卡片(非冒险)
task_config,1400077,desc,对战中至少召唤6个费用4及以下的卡片(非冒险)
task_config,1400078,desc,对战中至少召唤5个费用2及以上的卡片(非冒险)
task_config,1400079,desc,对战中至少召唤4个费用3及以上的卡片(非冒险)
task_config,1400080,desc,对战中至少召唤3个费用4及以上的卡片(非冒险)
task_config,1400081,desc,对战中赢得一场胜利(非冒险)
task_config,1400082,desc,完成2次冒险胜利
periphery_config,1,ladder_desc,成为卡片怪兽大师的第一步：菜鸡互啄
periphery_config,2,ladder_desc,虽然被称为巨人，其实他们的身高也只不过2米出头
periphery_config,3,ladder_desc,狼蛛的丝和普通蛛丝强度几乎没有区别，但是喷射量是普通蜘蛛的20倍
periphery_config,4,ladder_desc,内止懦、外止暴、此为武--蜥蜴长者
periphery_config,5,ladder_desc,为什么口音如此重的咒语能被成功施放呢？--重伤的法师学徒
periphery_config,6,ladder_desc,夜鲨并非在夜里出没才得此名，而是由于其扑腾而起时遮云蔽日，宛如夜晚降临
periphery_config,7,ladder_desc,鳄鱼总是枪不离身，毕竟这世界上能同时用来玩赌博和输了赖账的东西并不多
periphery_config,8,ladder_desc,以风为形、以风为刃…其实不用加热也行的啦…--元素导师
periphery_config,9,ladder_desc,鸟人族都是射箭的好手，而波坎则宛如弓箭之神
periphery_config,10,ladder_desc,是只鸟？是飞毯？不，是猫骑！--绿穴居人
periphery_config,11,ladder_desc,天哪，我们要发财啦！--龙虾捕猎者遗言
periphery_config,12,ladder_desc,我！就是力量的化身--的亲戚！--蓝龙
battle_guide_event_config,1,dialogue_text,来吧！消灭我所有怪兽吧！
battle_guide_event_config,2,dialogue_text,场上没有怪兽的话，牌组可是会遭殃的哦~
battle_guide_event_config,3,dialogue_text,我的攻击类型是近战，因此我只会在1号位进行攻击T T
battle_guide_event_config,4,dialogue_text,那个...我在1号位无法进行远程攻击…
battle_guide_event_config,5,dialogue_text,我的怪兽可是占尽优势呢！
battle_guide_event_config,6,dialogue_text,哈哈哈哈~
battle_guide_event_config,7,dialogue_text,穿上装备，我们好好打一场！
battle_guide_event_config,8,dialogue_text,让我们也穿上装备吧！
battle_guide_event_config,9,dialogue_text,看来是时候拿出我压箱底的卡牌了！
battle_guide_event_config,10,dialogue_text,哈哈哈，简直不痛不痒!
battle_guide_event_config,11,dialogue_text,护甲可以抵御魔法攻击以外的所有伤害！
battle_guide_event_config,12,dialogue_text,魔法攻击？不~~~
battle_guide_event_config,13,dialogue_text,场上没有怪兽的话，牌组可是会遭殃的哦~
battle_guide_event_config,14,dialogue_text,我的攻击类型是近战，因此我只会在1号位进行攻击T T
battle_guide_event_config,15,dialogue_text,那个...我在1号位无法进行远程攻击…
battle_guide_event_config,1,dialogue_name,威尔
battle_guide_event_config,2,dialogue_name,威尔
battle_guide_event_config,3,dialogue_name,雪刃
battle_guide_event_config,4,dialogue_name,清洁少女
battle_guide_event_config,5,dialogue_name,威尔
battle_guide_event_config,6,dialogue_name,威尔
battle_guide_event_config,7,dialogue_name,挑战者
battle_guide_event_config,8,dialogue_name,雪刃
battle_guide_event_config,9,dialogue_name,挑战者
battle_guide_event_config,10,dialogue_name,挑战者
battle_guide_event_config,11,dialogue_name,挑战者
battle_guide_event_config,12,dialogue_name,挑战者
battle_guide_event_config,13,dialogue_name,挑战者
battle_guide_event_config,14,dialogue_name,雪刃
battle_guide_event_config,15,dialogue_name,清洁少女
guide_step_config,1_2,step_info,酒馆侍女@嘿，冒险家，怎么闷闷不乐的，接不到合适的冒险委托？
guide_step_config,1_3,step_info,酒馆侍女@不如转换一下心情，我来教你一个游戏吧~来吧，很简单的~威尔，来和这位冒险者玩一局"卡片怪兽"么？
guide_step_config,3_2,step_info,酒馆侍女@真厉害！完全不像是新手呢！这是送给你的奖励，不用客气收下吧
guide_step_config,3_3,step_info,酒馆侍女@唔，似乎马上就有新的挑战者出现了呢，好好利用刚获得的卡片哦
adventure_config,1,win_target,消灭所有怪兽
adventure_config,2,win_target,消灭指定怪兽
adventure_config,3,win_target,在本回合内胜利
adventure_config,1,play_desc,测试用描述
adventure_config,2,play_desc,测试用描述
adventure_config,3,play_desc,测试用描述
proficiency_config,1,UnlockSkillTitle,溅射攻击！
proficiency_config,2,UnlockSkillTitle,溅射攻击！
proficiency_config,3,UnlockSkillTitle,溅射攻击！
proficiency_config,1,UnlockSkillDesc,你以为躲在后排就没事了么？
proficiency_config,2,UnlockSkillDesc,你以为躲在后排就没事了么？
proficiency_config,3,UnlockSkillDesc,你以为躲在后排就没事了么？
proficiency_config,1,FullDes,完成段位1考试
proficiency_config,2,FullDes,参加1场天梯
proficiency_config,3,FullDes,赢得1场天梯
proficiency_config,1,Fun1Title,段位考试解锁！
proficiency_config,2,Fun1Title,天梯解锁！
proficiency_config,2,Fun2Title,鼠潮解锁！
proficiency_config,2,Fun3Title,怪兽卡槽5解锁！
proficiency_config,1,LvUpDesc,恭喜你升级啦！
proficiency_config,2,LvUpDesc,恭喜你升级啦！
card_stat_config,1,desc,造成伤害
card_stat_config,2,desc,承受伤害
card_stat_config,3,desc,治疗伤害
card_stat_config,4,desc,躲避伤害
card_stat_config,5,desc,消灭怪兽
card_stat_config,6,desc,破坏防具
card_stat_config,7,desc,消灭武器
card_stat_config,8,desc,获取水晶
card_stat_config,9,desc,反击伤害
card_stat_config,10,desc,获得额外护甲值
card_stat_config,11,desc,降低敌方伤害
card_stat_config,12,desc,增加我方伤害
card_stat_config,13,desc,溅射伤害
card_stat_config,14,desc,束缚次数
card_stat_config,15,desc,侵染敌方
