卡牌ID,卡牌组ID,卡牌等级,卡牌名字,卡牌类型,卡牌种类,卡牌品质,生命,标志,资源路径,使用水晶数量,评分,卡组数量限制,技能1,技能1,技能2,技能2,技能3,技能3
number,number,number,string,string,string,string,number,number,string,number,number,number,string,number,string,number,string,number
ID,group_id,level,name,type,quality,kind,hp,flags,res_path,cost,score,deck_limit,p1n,p1v,p2n,p2v,p3n,p3v
110011,11001,1,绿穴居人,monster,normal,war,4,1,triglodite,2,40,2,melee,2,,,,
110012,11001,2,绿穴居人,monster,normal,war,5,1,triglodite,2,60,2,melee,2,,,,
110013,11001,3,绿穴居人,monster,normal,war,5,1,triglodite,2,80,2,melee,2,reach,0,,
110014,11001,4,绿穴居人,monster,normal,war,6,1,triglodite,2,100,2,melee,2,reach,0,,
110015,11001,5,绿穴居人,monster,normal,war,6,1,triglodite,2,120,2,melee,2,reach,0,crystal,1
110021,11002,1,疯山羊,monster,normal,war,4,1,gloat,2,40,2,melee,1,thrash,1,,
110022,11002,2,疯山羊,monster,normal,war,4,1,gloat,2,60,2,melee,2,thrash,1,,
110023,11002,3,疯山羊,monster,normal,war,5,1,gloat,2,80,2,melee,2,thrash,1,,
110024,11002,4,疯山羊,monster,normal,war,6,1,gloat,2,100,2,melee,2,thrash,1,,
110025,11002,5,疯山羊,monster,normal,war,6,1,gloat,2,120,2,melee,2,thrash,2,,
110031,11003,1,巨人,monster,rare,war,7,1,triclops,4,80,2,melee,3,,,,
110032,11003,2,巨人,monster,rare,war,8,1,triclops,4,120,2,melee,3,thrash,1,,
110033,11003,3,巨人,monster,rare,war,8,1,triclops,4,160,2,melee,4,thrash,1,,
110034,11003,4,巨人,monster,rare,war,8,1,triclops,4,200,2,melee,5,thrash,1,,
110035,11003,5,巨人,monster,rare,war,9,1,triclops,4,240,2,melee,5,thrash,1,,
110036,11003,6,巨人,monster,rare,war,9,1,triclops,4,280,2,melee,5,thrash,2,,
110041,11004,1,迷失的探险者,monster,normal,war,6,1,lost_explorer,3,40,2,melee,2,,,,
110042,11004,2,迷失的探险者,monster,normal,war,7,1,lost_explorer,3,60,2,melee,2,,,,
110043,11004,3,迷失的探险者,monster,normal,war,7,1,lost_explorer,3,80,2,melee,2,cleave,0,,
110044,11004,4,迷失的探险者,monster,normal,war,7,1,lost_explorer,3,100,2,melee,3,cleave,0,,
110045,11004,5,迷失的探险者,monster,normal,war,8,1,lost_explorer,3,120,2,melee,3,cleave,0,,
110051,11005,1,狼骑兵,monster,rare,war,5,1,wolf_rider,2,80,2,melee,2,,,,
110052,11005,2,狼骑兵,monster,rare,war,6,1,wolf_rider,2,120,2,melee,2,,,,
110053,11005,3,狼骑兵,monster,rare,war,6,1,wolf_rider,2,160,2,melee,2,reach,0,,
110054,11005,4,狼骑兵,monster,rare,war,6,1,wolf_rider,2,200,2,melee,2,reach,0,charge,1
110055,11005,5,狼骑兵,monster,rare,war,7,1,wolf_rider,2,240,2,melee,2,reach,0,charge,1
110056,11005,6,狼骑兵,monster,rare,war,7,1,wolf_rider,2,280,2,melee,3,reach,0,charge,1
110061,11006,1,无头骑士,monster,rare,war,3,1,headless,3,80,2,melee,2,shield,1,,
110062,11006,2,无头骑士,monster,rare,war,3,1,headless,3,120,2,melee,2,shield,2,,
110063,11006,3,无头骑士,monster,rare,war,4,1,headless,3,160,2,melee,2,shield,2,,
110064,11006,4,无头骑士,monster,rare,war,4,1,headless,3,200,2,melee,3,shield,2,,
110065,11006,5,无头骑士,monster,rare,war,5,1,headless,3,240,2,melee,3,shield,2,,
110066,11006,6,无头骑士,monster,rare,war,5,1,headless,3,280,2,melee,3,shield,3,,
110071,11007,1,秃鹰守卫,monster,rarity,war,5,1,admiral_eagle,4,160,2,melee,2,ranged,2,rally,1
110072,11007,2,秃鹰守卫,monster,rarity,war,6,1,admiral_eagle,4,240,2,melee,2,ranged,2,rally,1
110073,11007,3,秃鹰守卫,monster,rarity,war,6,1,admiral_eagle,4,320,2,melee,3,ranged,2,rally,1
110074,11007,4,秃鹰守卫,monster,rarity,war,6,1,admiral_eagle,4,400,2,melee,3,ranged,2,rally,2
110075,11007,5,秃鹰守卫,monster,rarity,war,7,1,admiral_eagle,4,480,2,melee,3,ranged,2,rally,2
110076,11007,6,秃鹰守卫,monster,rarity,war,8,1,admiral_eagle,4,560,2,melee,3,ranged,2,rally,2
110077,11007,7,秃鹰守卫,monster,rarity,war,8,1,admiral_eagle,4,640,2,melee,3,ranged,3,rally,2
110081,11008,1,沙漠袭击者,monster,rarity,war,5,1,captain_cacti,2,160,2,melee,2,thorns,1,,
110082,11008,2,沙漠袭击者,monster,rarity,war,6,1,captain_cacti,2,240,2,melee,2,thorns,1,,
110083,11008,3,沙漠袭击者,monster,rarity,war,6,1,captain_cacti,2,320,2,melee,2,thorns,2,,
110084,11008,4,沙漠袭击者,monster,rarity,war,6,1,captain_cacti,2,400,2,melee,3,thorns,2,,
110085,11008,5,沙漠袭击者,monster,rarity,war,6,1,captain_cacti,2,480,2,melee,3,thorns,3,,
110086,11008,7,沙漠袭击者,monster,rarity,war,6,1,captain_cacti,2,640,2,melee,4,thorns,3,,
110091,11009,1,红龙,monster,epic,war,6,1,red_dragon,4,320,2,melee,2,shield,1,flying,0
110092,11009,2,红龙,monster,epic,war,7,1,red_dragon,4,480,2,melee,2,shield,1,flying,0
110093,11009,3,红龙,monster,epic,war,7,1,red_dragon,4,640,2,melee,3,shield,1,flying,0
110094,11009,4,红龙,monster,epic,war,7,1,red_dragon,4,800,2,melee,3,shield,2,flying,0
110095,11009,5,红龙,monster,epic,war,7,1,red_dragon,4,960,2,melee,4,shield,2,flying,0
110096,11009,6,红龙,monster,epic,war,7,1,red_dragon,4,1120,2,melee,5,shield,2,flying,0
110097,11009,7,红龙,monster,epic,war,8,1,red_dragon,4,1280,2,melee,5,shield,2,flying,0
110098,11009,8,红龙,monster,epic,war,8,1,red_dragon,4,1440,2,melee,5,shield,3,flying,0
110101,11010,1,双斧,monster,rare,war,4,1,twinaxe,3,80,2,ranged,2,,,,
110102,11010,2,双斧,monster,rare,war,4,1,twinaxe,3,120,2,ranged,2,mshield,1,,
110103,11010,3,双斧,monster,rare,war,5,1,twinaxe,3,160,2,ranged,2,mshield,1,,
110104,11010,4,双斧,monster,rare,war,5,1,twinaxe,3,200,2,ranged,2,mshield,1,crystal,1
110105,11010,5,双斧,monster,rare,war,5,1,twinaxe,3,240,2,ranged,3,mshield,1,crystal,1
110106,11010,6,双斧,monster,rare,war,5,1,twinaxe,3,280,2,ranged,3,mshield,2,crystal,1
110111,11011,1,食人兔,monster,epic,war,5,1,whiterabbit,2,320,2,melee,3,,,,
110112,11011,2,食人兔,monster,epic,war,5,1,whiterabbit,2,480,2,melee,4,,,,
110113,11011,3,食人兔,monster,epic,war,7,1,whiterabbit,2,640,2,melee,4,,,,
110114,11011,4,食人兔,monster,epic,war,7,1,whiterabbit,2,800,2,melee,5,,,,
110115,11011,5,食人兔,monster,epic,war,7,1,whiterabbit,2,960,2,melee,5,mshield,1,,
110116,11011,6,食人兔,monster,epic,war,7,1,whiterabbit,2,1120,2,melee,6,mshield,1,,
110117,11011,7,食人兔,monster,epic,war,7,1,whiterabbit,2,1280,2,melee,7,mshield,1,,
110118,11011,8,食人兔,monster,epic,war,7,1,whiterabbit,2,1440,2,melee,7,mshield,2,,
110121,11012,1,炸弹神父,monster,rarity,war,3,1,kamicron,3,160,2,rally,2,antimagic,2,,
110122,11012,2,炸弹神父,monster,rarity,war,4,1,kamicron,3,240,2,rally,2,antimagic,2,,
110123,11012,3,炸弹神父,monster,rarity,war,4,1,kamicron,3,320,2,rally,2,antimagic,2,crystal,1
110124,11012,4,炸弹神父,monster,rarity,war,4,1,kamicron,3,400,2,rally,3,antimagic,2,crystal,1
110125,11012,5,炸弹神父,monster,rarity,war,5,1,kamicron,3,480,2,rally,3,antimagic,2,crystal,1
110126,11012,6,炸弹神父,monster,rarity,war,5,1,kamicron,3,560,2,rally,3,antimagic,3,crystal,1
110127,11012,7,炸弹神父,monster,rarity,war,5,1,kamicron,3,640,2,rally,4,antimagic,3,crystal,1
110131,11013,1,渔夫,monster,rarity,war,7,1,fisher_monger,3,160,2,melee,3,,,,
110132,11013,2,渔夫,monster,rarity,war,7,1,fisher_monger,3,240,2,melee,4,,,,
110133,11013,3,渔夫,monster,rarity,war,7,1,fisher_monger,3,320,2,melee,4,disease,1,,
110134,11013,4,渔夫,monster,rarity,war,7,1,fisher_monger,3,400,2,melee,4,disease,2,,
110135,11013,5,渔夫,monster,rarity,war,8,1,fisher_monger,3,480,2,melee,4,disease,2,,
110136,11013,6,渔夫,monster,rarity,war,8,1,fisher_monger,3,560,2,melee,5,disease,2,,
110137,11013,7,渔夫,monster,rarity,war,9,1,fisher_monger,3,640,2,melee,5,disease,3,,
110141,11014,1,猫骑兵,monster,epic,war,5,1,cat_knight,3,320,2,melee,3,charge,1,flying,0
110142,11014,2,猫骑兵,monster,epic,war,5,1,cat_knight,3,480,2,melee,3,charge,2,flying,0
110143,11014,3,猫骑兵,monster,epic,war,5,1,cat_knight,3,640,2,melee,4,charge,2,flying,0
110144,11014,4,猫骑兵,monster,epic,war,7,1,cat_knight,3,800,2,melee,4,charge,2,flying,0
110145,11014,5,猫骑兵,monster,epic,war,7,1,cat_knight,3,960,2,melee,4,charge,3,flying,0
110146,11014,6,猫骑兵,monster,epic,war,8,1,cat_knight,3,1120,2,melee,4,charge,4,flying,0
110147,11014,7,猫骑兵,monster,epic,war,8,1,cat_knight,3,1280,2,melee,5,charge,4,flying,0
110148,11014,8,猫骑兵,monster,epic,war,9,1,cat_knight,3,1440,2,melee,5,charge,5,flying,0
110151,11015,1,恶魔斯诺曾,monster,rarity,war,5,1,snoozemon,3,160,2,melee,3,thrash,2,,
110152,11015,2,恶魔斯诺曾,monster,rarity,war,6,1,snoozemon,3,240,2,melee,3,thrash,2,,
110153,11015,3,恶魔斯诺曾,monster,rarity,war,6,1,snoozemon,3,320,2,melee,4,thrash,2,,
110154,11015,4,恶魔斯诺曾,monster,rarity,war,7,1,snoozemon,3,400,2,melee,4,thrash,2,cleave,0
110155,11015,5,恶魔斯诺曾,monster,rarity,war,7,1,snoozemon,3,480,2,melee,4,thrash,3,cleave,0
110156,11015,6,恶魔斯诺曾,monster,rarity,war,9,1,snoozemon,3,560,2,melee,4,thrash,3,cleave,0
110157,11015,7,恶魔斯诺曾,monster,rarity,war,9,1,snoozemon,3,640,2,melee,5,thrash,3,cleave,0
110161,11016,1,禁默神父,monster,normal,war,5,1,fr_silence,3,40,2,melee,2,silence,1,,
110162,11016,2,禁默神父,monster,normal,war,6,1,fr_silence,3,60,2,melee,2,silence,1,,
110163,11016,3,禁默神父,monster,normal,war,6,1,fr_silence,3,80,2,melee,3,silence,1,,
110164,11016,4,禁默神父,monster,normal,war,7,1,fr_silence,3,100,2,melee,3,silence,1,,
110165,11016,5,禁默神父,monster,normal,war,7,1,fr_silence,3,120,2,melee,4,silence,1,,
110171,11017,1,劫掠穴居人,monster,normal,war,5,1,triglodite_marauders,4,40,2,melee,1,disarm,0,,
110172,11017,2,劫掠穴居人,monster,normal,war,5,1,triglodite_marauders,4,60,2,melee,2,disarm,0,,
110173,11017,3,劫掠穴居人,monster,normal,war,6,1,triglodite_marauders,4,80,2,melee,2,disarm,0,,
110174,11017,4,劫掠穴居人,monster,normal,war,7,1,triglodite_marauders,4,100,2,melee,2,disarm,0,,
110175,11017,5,劫掠穴居人,monster,normal,war,7,1,triglodite_marauders,4,120,2,melee,2,disarm,0,breaker,2
110181,11018,1,屏障骑士,monster,rare,war,4,1,barrier_knight,2,80,2,melee,2,antimagic,1,,
110182,11018,2,屏障骑士,monster,rare,war,5,1,barrier_knight,2,120,2,melee,2,antimagic,1,,
110183,11018,3,屏障骑士,monster,rare,war,5,1,barrier_knight,2,160,2,melee,3,antimagic,1,,
110184,11018,4,屏障骑士,monster,rare,war,6,1,barrier_knight,2,200,2,melee,3,antimagic,1,,
110185,11018,5,屏障骑士,monster,rare,war,7,1,barrier_knight,2,240,2,melee,3,antimagic,1,,
110186,11018,6,屏障骑士,monster,rare,war,7,1,barrier_knight,2,280,2,melee,3,antimagic,2,,
110191,11019,1,秃鹫射手,monster,rare,war,5,1,eagle_archer,4,80,2,ranged,2,drain_crystal,1,,
110192,11019,2,秃鹫射手,monster,rare,war,6,1,eagle_archer,4,120,2,ranged,2,drain_crystal,1,,
110193,11019,3,秃鹫射手,monster,rare,war,7,1,eagle_archer,4,160,2,ranged,2,drain_crystal,1,,
110194,11019,4,秃鹫射手,monster,rare,war,7,1,eagle_archer,4,200,2,ranged,2,drain_crystal,1,breaker,1
110195,11019,5,秃鹫射手,monster,rare,war,7,1,eagle_archer,4,240,2,ranged,2,drain_crystal,1,breaker,2
110196,11019,6,秃鹫射手,monster,rare,war,7,1,eagle_archer,4,280,2,ranged,3,drain_crystal,1,breaker,2
,,,,,,,,,,,,,,,,,,
,,,,,,,,,,,,,,,,,,
120011,12001,1,战鼓,monster,normal,fortune,5,1,lost_drums,3,40,2,melee,2,,,,
120012,12001,2,战鼓,monster,normal,fortune,6,1,lost_drums,3,60,2,melee,2,,,,
120013,12001,3,战鼓,monster,normal,fortune,6,1,lost_drums,3,80,2,melee,2,counter,0,,
120014,12001,4,战鼓,monster,normal,fortune,7,1,lost_drums,3,100,2,melee,2,counter,0,,
120015,12001,5,战鼓,monster,normal,fortune,8,1,lost_drums,3,120,2,melee,2,counter,0,,
120021,12002,1,清洁少女,monster,normal,fortune,2,1,dust_maiden,2,40,2,ranged,2,,,,
120022,12002,2,清洁少女,monster,normal,fortune,3,1,dust_maiden,2,60,2,ranged,2,,,,
120023,12002,3,清洁少女,monster,normal,fortune,3,1,dust_maiden,2,80,2,ranged,2,flying,0,,
120024,12002,4,清洁少女,monster,normal,fortune,4,1,dust_maiden,2,100,2,ranged,2,flying,0,,
120025,12002,5,清洁少女,monster,normal,fortune,5,1,dust_maiden,2,120,2,ranged,2,flying,0,,
120031,12003,1,不是老鼠,monster,normal,fortune,4,1,notarat,2,40,2,chance,2,,,,
120032,12003,2,不是老鼠,monster,normal,fortune,5,1,notarat,2,60,2,chance,2,,,,
120033,12003,3,不是老鼠,monster,normal,fortune,5,1,notarat,2,80,2,chance,2,crystal,1,,
120034,12003,4,不是老鼠,monster,normal,fortune,6,1,notarat,2,100,2,chance,2,crystal,1,,
120035,12003,5,不是老鼠,monster,normal,fortune,6,1,notarat,2,120,2,chance,3,crystal,1,,
120041,12004,1,礼服射手,monster,rare,fortune,3,1,tux_shooter,2,80,2,ranged,2,,,,
120042,12004,2,礼服射手,monster,rare,fortune,4,1,tux_shooter,2,120,2,ranged,2,,,,
120043,12004,3,礼服射手,monster,rare,fortune,5,1,tux_shooter,2,160,2,ranged,2,,,,
120044,12004,4,礼服射手,monster,rare,fortune,7,1,tux_shooter,2,200,2,ranged,2,,,,
120045,12004,5,礼服射手,monster,rare,fortune,8,1,tux_shooter,2,240,2,ranged,2,,,,
120046,12004,6,礼服射手,monster,rare,fortune,8,1,tux_shooter,2,280,2,ranged,3,,,,
120051,12005,1,功夫蜥蜴,monster,rare,fortune,5,1,leezard,3,80,2,melee,2,counter,0,,
120052,12005,2,功夫蜥蜴,monster,rare,fortune,6,1,leezard,3,120,2,melee,2,counter,0,,
120053,12005,3,功夫蜥蜴,monster,rare,fortune,6,1,leezard,3,160,2,melee,3,counter,0,,
120054,12005,4,功夫蜥蜴,monster,rare,fortune,7,1,leezard,3,200,2,melee,3,counter,0,,
120055,12005,5,功夫蜥蜴,monster,rare,fortune,8,1,leezard,3,240,2,melee,3,counter,0,,
120056,12005,6,功夫蜥蜴,monster,rare,fortune,8,1,leezard,3,280,2,melee,4,counter,0,,
120061,12006,1,冬熊,monster,rare,fortune,6,1,abobinable,4,80,2,melee,3,,,,
120062,12006,2,冬熊,monster,rare,fortune,7,1,abobinable,4,120,2,melee,3,,,,
120063,12006,3,冬熊,monster,rare,fortune,7,1,abobinable,4,160,2,melee,3,cleave,0,,
120064,12006,4,冬熊,monster,rare,fortune,7,1,abobinable,4,200,2,melee,3,cleave,0,swap,0
120065,12006,5,冬熊,monster,rare,fortune,8,1,abobinable,4,240,2,melee,3,cleave,0,swap,0
120066,12006,6,冬熊,monster,rare,fortune,8,1,abobinable,4,280,2,melee,4,cleave,0,swap,0
120071,12007,1,忍者狐狸,monster,rarity,fortune,5,1,ninjafox,2,160,2,melee,2,ranged,1,,
120072,12007,2,忍者狐狸,monster,rarity,fortune,5,1,ninjafox,2,240,2,melee,3,ranged,1,,
120073,12007,3,忍者狐狸,monster,rarity,fortune,6,1,ninjafox,2,320,2,melee,3,ranged,1,,
120074,12007,4,忍者狐狸,monster,rarity,fortune,6,1,ninjafox,2,400,2,melee,3,ranged,2,,
120075,12007,5,忍者狐狸,monster,rarity,fortune,7,1,ninjafox,2,480,2,melee,3,ranged,2,,
120076,12007,6,忍者狐狸,monster,rarity,fortune,7,1,ninjafox,2,560,2,melee,3,ranged,3,,
120077,12007,7,忍者狐狸,monster,rarity,fortune,8,1,ninjafox,2,640,2,melee,3,ranged,3,,
120081,12008,1,忍者龟,monster,rarity,fortune,6,1,ninjutsurtle,4,160,2,melee,3,shield,1,,
120082,12008,2,忍者龟,monster,rarity,fortune,7,1,ninjutsurtle,4,320,2,melee,3,shield,1,,
120083,12008,3,忍者龟,monster,rarity,fortune,7,1,ninjutsurtle,4,480,2,melee,3,shield,2,,
120084,12008,4,忍者龟,monster,rarity,fortune,7,1,ninjutsurtle,4,640,2,melee,4,shield,2,,
120085,12008,5,忍者龟,monster,rarity,fortune,8,1,ninjutsurtle,4,800,2,melee,4,shield,2,,
120086,12008,6,忍者龟,monster,rarity,fortune,9,1,ninjutsurtle,4,960,2,melee,4,shield,2,,
120087,12008,7,忍者龟,monster,rarity,fortune,9,1,ninjutsurtle,4,160,2,melee,4,shield,3,,
120091,12009,1,睡龙,monster,epic,fortune,6,1,lazydragon,5,320,2,magic,3,reflect,0,,
120092,12009,2,睡龙,monster,epic,fortune,7,1,lazydragon,5,480,2,magic,3,reflect,0,,
120093,12009,3,睡龙,monster,epic,fortune,8,1,lazydragon,5,640,2,magic,3,reflect,0,,
120094,12009,4,睡龙,monster,epic,fortune,8,1,lazydragon,5,800,2,magic,3,reflect,0,crystal,1
120095,12009,5,睡龙,monster,epic,fortune,9,1,lazydragon,5,960,2,magic,3,reflect,0,crystal,1
120096,12009,6,睡龙,monster,epic,fortune,11,1,lazydragon,5,1120,2,magic,3,reflect,0,crystal,1
120097,12009,7,睡龙,monster,epic,fortune,12,1,lazydragon,5,1280,2,magic,3,reflect,0,crystal,1
120098,12009,8,睡龙,monster,epic,fortune,12,1,lazydragon,5,1440,2,magic,4,reflect,0,crystal,1
120101,12010,1,恶魔地毯,monster,rare,fortune,4,1,flying_carpet,2,80,2,ranged,2,,,,
120102,12010,2,恶魔地毯,monster,rare,fortune,5,1,flying_carpet,2,120,2,ranged,2,,,,
120103,12010,3,恶魔地毯,monster,rare,fortune,4,1,flying_carpet,2,160,2,ranged,2,flying,0,,
120104,12010,4,恶魔地毯,monster,rare,fortune,5,1,flying_carpet,2,200,2,ranged,2,flying,0,,
120105,12010,5,恶魔地毯,monster,rare,fortune,4,1,flying_carpet,2,240,2,ranged,3,flying,0,,
120106,12010,6,恶魔地毯,monster,rare,fortune,3,1,flying_carpet,2,280,2,ranged,3,flying,0,disarm,0
120111,12011,1,鳄鱼,monster,rarity,fortune,5,1,crocodime,2,160,2,chance,3,,,,
120112,12011,2,鳄鱼,monster,rarity,fortune,6,1,crocodime,2,240,2,chance,3,,,,
120113,12011,3,鳄鱼,monster,rarity,fortune,7,1,crocodime,2,320,2,chance,3,,,,
120114,12011,4,鳄鱼,monster,rarity,fortune,7,1,crocodime,2,400,2,chance,3,stealth,0,,
120115,12011,5,鳄鱼,monster,rarity,fortune,8,1,crocodime,2,480,2,chance,3,stealth,0,,
120116,12011,6,鳄鱼,monster,rarity,fortune,9,1,crocodime,2,560,2,chance,3,stealth,0,,
120117,12011,7,鳄鱼,monster,rarity,fortune,9,1,crocodime,2,640,2,chance,4,stealth,0,,
120121,12012,1,弯腰黑猩猩,monster,rarity,fortune,5,1,chimpbow,3,160,2,ranged,2,opportunity,0,,
120122,12012,2,弯腰黑猩猩,monster,rarity,fortune,6,1,chimpbow,3,240,2,ranged,2,opportunity,0,,
120123,12012,3,弯腰黑猩猩,monster,rarity,fortune,7,1,chimpbow,3,320,2,ranged,2,opportunity,0,,
120124,12012,4,弯腰黑猩猩,monster,rarity,fortune,7,1,chimpbow,3,400,2,ranged,3,opportunity,0,,
120125,12012,5,弯腰黑猩猩,monster,rarity,fortune,8,1,chimpbow,3,480,2,ranged,3,opportunity,0,,
120126,12012,6,弯腰黑猩猩,monster,rarity,fortune,9,1,chimpbow,3,560,2,ranged,3,opportunity,0,,
120127,12012,7,弯腰黑猩猩,monster,rarity,fortune,9,1,chimpbow,3,640,2,ranged,4,opportunity,0,,
120131,12013,1,狮鹫,monster,rarity,fortune,5,1,griffin,3,160,2,melee,2,flying,0,,
120132,12013,2,狮鹫,monster,rarity,fortune,6,1,griffin,3,240,2,melee,2,flying,0,,
120133,12013,3,狮鹫,monster,rarity,fortune,6,1,griffin,3,320,2,melee,2,flying,0,counter,0
120134,12013,4,狮鹫,monster,rarity,fortune,6,1,griffin,3,400,2,melee,3,flying,0,counter,0
120135,12013,5,狮鹫,monster,rarity,fortune,6,1,griffin,3,480,2,melee,4,flying,0,counter,0
120136,12013,6,狮鹫,monster,rarity,fortune,7,1,griffin,3,560,2,melee,4,flying,0,counter,0
120137,12013,7,狮鹫,monster,rarity,fortune,7,1,griffin,3,640,2,melee,5,flying,0,counter,0
120141,12014,1,胖钳子,monster,epic,fortune,7,1,pirate_lobster,4,320,2,melee,3,shield,1,,
120142,12014,2,胖钳子,monster,epic,fortune,7,1,pirate_lobster,4,480,2,melee,4,shield,1,,
120143,12014,3,胖钳子,monster,epic,fortune,7,1,pirate_lobster,4,640,2,melee,4,shield,2,,
120144,12014,4,胖钳子,monster,epic,fortune,8,1,pirate_lobster,4,800,2,melee,4,shield,2,,
120145,12014,5,胖钳子,monster,epic,fortune,7,1,pirate_lobster,4,960,2,melee,4,shield,3,,
120146,12014,6,胖钳子,monster,epic,fortune,7,1,pirate_lobster,4,1120,2,melee,5,shield,3,,
120147,12014,7,胖钳子,monster,epic,fortune,7,1,pirate_lobster,4,1280,2,melee,5,shield,3,counter,0
120148,12014,8,胖钳子,monster,epic,fortune,8,1,pirate_lobster,4,1440,2,melee,6,shield,3,counter,0
120151,12015,1,尖嘴波坎,monster,epic,fortune,3,1,boocan,2,320,2,ranged,3,,,,
120152,12015,2,尖嘴波坎,monster,epic,fortune,4,1,boocan,2,480,2,ranged,3,,,,
120153,12015,3,尖嘴波坎,monster,epic,fortune,4,1,boocan,2,640,2,ranged,4,,,,
120154,12015,4,尖嘴波坎,monster,epic,fortune,5,1,boocan,2,800,2,ranged,4,,,,
120155,12015,5,尖嘴波坎,monster,epic,fortune,6,1,boocan,2,960,2,ranged,4,,,,
120156,12015,6,尖嘴波坎,monster,epic,fortune,7,1,boocan,2,1120,2,ranged,4,,,,
120157,12015,7,尖嘴波坎,monster,epic,fortune,8,1,boocan,2,1280,2,ranged,4,,,,
120158,12015,8,尖嘴波坎,monster,epic,fortune,8,1,boocan,2,1440,2,ranged,5,,,,
120161,12016,1,魔装地毯,monster,normal,fortune,3,1,magic_carpet,3,40,2,ranged,2,boost,2,,
120162,12016,2,魔装地毯,monster,normal,fortune,4,1,magic_carpet,3,60,2,ranged,2,boost,2,,
120163,12016,3,魔装地毯,monster,normal,fortune,4,1,magic_carpet,3,80,2,ranged,2,boost,3,melee,1
120164,12016,4,魔装地毯,monster,normal,fortune,5,1,magic_carpet,3,100,2,ranged,2,boost,3,melee,1
120165,12016,5,魔装地毯,monster,normal,fortune,5,1,magic_carpet,3,120,2,ranged,3,boost,3,melee,2
120171,12017,1,气功蜥蜴,monster,normal,fortune,4,1,qigong_leezard,3,40,2,melee,1,reflect,0,,
120172,12017,2,气功蜥蜴,monster,normal,fortune,5,1,qigong_leezard,3,60,2,melee,1,reflect,0,,
120173,12017,3,气功蜥蜴,monster,normal,fortune,5,1,qigong_leezard,3,80,2,melee,2,reflect,0,,
120174,12017,4,气功蜥蜴,monster,normal,fortune,6,1,qigong_leezard,3,100,2,melee,2,reflect,0,,
120175,12017,5,气功蜥蜴,monster,normal,fortune,6,1,qigong_leezard,3,120,2,melee,3,reflect,0,,
120181,12018,1,疯鳄鱼,monster,rare,fortune,5,1,mad_crocodime,3,80,2,melee,1,chance,2,,
120182,12018,2,疯鳄鱼,monster,rare,fortune,5,1,mad_crocodime,3,120,2,melee,2,chance,2,,
120183,12018,3,疯鳄鱼,monster,rare,fortune,6,1,mad_crocodime,3,160,2,melee,2,chance,2,,
120184,12018,4,疯鳄鱼,monster,rare,fortune,7,1,mad_crocodime,3,200,2,melee,2,chance,2,,
120185,12018,5,疯鳄鱼,monster,rare,fortune,8,1,mad_crocodime,3,240,2,melee,2,chance,2,,
120186,12018,6,疯鳄鱼,monster,rare,fortune,8,1,mad_crocodime,3,280,2,melee,2,chance,3,,
120191,12019,1,破甲射手,monster,rare,fortune,5,1,breaker,4,80,2,ranged,3,breaker,1,,
120192,12019,2,破甲射手,monster,rare,fortune,5,1,breaker,4,120,2,ranged,3,breaker,2,,
120193,12019,3,破甲射手,monster,rare,fortune,6,1,breaker,4,160,2,ranged,3,breaker,2,,
120194,12019,4,破甲射手,monster,rare,fortune,6,1,breaker,4,200,2,ranged,3,breaker,3,,
120195,12019,5,破甲射手,monster,rare,fortune,7,1,breaker,4,240,2,ranged,3,breaker,3,,
120196,12019,6,破甲射手,monster,rare,fortune,7,1,breaker,4,280,2,ranged,4,breaker,3,,
,,,,,,,,,,,,,,,,,,
130011,13001,1,雪刃,monster,normal,balance,4,1,sharp_flake,2,40,2,melee,1,,,,
130012,13001,2,雪刃,monster,normal,balance,4,1,sharp_flake,2,60,2,melee,1,ranged,1,,
130013,13001,3,雪刃,monster,normal,balance,4,1,sharp_flake,2,80,2,melee,1,ranged,1,crystal,1
130014,13001,4,雪刃,monster,normal,balance,4,1,sharp_flake,2,100,2,melee,1,ranged,2,crystal,1
130015,13001,5,雪刃,monster,normal,balance,4,1,sharp_flake,2,120,2,melee,2,ranged,2,crystal,1
130021,13002,1,幽灵护盾,monster,normal,balance,5,1,ghostshield,3,40,2,shield,1,mshield,1,,
130022,13002,2,幽灵护盾,monster,normal,balance,6,1,ghostshield,3,60,2,shield,1,mshield,1,,
130023,13002,3,幽灵护盾,monster,normal,balance,6,1,ghostshield,3,80,2,shield,2,mshield,1,,
130024,13002,4,幽灵护盾,monster,normal,balance,6,1,ghostshield,3,100,2,shield,2,mshield,1,boost,1
130025,13002,5,幽灵护盾,monster,normal,balance,6,1,ghostshield,3,120,2,shield,2,mshield,2,boost,1
130031,13003,1,书呆子,monster,normal,balance,3,1,bookworm,2,40,2,magic,1,,,,
130032,13003,2,书呆子,monster,normal,balance,4,1,bookworm,2,60,2,magic,1,,,,
130033,13003,3,书呆子,monster,normal,balance,4,1,bookworm,2,80,2,magic,2,,,,
130034,13003,4,书呆子,monster,normal,balance,5,1,bookworm,2,100,2,magic,2,,,,
130035,13003,5,书呆子,monster,normal,balance,5,1,bookworm,2,120,2,magic,2,mshield,1,,
130041,13004,1,蛇妖,monster,rare,balance,5,1,snakecharmer,3,80,2,ranged,1,disease,1,,
130042,13004,2,蛇妖,monster,rare,balance,5,1,snakecharmer,3,120,2,ranged,1,disease,2,,
130043,13004,3,蛇妖,monster,rare,balance,6,1,snakecharmer,3,160,2,ranged,1,disease,2,,
130044,13004,4,蛇妖,monster,rare,balance,6,1,snakecharmer,3,200,2,ranged,2,disease,2,,
130045,13004,5,蛇妖,monster,rare,balance,7,1,snakecharmer,3,240,2,ranged,2,disease,2,,
130046,13004,6,蛇妖,monster,rare,balance,7,1,snakecharmer,3,280,2,ranged,2,disease,3,,
130051,13005,1,水妖,monster,rare,balance,4,1,fishcat,3,80,2,heal,2,,,,
130052,13005,2,水妖,monster,rare,balance,5,1,fishcat,3,120,2,heal,2,,,,
130053,13005,3,水妖,monster,rare,balance,4,1,fishcat,3,160,2,heal,3,,,,
130054,13005,4,水妖,monster,rare,balance,4,1,fishcat,3,200,2,heal,3,mshield,1,,
130055,13005,5,水妖,monster,rare,balance,5,1,fishcat,3,240,2,heal,3,mshield,1,,
130056,13005,6,水妖,monster,rare,balance,6,1,fishcat,3,280,2,heal,3,mshield,1,,
130061,13006,1,严霜,monster,rare,balance,4,1,frosty,4,80,2,magic,2,flying,0,,
130062,13006,2,严霜,monster,rare,balance,5,1,frosty,4,120,2,magic,2,flying,0,,
130063,13006,3,严霜,monster,rare,balance,5,1,frosty,4,160,2,magic,3,flying,0,,
130064,13006,4,严霜,monster,rare,balance,6,1,frosty,4,200,2,magic,3,flying,0,,
130065,13006,5,严霜,monster,rare,balance,7,1,frosty,4,240,2,magic,3,flying,0,,
130066,13006,6,严霜,monster,rare,balance,8,1,frosty,4,280,2,magic,3,flying,0,,
130071,13007,1,蜗牛信使,monster,rarity,balance,5,1,snailmail,3,160,2,thorns,2,shield,1,,
130072,13007,2,蜗牛信使,monster,rarity,balance,6,1,snailmail,3,240,2,thorns,2,shield,1,,
130073,13007,3,蜗牛信使,monster,rarity,balance,6,1,snailmail,3,320,2,thorns,3,shield,1,boost,1
130074,13007,4,蜗牛信使,monster,rarity,balance,6,1,snailmail,3,400,2,thorns,3,shield,2,boost,1
130075,13007,5,蜗牛信使,monster,rarity,balance,6,1,snailmail,3,480,2,thorns,3,shield,2,boost,2
130076,13007,6,蜗牛信使,monster,rarity,balance,7,1,snailmail,3,560,2,thorns,3,shield,2,boost,2
130077,13007,7,蜗牛信使,monster,rarity,balance,7,1,snailmail,3,640,2,thorns,3,shield,3,boost,2
130081,13008,1,冰冻夫人,monster,rarity,balance,3,1,summitwitch,2,160,2,magic,2,,,,
130082,13008,2,冰冻夫人,monster,rarity,balance,4,1,summitwitch,2,240,2,magic,2,,,,
130083,13008,3,冰冻夫人,monster,rarity,balance,4,1,summitwitch,2,320,2,magic,2,heal,1,,
130084,13008,4,冰冻夫人,monster,rarity,balance,5,1,summitwitch,2,400,2,magic,2,heal,1,,
130085,13008,5,冰冻夫人,monster,rarity,balance,5,1,summitwitch,2,480,2,magic,2,heal,2,,
130086,13008,6,冰冻夫人,monster,rarity,balance,6,1,summitwitch,2,560,2,magic,2,heal,2,,
130087,13008,7,冰冻夫人,monster,rarity,balance,6,1,summitwitch,2,640,2,magic,2,heal,2,immunity,0
130091,13009,1,石巨人,monster,epic,balance,6,1,rock_monster,4,320,2,melee,2,shield,1,boost,2
130092,13009,2,石巨人,monster,epic,balance,7,1,rock_monster,4,480,2,melee,2,shield,1,boost,3
130093,13009,3,石巨人,monster,epic,balance,7,1,rock_monster,4,640,2,melee,3,shield,1,boost,3
130094,13009,4,石巨人,monster,epic,balance,9,1,rock_monster,4,800,2,melee,3,shield,1,boost,3
130095,13009,5,石巨人,monster,epic,balance,10,1,rock_monster,4,960,2,melee,3,shield,1,boost,4
130096,13009,6,石巨人,monster,epic,balance,10,1,rock_monster,4,1120,2,melee,3,shield,2,boost,4
130097,13009,7,石巨人,monster,epic,balance,10,1,rock_monster,4,1280,2,melee,4,shield,2,boost,4
130098,13009,8,石巨人,monster,epic,balance,11,1,rock_monster,4,1440,2,melee,5,shield,2,boost,5
130101,13010,1,石膏灵,monster,rare,balance,4,1,plaster,3,80,2,magic,1,demoralize,1,,
130102,13010,2,石膏灵,monster,rare,balance,5,1,plaster,3,120,2,magic,1,demoralize,1,,
130103,13010,3,石膏灵,monster,rare,balance,5,1,plaster,3,160,2,magic,2,demoralize,1,,
130104,13010,4,石膏灵,monster,rare,balance,6,1,plaster,3,200,2,magic,2,demoralize,1,,
130105,13010,5,石膏灵,monster,rare,balance,7,1,plaster,3,240,2,magic,2,demoralize,1,,
130106,13010,6,石膏灵,monster,rare,balance,7,1,plaster,3,280,2,magic,2,demoralize,2,,
130111,13011,1,穆博,monster,rarity,balance,6,1,murble,4,160,2,magic,2,,,,
130112,13011,2,穆博,monster,rarity,balance,7,1,murble,4,240,2,magic,2,,,,
130113,13011,3,穆博,monster,rarity,balance,7,1,murble,4,320,2,magic,3,,,,
130114,13011,4,穆博,monster,rarity,balance,8,1,murble,4,400,2,magic,3,,,,
130115,13011,5,穆博,monster,rarity,balance,8,1,murble,4,480,2,magic,4,,,,
130116,13011,6,穆博,monster,rarity,balance,9,1,murble,4,560,2,magic,4,,,,
130117,13011,7,穆博,monster,rarity,balance,9,1,murble,4,640,2,magic,5,,,,
130121,13012,1,猴子法师,monster,rarity,balance,4,1,moonkey,2,160,2,magic,1,magic_aoe,1,,
130122,13012,2,猴子法师,monster,rarity,balance,5,1,moonkey,2,240,2,magic,1,magic_aoe,1,,
130123,13012,3,猴子法师,monster,rarity,balance,4,1,moonkey,2,320,2,magic,1,magic_aoe,1,drain_crystal,1
130124,13012,4,猴子法师,monster,rarity,balance,5,1,moonkey,2,400,2,magic,1,magic_aoe,1,drain_crystal,1
130125,13012,5,猴子法师,monster,rarity,balance,4,1,moonkey,2,480,2,magic,2,magic_aoe,1,drain_crystal,1
130126,13012,6,猴子法师,monster,rarity,balance,5,1,moonkey,2,560,2,magic,2,magic_aoe,1,drain_crystal,1
130127,13012,7,猴子法师,monster,rarity,balance,5,1,moonkey,2,640,2,magic,2,magic_aoe,2,drain_crystal,1
130131,13013,1,蒸汽,monster,rarity,balance,1,1,cloudy,2,160,2,ranged,3,,,,
130132,13013,2,蒸汽,monster,rarity,balance,2,1,cloudy,2,240,2,ranged,3,,,,
130133,13013,3,蒸汽,monster,rarity,balance,1,1,cloudy,2,320,2,ranged,3,stealth,0,,
130134,13013,4,蒸汽,monster,rarity,balance,2,1,cloudy,2,400,2,ranged,3,stealth,0,,
130135,13013,5,蒸汽,monster,rarity,balance,2,1,cloudy,2,480,2,ranged,3,stealth,0,crystal,1
130136,13013,6,蒸汽,monster,rarity,balance,3,1,cloudy,2,560,2,ranged,3,stealth,0,crystal,1
130137,13013,7,蒸汽,monster,rarity,balance,3,1,cloudy,2,720,2,ranged,4,stealth,0,crystal,1
130141,13014,1,变异章鱼,monster,epic,balance,11,1,calamity,3,320,2,thorns,2,,,,
130142,13014,2,变异章鱼,monster,epic,balance,12,1,calamity,3,480,2,thorns,2,,,,
130143,13014,3,变异章鱼,monster,epic,balance,12,1,calamity,3,640,2,thorns,3,,,,
130144,13014,4,变异章鱼,monster,epic,balance,13,1,calamity,3,800,2,thorns,3,,,,
130145,13014,5,变异章鱼,monster,epic,balance,14,1,calamity,3,960,2,thorns,3,,,,
130146,13014,6,变异章鱼,monster,epic,balance,14,1,calamity,3,1120,2,thorns,4,,,,
130147,13014,7,变异章鱼,monster,epic,balance,15,1,calamity,3,1280,2,thorns,4,,,,
130148,13014,8,变异章鱼,monster,epic,balance,16,1,calamity,3,1440,2,thorns,5,,,,
130151,13015,1,大法师,monster,epic,balance,2,1,archmage,2,320,2,magic,2,mshield,1,,
130152,13015,2,大法师,monster,epic,balance,2,1,archmage,2,480,2,magic,2,mshield,2,,
130153,13015,3,大法师,monster,epic,balance,3,1,archmage,2,640,2,magic,2,mshield,2,,
130154,13015,4,大法师,monster,epic,balance,3,1,archmage,2,800,2,magic,3,mshield,2,,
130155,13015,5,大法师,monster,epic,balance,3,1,archmage,2,960,2,magic,3,mshield,3,,
130156,13015,6,大法师,monster,epic,balance,4,1,archmage,2,1120,2,magic,3,mshield,3,,
130157,13015,7,大法师,monster,epic,balance,5,1,archmage,2,1280,2,magic,3,mshield,3,,
130158,13015,8,大法师,monster,epic,balance,5,1,archmage,2,1440,2,magic,4,mshield,3,,
130161,13016,1,尖刺雪刃,monster,normal,balance,3,1,spiked_flake,2,40,2,melee,1,counter,0,,
130162,13016,2,尖刺雪刃,monster,normal,balance,4,1,spiked_flake,2,60,2,melee,1,counter,0,,
130163,13016,3,尖刺雪刃,monster,normal,balance,5,1,spiked_flake,2,80,2,melee,1,counter,0,,
130164,13016,4,尖刺雪刃,monster,normal,balance,6,1,spiked_flake,2,100,2,melee,1,counter,0,,
130165,13016,5,尖刺雪刃,monster,normal,balance,6,1,spiked_flake,2,120,2,melee,2,counter,0,,
130171,13017,1,魔能虫,monster,normal,balance,4,1,magic_worm,3,40,2,magic,1,crystal,1,,
130172,13017,2,魔能虫,monster,normal,balance,5,1,magic_worm,3,60,2,magic,1,crystal,1,,
130173,13017,3,魔能虫,monster,normal,balance,6,1,magic_worm,3,80,2,magic,1,crystal,1,,
130174,13017,4,魔能虫,monster,normal,balance,7,1,magic_worm,3,100,2,magic,1,crystal,1,,
130175,13017,5,魔能虫,monster,normal,balance,7,1,magic_worm,3,120,2,magic,2,crystal,1,,
130181,13018,1,蜗牛警卫,monster,rare,balance,3,1,snail_garder,3,80,2,melee,1,cautious,0,,
130182,13018,2,蜗牛警卫,monster,rare,balance,3,1,snail_garder,3,120,2,melee,2,cautious,0,,
130183,13018,3,蜗牛警卫,monster,rare,balance,4,1,snail_garder,3,160,2,melee,2,cautious,0,,
130184,13018,4,蜗牛警卫,monster,rare,balance,4,1,snail_garder,3,200,2,melee,2,cautious,0,shield,1
130185,13018,5,蜗牛警卫,monster,rare,balance,5,1,snail_garder,3,240,2,melee,2,cautious,0,shield,1
130186,13018,6,蜗牛警卫,monster,rare,balance,5,1,snail_garder,3,280,2,melee,3,cautious,0,shield,1
130191,13019,1,鱼妖,monster,rare,balance,5,1,fishmon,4,80,2,heal,2,immunity,0,,
130192,13019,2,鱼妖,monster,rare,balance,6,1,fishmon,4,120,2,heal,2,immunity,0,,
130193,13019,3,鱼妖,monster,rare,balance,6,1,fishmon,4,160,2,heal,3,immunity,0,,
130194,13019,4,鱼妖,monster,rare,balance,7,1,fishmon,4,200,2,heal,3,immunity,0,,
130195,13019,5,鱼妖,monster,rare,balance,8,1,fishmon,4,240,2,heal,3,immunity,0,,
130196,13019,6,鱼妖,monster,rare,balance,8,1,fishmon,4,280,2,heal,4,immunity,0,,
,,,,,,,,,,,,,,,,,,
140011,14001,1,沙鼠,monster,normal,nature,4,1,gerbip,1,40,2,melee,1,,,,
140012,14001,2,沙鼠,monster,normal,nature,4,1,gerbip,1,60,2,melee,1,ranged,1,,
140013,14001,3,沙鼠,monster,normal,nature,4,1,gerbip,1,80,2,melee,2,ranged,1,,
140014,14001,4,沙鼠,monster,normal,nature,5,1,gerbip,1,100,2,melee,2,ranged,1,,
140015,14001,5,沙鼠,monster,normal,nature,5,1,gerbip,1,120,2,melee,2,ranged,2,,
140021,14002,1,蘑菇怪,monster,normal,nature,4,1,mushrhum,2,40,2,melee,2,,,,
140022,14002,2,蘑菇怪,monster,normal,nature,5,1,mushrhum,2,60,2,melee,2,,,,
140023,14002,3,蘑菇怪,monster,normal,nature,4,1,mushrhum,2,80,2,melee,2,shield,1,,
140024,14002,4,蘑菇怪,monster,normal,nature,3,1,mushrhum,2,100,2,melee,2,shield,2,,
140025,14002,5,蘑菇怪,monster,normal,nature,3,1,mushrhum,2,120,2,melee,1,shield,2,aggro,0
140031,14003,1,火鸡,monster,normal,nature,4,1,kurtey,2,40,2,ranged,1,,,,
140032,14003,2,火鸡,monster,normal,nature,4,1,kurtey,2,60,2,ranged,2,,,,
140033,14003,3,火鸡,monster,normal,nature,4,1,kurtey,2,80,2,ranged,2,flying,0,,
140034,14003,4,火鸡,monster,normal,nature,4,1,kurtey,2,100,2,ranged,2,flying,0,crystal,1
140035,14003,5,火鸡,monster,normal,nature,4,1,kurtey,2,120,2,ranged,3,flying,0,crystal,1
140041,14004,1,奶油蝙蝠,monster,rare,nature,3,1,butterbat,3,80,2,magic,1,flying,0,,
140042,14004,2,奶油蝙蝠,monster,rare,nature,3,1,butterbat,3,120,2,magic,1,flying,0,heal,1
140043,14004,3,奶油蝙蝠,monster,rare,nature,4,1,butterbat,3,160,2,magic,1,flying,0,heal,1
140044,14004,4,奶油蝙蝠,monster,rare,nature,4,1,butterbat,3,200,2,magic,2,flying,0,heal,1
140045,14004,5,奶油蝙蝠,monster,rare,nature,5,1,butterbat,3,240,2,magic,2,flying,0,heal,1
140046,14004,6,奶油蝙蝠,monster,rare,nature,6,1,butterbat,3,280,2,magic,2,flying,0,heal,1
140051,14005,1,花树精,monster,rare,nature,6,1,lapia,2,80,2,heal,1,,,,
140052,14005,2,花树精,monster,rare,nature,7,1,lapia,2,120,2,heal,1,,,,
140053,14005,3,花树精,monster,rare,nature,6,1,lapia,2,160,2,heal,2,,,,
140054,14005,4,花树精,monster,rare,nature,7,1,lapia,2,200,2,heal,2,,,,
140055,14005,5,花树精,monster,rare,nature,8,1,lapia,2,240,2,heal,2,,,,
140056,14005,6,花树精,monster,rare,nature,8,1,lapia,2,280,2,heal,3,,,,
140061,14006,1,狼蛛,monster,rare,nature,4,1,furryspider,1,80,2,ranged,1,,,,
140062,14006,2,狼蛛,monster,rare,nature,5,1,furryspider,1,120,2,ranged,1,,,,
140063,14006,3,狼蛛,monster,rare,nature,5,1,furryspider,1,160,2,ranged,2,,,,
140064,14006,4,狼蛛,monster,rare,nature,3,1,furryspider,1,200,2,ranged,2,entangle,0,,
140065,14006,5,狼蛛,monster,rare,nature,4,1,furryspider,1,240,2,ranged,2,entangle,0,,
140066,14006,6,狼蛛,monster,rare,nature,4,1,furryspider,1,280,2,ranged,3,entangle,0,,
140071,14007,1,鳄鱼熊,monster,rarity,nature,6,1,polar_lizard,3,160,2,melee,3,,,,
140072,14007,2,鳄鱼熊,monster,rarity,nature,7,1,polar_lizard,3,240,2,melee,3,,,,
140073,14007,3,鳄鱼熊,monster,rarity,nature,7,1,polar_lizard,3,320,2,melee,3,boost,2,,
140074,14007,4,鳄鱼熊,monster,rarity,nature,8,1,polar_lizard,3,400,2,melee,4,boost,2,,
140075,14007,5,鳄鱼熊,monster,rarity,nature,8,1,polar_lizard,3,480,2,melee,4,boost,2,cleave,0
140076,14007,6,鳄鱼熊,monster,rarity,nature,8,1,polar_lizard,3,560,2,melee,4,boost,3,cleave,0
140077,14007,7,鳄鱼熊,monster,rarity,nature,8,1,polar_lizard,3,640,2,melee,5,boost,3,cleave,0
140081,14008,1,福洛克,monster,rarity,nature,6,1,frock,3,160,2,melee,1,shield,1,,
140082,14008,2,福洛克,monster,rarity,nature,6,1,frock,3,240,2,melee,2,shield,1,,
140083,14008,3,福洛克,monster,rarity,nature,7,1,frock,3,320,2,melee,2,shield,1,,
140084,14008,4,福洛克,monster,rarity,nature,7,1,frock,3,400,2,melee,2,shield,1,heal,1
140085,14008,5,福洛克,monster,rarity,nature,8,1,frock,3,480,2,melee,2,shield,1,heal,1
140086,14008,6,福洛克,monster,rarity,nature,8,1,frock,3,560,2,melee,2,shield,2,heal,1
140087,14008,7,福洛克,monster,rarity,nature,8,1,frock,3,640,2,melee,3,shield,2,heal,1
140091,14009,1,库库坎,monster,epic,nature,5,1,flying_snake,3,320,2,melee,2,ranged,2,flying,0
140092,14009,2,库库坎,monster,epic,nature,6,1,flying_snake,3,480,2,melee,2,ranged,2,flying,0
140093,14009,3,库库坎,monster,epic,nature,6,1,flying_snake,3,640,2,melee,2,ranged,3,flying,0
140094,14009,4,库库坎,monster,epic,nature,6,1,flying_snake,3,800,2,melee,3,ranged,3,flying,0
140095,14009,5,库库坎,monster,epic,nature,7,1,flying_snake,3,960,2,melee,3,ranged,3,flying,0
140096,14009,6,库库坎,monster,epic,nature,7,1,flying_snake,3,1120,2,melee,3,ranged,4,flying,0
140097,14009,7,库库坎,monster,epic,nature,8,1,flying_snake,3,1280,2,melee,3,ranged,4,flying,0
140098,14009,8,库库坎,monster,epic,nature,9,1,flying_snake,3,1440,2,melee,4,ranged,4,flying,0
140101,14010,1,电鳗,monster,rare,nature,4,1,eelectric,2,80,2,melee,1,thorns,1,,
140102,14010,2,电鳗,monster,rare,nature,4,1,eelectric,2,120,2,melee,2,thorns,1,,
140103,14010,3,电鳗,monster,rare,nature,4,1,eelectric,2,160,2,melee,2,thorns,2,,
140104,14010,4,电鳗,monster,rare,nature,4,1,eelectric,2,200,2,melee,2,thorns,2,crystal,1
140105,14010,5,电鳗,monster,rare,nature,5,1,eelectric,2,240,2,melee,2,thorns,2,crystal,1
140106,14010,6,电鳗,monster,rare,nature,5,1,eelectric,2,280,2,melee,2,thorns,3,crystal,1
140111,14011,1,贝利肯,monster,rarity,nature,3,1,belican,2,160,2,ranged,2,disease,1,cleave,0
140112,14011,2,贝利肯,monster,rarity,nature,3,1,belican,2,240,2,ranged,2,disease,2,cleave,0
140113,14011,3,贝利肯,monster,rarity,nature,4,1,belican,2,320,2,ranged,2,disease,2,cleave,0
140114,14011,4,贝利肯,monster,rarity,nature,4,1,belican,2,400,2,ranged,3,disease,2,cleave,0
140115,14011,5,贝利肯,monster,rarity,nature,5,1,belican,2,480,2,ranged,3,disease,2,cleave,0
140116,14011,6,贝利肯,monster,rarity,nature,6,1,belican,2,560,2,ranged,3,disease,2,cleave,0
140117,14011,7,贝利肯,monster,rarity,nature,6,1,belican,2,640,2,ranged,4,disease,2,cleave,0
140121,14012,1,剑齿虎,monster,rarity,nature,4,1,tiker,2,160,2,melee,3,,,,
140122,14012,2,剑齿虎,monster,rarity,nature,5,1,tiker,2,240,2,melee,3,,,,
140123,14012,3,剑齿虎,monster,rarity,nature,5,1,tiker,2,320,2,melee,4,,,,
140124,14012,4,剑齿虎,monster,rarity,nature,6,1,tiker,2,400,2,melee,4,,,,
140125,14012,5,剑齿虎,monster,rarity,nature,5,1,tiker,2,480,2,melee,4,cautious,0,,
140126,14012,6,剑齿虎,monster,rarity,nature,6,1,tiker,2,560,2,melee,4,cautious,0,,
140127,14012,7,剑齿虎,monster,rarity,nature,6,1,tiker,2,640,2,melee,5,cautious,0,,
140131,14013,1,夜鲨,monster,rarity,nature,7,1,sabershark,6,160,2,melee,6,aggro,0,,
140132,14013,2,夜鲨,monster,rarity,nature,8,1,sabershark,6,240,2,melee,6,aggro,0,,
140133,14013,3,夜鲨,monster,rarity,nature,8,1,sabershark,6,320,2,melee,7,aggro,0,,
140134,14013,4,夜鲨,monster,rarity,nature,9,1,sabershark,6,400,2,melee,7,aggro,0,,
140135,14013,5,夜鲨,monster,rarity,nature,10,1,sabershark,6,480,2,melee,7,aggro,0,,
140136,14013,6,夜鲨,monster,rarity,nature,12,1,sabershark,6,560,2,melee,7,aggro,0,,
140137,14013,7,夜鲨,monster,rarity,nature,12,1,sabershark,6,640,2,melee,8,aggro,0,,
140141,14014,1,乌贼喷射者,monster,epic,nature,3,1,squidiver,2,320,2,heal,3,,,,
140142,14014,2,乌贼喷射者,monster,epic,nature,4,1,squidiver,2,480,2,heal,3,,,,
140143,14014,3,乌贼喷射者,monster,epic,nature,4,1,squidiver,2,640,2,heal,3,crystal,1,,
140144,14014,4,乌贼喷射者,monster,epic,nature,6,1,squidiver,2,800,2,heal,3,crystal,1,,
140145,14014,5,乌贼喷射者,monster,epic,nature,6,1,squidiver,2,960,2,heal,3,crystal,1,entangle,0
140146,14014,6,乌贼喷射者,monster,epic,nature,7,1,squidiver,2,1120,2,heal,3,crystal,1,entangle,0
140147,14014,7,乌贼喷射者,monster,epic,nature,8,1,squidiver,2,1280,2,heal,3,crystal,1,entangle,0
140148,14014,8,乌贼喷射者,monster,epic,nature,8,1,squidiver,2,1440,2,heal,4,crystal,1,entangle,0
140151,14015,1,王子蘑菇,monster,epic,nature,8,1,kingmushrhum,2,320,2,aggro,0,,,,
140152,14015,2,王子蘑菇,monster,epic,nature,10,1,kingmushrhum,2,480,2,aggro,0,,,,
140153,14015,3,王子蘑菇,monster,epic,nature,11,1,kingmushrhum,2,640,2,aggro,0,,,,
140154,14015,4,王子蘑菇,monster,epic,nature,13,1,kingmushrhum,2,800,2,aggro,0,,,,
140155,14015,5,王子蘑菇,monster,epic,nature,14,1,kingmushrhum,2,960,2,aggro,0,,,,
140156,14015,6,王子蘑菇,monster,epic,nature,16,1,kingmushrhum,2,1120,2,aggro,0,,,,
140157,14015,7,王子蘑菇,monster,epic,nature,18,1,kingmushrhum,2,1280,2,aggro,0,,,,
140158,14015,8,王子蘑菇,monster,epic,nature,20,1,kingmushrhum,2,1440,2,aggro,0,,,,
140161,14016,1,铠蛛,monster,normal,nature,3,1,armor_spider,3,40,2,ranged,2,shield,1,,
140162,14016,2,铠蛛,monster,normal,nature,4,1,armor_spider,3,60,2,ranged,2,shield,1,,
140163,14016,3,铠蛛,monster,normal,nature,4,1,armor_spider,3,80,2,ranged,3,shield,1,,
140164,14016,4,铠蛛,monster,normal,nature,5,1,armor_spider,3,100,2,ranged,3,shield,1,,
140165,14016,5,铠蛛,monster,normal,nature,5,1,armor_spider,3,120,2,ranged,3,shield,2,,
140171,14017,1,恢复蘑菇,monster,normal,nature,4,1,healmushrhum,3,40,2,heal,1,stealth,0,,
140172,14017,2,恢复蘑菇,monster,normal,nature,5,1,healmushrhum,3,60,2,heal,1,stealth,0,,
140173,14017,3,恢复蘑菇,monster,normal,nature,4,1,healmushrhum,3,80,2,heal,2,stealth,0,,
140174,14017,4,恢复蘑菇,monster,normal,nature,5,1,healmushrhum,3,100,2,heal,2,stealth,0,,
140175,14017,5,恢复蘑菇,monster,normal,nature,5,1,healmushrhum,3,120,2,heal,3,stealth,0,,
140181,14018,1,机警的火鸡,monster,rare,nature,1,1,vigilant_turkey,2,80,2,ranged,2,opportunity,0,,
140182,14018,2,机警的火鸡,monster,rare,nature,2,1,vigilant_turkey,2,120,2,ranged,2,opportunity,0,,
140183,14018,3,机警的火鸡,monster,rare,nature,3,1,vigilant_turkey,2,160,2,ranged,2,opportunity,0,,
140184,14018,4,机警的火鸡,monster,rare,nature,3,1,vigilant_turkey,2,200,2,ranged,3,opportunity,0,,
140185,14018,5,机警的火鸡,monster,rare,nature,4,1,vigilant_turkey,2,240,2,ranged,3,opportunity,0,,
140186,14018,6,机警的火鸡,monster,rare,nature,4,1,vigilant_turkey,2,280,2,ranged,4,opportunity,0,,
140191,14019,1,尖叫电鳗,monster,rare,nature,5,1,cryeel,3,80,2,thorns,1,aggro,0,,
140192,14019,2,尖叫电鳗,monster,rare,nature,5,1,cryeel,3,120,2,thorns,2,aggro,0,,
140193,14019,3,尖叫电鳗,monster,rare,nature,6,1,cryeel,3,160,2,thorns,2,aggro,0,,
140194,14019,4,尖叫电鳗,monster,rare,nature,7,1,cryeel,3,200,2,thorns,2,aggro,0,,
140195,14019,5,尖叫电鳗,monster,rare,nature,8,1,cryeel,3,240,2,thorns,2,aggro,0,,
140196,14019,6,尖叫电鳗,monster,rare,nature,8,1,cryeel,3,280,2,thorns,3,aggro,0,,
,,,,,,,,,,,,,,,,,,
,,,,,,,,,,,,,,,,,,
150011,15001,1,石甲虫,monster,normal,chaos,4,1,staglamite,2,40,2,melee,2,,,,
150012,15001,2,石甲虫,monster,normal,chaos,5,1,staglamite,2,60,2,melee,2,,,,
150013,15001,3,石甲虫,monster,normal,chaos,5,1,staglamite,2,80,2,melee,2,boost,2,,
150014,15001,4,石甲虫,monster,normal,chaos,5,1,staglamite,2,100,2,melee,2,boost,3,,
150015,15001,5,石甲虫,monster,normal,chaos,6,1,staglamite,2,120,2,melee,2,boost,3,,
150021,15002,1,布罗格洛吉特,monster,normal,chaos,4,1,bloglodyte,2,40,2,magic,1,,,,
150022,15002,2,布罗格洛吉特,monster,normal,chaos,3,1,bloglodyte,2,60,2,magic,2,,,,
150023,15002,3,布罗格洛吉特,monster,normal,chaos,3,1,bloglodyte,2,80,2,magic,2,crystal,1,,
150024,15002,4,布罗格洛吉特,monster,normal,chaos,4,1,bloglodyte,2,100,2,magic,2,crystal,1,,
150025,15002,5,布罗格洛吉特,monster,normal,chaos,4,1,bloglodyte,2,120,2,magic,2,crystal,1,reflect,0
150031,15003,1,一堆粘稠物,monster,normal,chaos,6,1,pileogoo,3,40,2,melee,2,,,,
150032,15003,2,一堆粘稠物,monster,normal,chaos,6,1,pileogoo,3,60,2,melee,2,disease,1,,
150033,15003,3,一堆粘稠物,monster,normal,chaos,7,1,pileogoo,3,80,2,melee,2,disease,1,,
150034,15003,4,一堆粘稠物,monster,normal,chaos,7,1,pileogoo,3,100,2,melee,2,disease,2,,
150035,15003,5,一堆粘稠物,monster,normal,chaos,7,1,pileogoo,3,120,2,melee,2,disease,3,,
150041,15004,1,熔岩软泥,monster,rare,chaos,5,1,lava_ooze,2,80,2,melee,2,,,,
150042,15004,2,熔岩软泥,monster,rare,chaos,4,1,lava_ooze,2,120,2,melee,2,reach,0,,
150043,15004,3,熔岩软泥,monster,rare,chaos,4,1,lava_ooze,2,160,2,melee,2,reach,0,crystal,1
150044,15004,4,熔岩软泥,monster,rare,chaos,4,1,lava_ooze,2,200,2,melee,3,reach,0,crystal,1
150045,15004,5,熔岩软泥,monster,rare,chaos,5,1,lava_ooze,2,240,2,melee,3,reach,0,crystal,1
150046,15004,6,熔岩软泥,monster,rare,chaos,5,1,lava_ooze,2,280,2,melee,4,reach,0,crystal,1
150051,15005,1,疯牛,monster,rare,chaos,5,1,zombull,3,80,2,melee,2,thrash,1,,
150052,15005,2,疯牛,monster,rare,chaos,5,1,zombull,3,120,2,melee,3,thrash,1,,
150053,15005,3,疯牛,monster,rare,chaos,5,1,zombull,3,160,2,melee,3,thrash,2,,
150054,15005,4,疯牛,monster,rare,chaos,6,1,zombull,3,200,2,melee,3,thrash,2,,
150055,15005,5,疯牛,monster,rare,chaos,6,1,zombull,3,240,2,melee,3,thrash,3,,
150056,15005,6,疯牛,monster,rare,chaos,6,1,zombull,3,280,2,melee,4,thrash,3,,
150061,15006,1,大骨头,monster,rare,chaos,7,1,skeleton,3,80,2,melee,2,,,,
150062,15006,2,大骨头,monster,rare,chaos,7,1,skeleton,3,120,2,melee,3,,,,
150063,15006,3,大骨头,monster,rare,chaos,7,1,skeleton,3,160,2,melee,4,,,,
150064,15006,4,大骨头,monster,rare,chaos,7,1,skeleton,3,200,2,melee,4,swap,0,,
150065,15006,5,大骨头,monster,rare,chaos,8,1,skeleton,3,240,2,melee,4,swap,0,,
150066,15006,6,大骨头,monster,rare,chaos,8,1,skeleton,3,280,2,melee,5,swap,0,,
150071,15007,1,侍僧,monster,rarity,chaos,4,1,acolyte,3,160,2,magic,2,,,,
150072,15007,2,侍僧,monster,rarity,chaos,5,1,acolyte,3,240,2,magic,2,,,,
150073,15007,3,侍僧,monster,rarity,chaos,6,1,acolyte,3,320,2,magic,2,,,,
150074,15007,4,侍僧,monster,rarity,chaos,6,1,acolyte,3,400,2,magic,2,reflect,0,,
150075,15007,5,侍僧,monster,rarity,chaos,7,1,acolyte,3,480,2,magic,2,reflect,0,,
150076,15007,6,侍僧,monster,rarity,chaos,8,1,acolyte,3,560,2,magic,2,reflect,0,,
150077,15007,7,侍僧,monster,rarity,chaos,8,1,acolyte,3,640,2,magic,3,reflect,0,,
150081,15008,1,恶魔侏儒,monster,rarity,chaos,4,1,demon_dwarf,3,160,2,melee,2,magic,1,,
150082,15008,2,恶魔侏儒,monster,rarity,chaos,4,1,demon_dwarf,3,240,2,melee,2,magic,2,,
150083,15008,3,恶魔侏儒,monster,rarity,chaos,5,1,demon_dwarf,3,320,2,melee,2,magic,2,,
150084,15008,4,恶魔侏儒,monster,rarity,chaos,5,1,demon_dwarf,3,400,2,melee,2,magic,2,swap,0
150085,15008,5,恶魔侏儒,monster,rarity,chaos,6,1,demon_dwarf,3,480,2,melee,2,magic,2,swap,0
150086,15008,6,恶魔侏儒,monster,rarity,chaos,7,1,demon_dwarf,3,560,2,melee,2,magic,2,swap,0
150087,15008,7,恶魔侏儒,monster,rarity,chaos,7,1,demon_dwarf,3,640,2,melee,3,magic,2,swap,0
150091,15009,1,玛斯卡拉德,monster,epic,chaos,6,1,musculard,3,320,2,melee,3,reach,0,,
150092,15009,2,玛斯卡拉德,monster,epic,chaos,7,1,musculard,3,480,2,melee,3,reach,0,,
150093,15009,3,玛斯卡拉德,monster,epic,chaos,7,1,musculard,3,640,2,melee,4,reach,0,,
150094,15009,4,玛斯卡拉德,monster,epic,chaos,8,1,musculard,3,800,2,melee,4,reach,0,,
150095,15009,5,玛斯卡拉德,monster,epic,chaos,8,1,musculard,3,960,2,melee,5,reach,0,,
150096,15009,6,玛斯卡拉德,monster,epic,chaos,10,1,musculard,3,1120,2,melee,5,reach,0,,
150097,15009,7,玛斯卡拉德,monster,epic,chaos,10,1,musculard,3,1280,2,melee,6,reach,0,,
150098,15009,8,玛斯卡拉德,monster,epic,chaos,11,1,musculard,3,1440,2,melee,7,reach,0,,
150101,15010,1,天空蜉蝣,monster,rare,chaos,3,1,sky_drake,3,80,2,melee,2,flying,0,,
150102,15010,2,天空蜉蝣,monster,rare,chaos,4,1,sky_drake,3,120,2,melee,2,flying,0,,
150103,15010,3,天空蜉蝣,monster,rare,chaos,4,1,sky_drake,3,160,2,melee,3,flying,0,,
150104,15010,4,天空蜉蝣,monster,rare,chaos,5,1,sky_drake,3,200,2,melee,3,flying,0,,
150105,15010,5,天空蜉蝣,monster,rare,chaos,6,1,sky_drake,3,240,2,melee,3,flying,0,,
150106,15010,6,天空蜉蝣,monster,rare,chaos,8,1,sky_drake,3,280,2,melee,3,flying,0,,
150111,15011,1,地牢师傅,monster,epic,chaos,3,1,dungeonmaster,2,320,2,magic,2,stealth,0,,
150112,15011,2,地牢师傅,monster,epic,chaos,4,1,dungeonmaster,2,480,2,magic,2,stealth,0,,
150113,15011,3,地牢师傅,monster,epic,chaos,3,1,dungeonmaster,2,640,2,magic,3,stealth,0,,
150114,15011,4,地牢师傅,monster,epic,chaos,4,1,dungeonmaster,2,800,2,magic,3,stealth,0,,
150115,15011,5,地牢师傅,monster,epic,chaos,4,1,dungeonmaster,2,960,2,magic,4,stealth,0,,
150116,15011,6,地牢师傅,monster,epic,chaos,5,1,dungeonmaster,2,1120,2,magic,4,stealth,0,,
150117,15011,7,地牢师傅,monster,epic,chaos,6,1,dungeonmaster,2,1280,2,magic,4,stealth,0,,
150118,15011,8,地牢师傅,monster,epic,chaos,6,1,dungeonmaster,2,1440,2,magic,5,stealth,0,,
150121,15012,1,巨鼠,monster,rarity,chaos,7,1,giantrat,3,160,2,melee,3,,,,
150122,15012,2,巨鼠,monster,rarity,chaos,7,1,giantrat,3,240,2,melee,4,,,,
150123,15012,3,巨鼠,monster,rarity,chaos,8,1,giantrat,3,320,2,melee,4,,,,
150124,15012,4,巨鼠,monster,rarity,chaos,7,1,giantrat,3,400,2,melee,4,drain_crystal,1,,
150125,15012,5,巨鼠,monster,rarity,chaos,8,1,giantrat,3,480,2,melee,4,drain_crystal,1,,
150126,15012,6,巨鼠,monster,rarity,chaos,8,1,giantrat,3,560,2,melee,5,drain_crystal,1,,
150127,15012,7,巨鼠,monster,rarity,chaos,8,1,giantrat,3,640,2,melee,6,drain_crystal,1,,
150131,15013,1,火焰,monster,rarity,chaos,1,1,whisp,3,160,2,demoralize,3,stealth,0,,
150132,15013,2,火焰,monster,rarity,chaos,2,1,whisp,3,240,2,demoralize,3,stealth,0,,
150133,15013,3,火焰,monster,rarity,chaos,2,1,whisp,3,320,2,demoralize,4,stealth,0,,
150134,15013,4,火焰,monster,rarity,chaos,3,1,whisp,3,400,2,demoralize,4,stealth,0,,
150135,15013,5,火焰,monster,rarity,chaos,3,1,whisp,3,480,2,demoralize,4,stealth,0,crystal,1
150136,15013,6,火焰,monster,rarity,chaos,4,1,whisp,3,560,2,demoralize,4,stealth,0,crystal,1
150137,15013,7,火焰,monster,rarity,chaos,4,1,whisp,3,640,2,demoralize,5,stealth,0,crystal,1
150141,15014,1,蓝龙,monster,epic,chaos,8,1,blue_dragon,5,320,2,melee,4,flying,0,,
150142,15014,2,蓝龙,monster,epic,chaos,8,1,blue_dragon,5,480,2,melee,5,flying,0,,
150143,15014,3,蓝龙,monster,epic,chaos,9,1,blue_dragon,5,640,2,melee,5,flying,0,,
150144,15014,4,蓝龙,monster,epic,chaos,9,1,blue_dragon,5,800,2,melee,5,flying,0,drain_crystal,1
150145,15014,5,蓝龙,monster,epic,chaos,10,1,blue_dragon,5,960,2,melee,5,flying,0,drain_crystal,1
150146,15014,6,蓝龙,monster,epic,chaos,11,1,blue_dragon,5,1120,2,melee,5,flying,0,drain_crystal,1
150147,15014,7,蓝龙,monster,epic,chaos,11,1,blue_dragon,5,1280,2,melee,6,flying,0,drain_crystal,1
150148,15014,8,蓝龙,monster,epic,chaos,12,1,blue_dragon,5,1440,2,melee,7,flying,0,drain_crystal,1
150151,15015,1,游灵,monster,rarity,chaos,1,1,aeon,2,160,2,magic,2,,,,
150152,15015,2,游灵,monster,rarity,chaos,1,1,aeon,2,240,2,magic,3,,,,
150153,15015,3,游灵,monster,rarity,chaos,2,1,aeon,2,320,2,magic,3,,,,
150154,15015,4,游灵,monster,rarity,chaos,2,1,aeon,2,400,2,magic,3,magic_aoe,1,,
150155,15015,5,游灵,monster,rarity,chaos,2,1,aeon,2,480,2,magic,4,magic_aoe,1,,
150156,15015,6,游灵,monster,rarity,chaos,3,1,aeon,2,560,2,magic,4,magic_aoe,1,,
150157,15015,7,游灵,monster,rarity,chaos,3,1,aeon,2,640,2,magic,4,magic_aoe,2,,
150161,15016,1,奥术垃圾,monster,normal,chaos,2,1,arcane_garbage,2,40,2,magic,1,magic_aoe,1,,
150162,15016,2,奥术垃圾,monster,normal,chaos,3,1,arcane_garbage,2,60,2,magic,1,magic_aoe,1,,
150163,15016,3,奥术垃圾,monster,normal,chaos,2,1,arcane_garbage,2,80,2,magic,2,magic_aoe,1,,
150164,15016,4,奥术垃圾,monster,normal,chaos,3,1,arcane_garbage,2,100,2,magic,2,magic_aoe,1,,
150165,15016,5,奥术垃圾,monster,normal,chaos,2,1,arcane_garbage,2,120,2,magic,2,magic_aoe,2,,
150171,15017,1,大钳虫,monster,normal,chaos,5,1,big_pliers,3,80,2,melee,2,cleave,0,,
150172,15017,2,大钳虫,monster,normal,chaos,6,1,big_pliers,3,120,2,melee,2,cleave,0,,
150173,15017,3,大钳虫,monster,normal,chaos,6,1,big_pliers,3,160,2,melee,3,cleave,0,,
150174,15017,4,大钳虫,monster,normal,chaos,7,1,big_pliers,3,200,2,melee,3,cleave,0,,
150175,15017,5,大钳虫,monster,normal,chaos,7,1,big_pliers,3,240,2,melee,4,cleave,0,,
150181,15018,1,捣蛋小鬼,monster,rare,chaos,4,1,naughty_imp,2,80,2,chance,1,swap,0,,
150182,15018,2,捣蛋小鬼,monster,rare,chaos,4,1,naughty_imp,2,120,2,chance,2,swap,0,,
150183,15018,3,捣蛋小鬼,monster,rare,chaos,5,1,naughty_imp,2,160,2,chance,2,swap,0,,
150184,15018,4,捣蛋小鬼,monster,rare,chaos,5,1,naughty_imp,2,200,2,chance,3,swap,0,,
150185,15018,5,捣蛋小鬼,monster,rare,chaos,6,1,naughty_imp,2,240,2,chance,3,swap,0,,
150186,15018,6,捣蛋小鬼,monster,rare,chaos,6,1,naughty_imp,2,280,2,chance,3,swap,0,flying,0
150191,15019,1,疯侏儒,monster,rare,chaos,4,1,mad_dwarf,2,80,2,chance,1,reflect,0,,
150192,15019,2,疯侏儒,monster,rare,chaos,4,1,mad_dwarf,2,120,2,chance,2,reflect,0,,
150193,15019,3,疯侏儒,monster,rare,chaos,5,1,mad_dwarf,2,160,2,chance,2,reflect,0,,
150194,15019,4,疯侏儒,monster,rare,chaos,5,1,mad_dwarf,2,200,2,chance,3,reflect,0,,
150195,15019,5,疯侏儒,monster,rare,chaos,6,1,mad_dwarf,2,240,2,chance,3,reflect,0,,
150196,15019,6,疯侏儒,monster,rare,chaos,6,1,mad_dwarf,2,280,2,chance,4,reflect,0,,
,,,,,,,,,,,,,,,,,,
21001,21001,1,便服,armor,normal,war,2,1,plain_clothes,1,70,2,,,,,,
210011,21001,2,便服,armor,normal,war,4,1,plain_clothes,1,140,2,,,,,,
210012,21001,3,便服,armor,normal,war,6,1,plain_clothes,1,210,2,,,,,,
22001,22001,1,便服,armor,normal,fortune,2,1,plain_clothes,1,70,2,,,,,,
220011,22001,2,便服,armor,normal,fortune,4,1,plain_clothes,1,140,2,,,,,,
220012,22001,3,便服,armor,normal,fortune,6,1,plain_clothes,1,210,2,,,,,,
23001,23001,1,便服,armor,normal,balance,2,1,plain_clothes,1,70,2,,,,,,
230011,23001,2,便服,armor,normal,balance,4,1,plain_clothes,1,140,2,,,,,,
230012,23001,3,便服,armor,normal,balance,6,1,plain_clothes,1,210,2,,,,,,
24001,24001,1,便服,armor,normal,nature,2,1,plain_clothes,1,70,2,,,,,,
240011,24001,2,便服,armor,normal,nature,4,1,plain_clothes,1,140,2,,,,,,
240012,24001,3,便服,armor,normal,nature,6,1,plain_clothes,1,210,2,,,,,,
25001,25001,1,便服,armor,normal,chaos,2,1,plain_clothes,1,70,2,,,,,,
250011,25001,2,便服,armor,normal,chaos,4,1,plain_clothes,1,140,2,,,,,,
250012,25001,3,便服,armor,normal,chaos,6,1,plain_clothes,1,210,2,,,,,,
26001,26001,1,便服,armor,normal,all,2,1,plain_clothes,2,70,2,,,,,,
260011,26001,2,便服,armor,normal,all,4,1,plain_clothes,2,140,2,,,,,,
260012,26001,3,便服,armor,normal,all,6,1,plain_clothes,2,210,2,,,,,,
21002,21002,1,金属帽子,armor,normal,war,3,1,metal_cap,2,70,2,,,,,,
210021,21002,2,金属帽子,armor,normal,war,5,1,metal_cap,2,140,2,,,,,,
210022,21002,3,金属帽子,armor,normal,war,7,1,metal_cap,2,210,2,,,,,,
22002,22002,1,金属帽子,armor,normal,fortune,3,1,metal_cap,2,70,2,,,,,,
220021,22002,2,金属帽子,armor,normal,fortune,5,1,metal_cap,2,140,2,,,,,,
220022,22002,3,金属帽子,armor,normal,fortune,7,1,metal_cap,2,210,2,,,,,,
23002,23002,1,金属帽子,armor,normal,balance,3,1,metal_cap,2,70,2,,,,,,
230021,23002,2,金属帽子,armor,normal,balance,5,1,metal_cap,2,140,2,,,,,,
230022,23002,3,金属帽子,armor,normal,balance,7,1,metal_cap,2,210,2,,,,,,
24002,24002,1,金属帽子,armor,normal,nature,3,1,metal_cap,2,70,2,,,,,,
240021,24002,2,金属帽子,armor,normal,nature,5,1,metal_cap,2,140,2,,,,,,
240022,24002,3,金属帽子,armor,normal,nature,7,1,metal_cap,2,210,2,,,,,,
25002,25002,1,金属帽子,armor,normal,chaos,3,1,metal_cap,2,70,2,,,,,,
250021,25002,2,金属帽子,armor,normal,chaos,5,1,metal_cap,2,140,2,,,,,,
250022,25002,3,金属帽子,armor,normal,chaos,7,1,metal_cap,2,210,2,,,,,,
26002,26002,1,金属帽子,armor,normal,all,3,1,metal_cap,3,70,2,,,,,,
260021,26002,2,金属帽子,armor,normal,all,5,1,metal_cap,3,140,2,,,,,,
260022,26002,3,金属帽子,armor,normal,all,7,1,metal_cap,3,210,2,,,,,,
21003,21003,1,尖刺护腿,armor,normal,war,3,1,spiked_leggings,3,70,2,thorns,1,,,,
210031,21003,2,尖刺护腿,armor,normal,war,5,1,spiked_leggings,3,140,2,thorns,1,,,,
210032,21003,3,尖刺护腿,armor,normal,war,6,1,spiked_leggings,3,210,2,thorns,2,,,,
22003,22003,1,尖刺护腿,armor,normal,fortune,3,1,spiked_leggings,3,70,2,thorns,1,,,,
220031,22003,2,尖刺护腿,armor,normal,fortune,5,1,spiked_leggings,3,140,2,thorns,1,,,,
220032,22003,3,尖刺护腿,armor,normal,fortune,6,1,spiked_leggings,3,210,2,thorns,2,,,,
23003,23003,1,尖刺护腿,armor,normal,balance,3,1,spiked_leggings,3,70,2,thorns,1,,,,
230031,23003,2,尖刺护腿,armor,normal,balance,5,1,spiked_leggings,3,140,2,thorns,1,,,,
230032,23003,3,尖刺护腿,armor,normal,balance,6,1,spiked_leggings,3,210,2,thorns,2,,,,
24003,24003,1,尖刺护腿,armor,normal,nature,3,1,spiked_leggings,3,70,2,thorns,1,,,,
240031,24003,2,尖刺护腿,armor,normal,nature,5,1,spiked_leggings,3,140,2,thorns,1,,,,
240032,24003,3,尖刺护腿,armor,normal,nature,6,1,spiked_leggings,3,210,2,thorns,2,,,,
25003,25003,1,尖刺护腿,armor,normal,chaos,3,1,spiked_leggings,3,70,2,thorns,1,,,,
250031,25003,2,尖刺护腿,armor,normal,chaos,5,1,spiked_leggings,3,140,2,thorns,1,,,,
250032,25003,3,尖刺护腿,armor,normal,chaos,6,1,spiked_leggings,3,210,2,thorns,2,,,,
26003,26003,1,尖刺护腿,armor,normal,all,3,1,spiked_leggings,4,70,2,thorns,1,,,,
260031,26003,2,尖刺护腿,armor,normal,all,5,1,spiked_leggings,4,140,2,thorns,1,,,,
260032,26003,3,尖刺护腿,armor,normal,all,6,1,spiked_leggings,4,210,2,thorns,2,,,,
21004,21004,1,骑士手套,armor,normal,war,3,1,heavy_gloves,4,70,2,reach,0,,,,
210041,21004,2,骑士手套,armor,normal,war,5,1,heavy_gloves,4,140,2,reach,0,,,,
210042,21004,3,骑士手套,armor,normal,war,6,1,heavy_gloves,4,210,2,reach,0,breaker,2,,
22004,22004,1,骑士手套,armor,normal,fortune,3,1,heavy_gloves,4,70,2,reach,0,,,,
220041,22004,2,骑士手套,armor,normal,fortune,5,1,heavy_gloves,4,140,2,reach,0,,,,
220042,22004,3,骑士手套,armor,normal,fortune,6,1,heavy_gloves,4,210,2,reach,0,breaker,2,,
23004,23004,1,骑士手套,armor,normal,balance,3,1,heavy_gloves,4,70,2,reach,0,,,,
230041,23004,2,骑士手套,armor,normal,balance,5,1,heavy_gloves,4,140,2,reach,0,,,,
230042,23004,3,骑士手套,armor,normal,balance,6,1,heavy_gloves,4,210,2,reach,0,breaker,2,,
24004,24004,1,骑士手套,armor,normal,nature,3,1,heavy_gloves,4,70,2,reach,0,,,,
240041,24004,2,骑士手套,armor,normal,nature,5,1,heavy_gloves,4,140,2,reach,0,,,,
240042,24004,3,骑士手套,armor,normal,nature,6,1,heavy_gloves,4,210,2,reach,0,breaker,2,,
25004,25004,1,骑士手套,armor,normal,chaos,3,1,heavy_gloves,4,70,2,reach,0,,,,
250041,25004,2,骑士手套,armor,normal,chaos,5,1,heavy_gloves,4,140,2,reach,0,,,,
250042,25004,3,骑士手套,armor,normal,chaos,6,1,heavy_gloves,4,210,2,reach,0,breaker,2,,
26004,26004,1,骑士手套,armor,normal,all,3,1,heavy_gloves,5,70,2,reach,0,,,,
260041,26004,2,骑士手套,armor,normal,all,5,1,heavy_gloves,5,140,2,reach,0,,,,
260042,26004,3,骑士手套,armor,normal,all,6,1,heavy_gloves,5,210,2,reach,0,breaker,2,,
21005,21005,1,毛皮甲,armor,rare,war,3,1,fur_armor,2,140,2,cleave,0,,,,
210051,21005,2,毛皮甲,armor,rare,war,5,1,fur_armor,2,280,2,cleave,0,,,,
210052,21005,3,毛皮甲,armor,rare,war,6,1,fur_armor,2,420,2,cleave,0,melee,1,,
22005,22005,1,毛皮甲,armor,rare,fortune,3,1,fur_armor,2,140,2,cleave,0,,,,
220051,22005,2,毛皮甲,armor,rare,fortune,5,1,fur_armor,2,280,2,cleave,0,,,,
220052,22005,3,毛皮甲,armor,rare,fortune,6,1,fur_armor,2,420,2,cleave,0,melee,1,,
23005,23005,1,毛皮甲,armor,rare,balance,3,1,fur_armor,2,140,2,cleave,0,,,,
230051,23005,2,毛皮甲,armor,rare,balance,5,1,fur_armor,2,280,2,cleave,0,,,,
230052,23005,3,毛皮甲,armor,rare,balance,6,1,fur_armor,2,420,2,cleave,0,melee,1,,
24005,24005,1,毛皮甲,armor,rare,nature,3,1,fur_armor,2,140,2,cleave,0,,,,
240051,24005,2,毛皮甲,armor,rare,nature,5,1,fur_armor,2,280,2,cleave,0,,,,
240052,24005,3,毛皮甲,armor,rare,nature,6,1,fur_armor,2,420,2,cleave,0,melee,1,,
25005,25005,1,毛皮甲,armor,rare,chaos,3,1,fur_armor,2,140,2,cleave,0,,,,
250051,25005,2,毛皮甲,armor,rare,chaos,5,1,fur_armor,2,280,2,cleave,0,,,,
250052,25005,3,毛皮甲,armor,rare,chaos,6,1,fur_armor,2,420,2,cleave,0,melee,1,,
26005,26005,1,毛皮甲,armor,rare,all,3,1,fur_armor,3,140,2,cleave,0,,,,
260051,26005,2,毛皮甲,armor,rare,all,5,1,fur_armor,3,280,2,cleave,0,,,,
260052,26005,3,毛皮甲,armor,rare,all,6,1,fur_armor,3,420,2,cleave,0,melee,1,,
22006,22006,1,盗贼斗篷,armor,normal,fortune,2,1,thief_cloak,2,70,2,chance,1,,,,
220061,22006,2,盗贼斗篷,armor,normal,fortune,4,1,thief_cloak,2,140,2,chance,1,,,,
220062,22006,3,盗贼斗篷,armor,normal,fortune,5,1,thief_cloak,2,210,2,chance,2,,,,
23006,23006,1,盗贼斗篷,armor,normal,balance,2,1,thief_cloak,2,70,2,chance,1,,,,
230061,23006,2,盗贼斗篷,armor,normal,balance,4,1,thief_cloak,2,140,2,chance,1,,,,
230062,23006,3,盗贼斗篷,armor,normal,balance,5,1,thief_cloak,2,210,2,chance,2,,,,
24006,24006,1,盗贼斗篷,armor,normal,nature,2,1,thief_cloak,2,70,2,chance,1,,,,
240061,24006,2,盗贼斗篷,armor,normal,nature,4,1,thief_cloak,2,140,2,chance,1,,,,
240062,24006,3,盗贼斗篷,armor,normal,nature,5,1,thief_cloak,2,210,2,chance,2,,,,
25006,25006,1,盗贼斗篷,armor,normal,chaos,2,1,thief_cloak,2,70,2,chance,1,,,,
250061,25006,2,盗贼斗篷,armor,normal,chaos,4,1,thief_cloak,2,140,2,chance,1,,,,
250062,25006,3,盗贼斗篷,armor,normal,chaos,5,1,thief_cloak,2,210,2,chance,2,,,,
26006,26006,1,盗贼斗篷,armor,normal,all,2,1,thief_cloak,3,70,2,chance,1,,,,
260061,26006,2,盗贼斗篷,armor,normal,all,4,1,thief_cloak,3,140,2,chance,1,,,,
260062,26006,3,盗贼斗篷,armor,normal,all,5,1,thief_cloak,3,210,2,chance,2,,,,
21007,21007,1,巡游手套,armor,normal,war,2,1,unused_gloves6,2,70,2,counter,0,,,,
210071,21007,2,巡游手套,armor,normal,war,4,1,unused_gloves6,2,140,2,counter,0,,,,
210072,21007,3,巡游手套,armor,normal,war,5,1,unused_gloves6,2,210,2,counter,0,thorns,1,,
22007,22007,1,巡游手套,armor,normal,fortune,2,1,unused_gloves6,2,70,2,counter,0,,,,
220071,22007,2,巡游手套,armor,normal,fortune,4,1,unused_gloves6,2,140,2,counter,0,,,,
220072,22007,3,巡游手套,armor,normal,fortune,5,1,unused_gloves6,2,210,2,counter,0,thorns,1,,
23007,23007,1,巡游手套,armor,normal,balance,2,1,unused_gloves6,2,70,2,counter,0,,,,
230071,23007,2,巡游手套,armor,normal,balance,4,1,unused_gloves6,2,140,2,counter,0,,,,
230072,23007,3,巡游手套,armor,normal,balance,5,1,unused_gloves6,2,210,2,counter,0,thorns,1,,
24007,24007,1,巡游手套,armor,normal,nature,2,1,unused_gloves6,2,70,2,counter,0,,,,
240071,24007,2,巡游手套,armor,normal,nature,4,1,unused_gloves6,2,140,2,counter,0,,,,
240072,24007,3,巡游手套,armor,normal,nature,5,1,unused_gloves6,2,210,2,counter,0,thorns,1,,
25007,25007,1,巡游手套,armor,normal,chaos,2,1,unused_gloves6,2,70,2,counter,0,,,,
250071,25007,2,巡游手套,armor,normal,chaos,4,1,unused_gloves6,2,140,2,counter,0,,,,
250072,25007,3,巡游手套,armor,normal,chaos,5,1,unused_gloves6,2,210,2,counter,0,thorns,1,,
26007,26007,1,巡游手套,armor,normal,all,2,1,unused_gloves6,3,70,2,counter,0,,,,
260071,26007,2,巡游手套,armor,normal,all,4,1,unused_gloves6,3,140,2,counter,0,,,,
260072,26007,3,巡游手套,armor,normal,all,5,1,unused_gloves6,3,210,2,counter,0,thorns,1,,
22008,22008,1,视觉手套,armor,normal,fortune,2,1,sight_bracers,2,70,2,ranged,1,,,,
220081,22008,2,视觉手套,armor,normal,fortune,4,1,sight_bracers,2,140,2,ranged,1,,,,
220082,22008,3,视觉手套,armor,normal,fortune,4,1,sight_bracers,2,210,2,ranged,2,,,,
23008,23008,1,视觉手套,armor,normal,balance,2,1,sight_bracers,2,70,2,ranged,1,,,,
230081,23008,2,视觉手套,armor,normal,balance,4,1,sight_bracers,2,140,2,ranged,1,,,,
230082,23008,3,视觉手套,armor,normal,balance,4,1,sight_bracers,2,210,2,ranged,2,,,,
24008,24008,1,视觉手套,armor,normal,nature,2,1,sight_bracers,2,70,2,ranged,1,,,,
240081,24008,2,视觉手套,armor,normal,nature,4,1,sight_bracers,2,140,2,ranged,1,,,,
240082,24008,3,视觉手套,armor,normal,nature,4,1,sight_bracers,2,210,2,ranged,2,,,,
26008,26008,1,视觉手套,armor,normal,all,2,1,sight_bracers,3,70,2,ranged,1,,,,
260081,26008,2,视觉手套,armor,normal,all,4,1,sight_bracers,3,140,2,ranged,1,,,,
260082,26008,3,视觉手套,armor,normal,all,4,1,sight_bracers,3,210,2,ranged,2,,,,
21009,21009,1,锁子甲,armor,rare,war,5,1,chain_mail,3,140,2,,,,,,
210091,21009,2,锁子甲,armor,rare,war,7,1,chain_mail,3,280,2,,,,,,
210092,21009,3,锁子甲,armor,rare,war,8,1,chain_mail,3,420,2,immunity,0,,,,
22009,22009,1,锁子甲,armor,rare,fortune,5,1,chain_mail,3,140,2,,,,,,
220091,22009,2,锁子甲,armor,rare,fortune,7,1,chain_mail,3,280,2,,,,,,
220092,22009,3,锁子甲,armor,rare,fortune,8,1,chain_mail,3,420,2,immunity,0,,,,
23009,23009,1,锁子甲,armor,rare,balance,5,1,chain_mail,3,140,2,,,,,,
230091,23009,2,锁子甲,armor,rare,balance,7,1,chain_mail,3,280,2,,,,,,
230092,23009,3,锁子甲,armor,rare,balance,8,1,chain_mail,3,420,2,immunity,0,,,,
24009,24009,1,锁子甲,armor,rare,nature,5,1,chain_mail,3,140,2,,,,,,
240091,24009,2,锁子甲,armor,rare,nature,7,1,chain_mail,3,280,2,,,,,,
240092,24009,3,锁子甲,armor,rare,nature,8,1,chain_mail,3,420,2,immunity,0,,,,
25009,25009,1,锁子甲,armor,rare,chaos,5,1,chain_mail,3,140,2,,,,,,
250091,25009,2,锁子甲,armor,rare,chaos,7,1,chain_mail,3,280,2,,,,,,
250092,25009,3,锁子甲,armor,rare,chaos,8,1,chain_mail,3,420,2,immunity,0,,,,
26009,26009,1,锁子甲,armor,rare,all,5,1,chain_mail,4,140,2,,,,,,
260091,26009,2,锁子甲,armor,rare,all,7,1,chain_mail,4,280,2,,,,,,
260092,26009,3,锁子甲,armor,rare,all,8,1,chain_mail,4,420,2,immunity,0,,,,
21010,21010,1,皮革甲,armor,rare,war,4,1,leather_armor,2,140,2,,,,,,
210101,21010,2,皮革甲,armor,rare,war,6,1,leather_armor,2,280,2,,,,,,
210102,21010,3,皮革甲,armor,rare,war,8,1,leather_armor,2,420,2,,,,,,
22010,22010,1,皮革甲,armor,rare,fortune,4,1,leather_armor,2,140,2,,,,,,
220101,22010,2,皮革甲,armor,rare,fortune,6,1,leather_armor,2,280,2,,,,,,
220102,22010,3,皮革甲,armor,rare,fortune,8,1,leather_armor,2,420,2,,,,,,
23010,23010,1,皮革甲,armor,rare,balance,4,1,leather_armor,2,140,2,,,,,,
230101,23010,2,皮革甲,armor,rare,balance,6,1,leather_armor,2,280,2,,,,,,
230102,23010,3,皮革甲,armor,rare,balance,8,1,leather_armor,2,420,2,,,,,,
24010,24010,1,皮革甲,armor,rare,nature,4,1,leather_armor,2,140,2,,,,,,
240101,24010,2,皮革甲,armor,rare,nature,6,1,leather_armor,2,280,2,,,,,,
240102,24010,3,皮革甲,armor,rare,nature,8,1,leather_armor,2,420,2,,,,,,
25010,25010,1,皮革甲,armor,rare,chaos,4,1,leather_armor,2,140,2,,,,,,
250101,25010,2,皮革甲,armor,rare,chaos,6,1,leather_armor,2,280,2,,,,,,
250102,25010,3,皮革甲,armor,rare,chaos,8,1,leather_armor,2,420,2,,,,,,
26010,26010,1,皮革甲,armor,rare,all,4,1,leather_armor,3,140,2,,,,,,
260101,26010,2,皮革甲,armor,rare,all,6,1,leather_armor,3,280,2,,,,,,
260102,26010,3,皮革甲,armor,rare,all,8,1,leather_armor,3,420,2,,,,,,
21011,21011,1,武僧甲,armor,rare,war,3,1,monk_armor,2,140,2,counter,0,,,,
210111,21011,2,武僧甲,armor,rare,war,5,1,monk_armor,2,280,2,counter,0,,,,
210112,21011,3,武僧甲,armor,rare,war,6,1,monk_armor,2,420,2,counter,0,cleave,0,,
22011,22011,1,武僧甲,armor,rare,fortune,3,1,monk_armor,2,140,2,counter,0,,,,
220111,22011,2,武僧甲,armor,rare,fortune,5,1,monk_armor,2,280,2,counter,0,,,,
220112,22011,3,武僧甲,armor,rare,fortune,6,1,monk_armor,2,420,2,counter,0,cleave,0,,
23011,23011,1,武僧甲,armor,rare,balance,3,1,monk_armor,2,140,2,counter,0,,,,
230111,23011,2,武僧甲,armor,rare,balance,5,1,monk_armor,2,280,2,counter,0,,,,
230112,23011,3,武僧甲,armor,rare,balance,6,1,monk_armor,2,420,2,counter,0,cleave,0,,
24011,24011,1,武僧甲,armor,rare,nature,3,1,monk_armor,2,140,2,counter,0,,,,
240111,24011,2,武僧甲,armor,rare,nature,5,1,monk_armor,2,280,2,counter,0,,,,
240112,24011,3,武僧甲,armor,rare,nature,6,1,monk_armor,2,420,2,counter,0,cleave,0,,
25011,25011,1,武僧甲,armor,rare,chaos,3,1,monk_armor,2,140,2,counter,0,,,,
250111,25011,2,武僧甲,armor,rare,chaos,5,1,monk_armor,2,280,2,counter,0,,,,
250112,25011,3,武僧甲,armor,rare,chaos,6,1,monk_armor,2,420,2,counter,0,cleave,0,,
26011,26011,1,武僧甲,armor,rare,all,3,1,monk_armor,3,140,2,counter,0,,,,
260111,26011,2,武僧甲,armor,rare,all,5,1,monk_armor,3,280,2,counter,0,,,,
260112,26011,3,武僧甲,armor,rare,all,6,1,monk_armor,3,420,2,counter,0,cleave,0,,
21012,21012,1,凶恶面具,armor,rare,war,3,1,ferocious_mask,2,140,2,thrash,2,,,,
210121,21012,2,凶恶面具,armor,rare,war,5,1,ferocious_mask,2,280,2,thrash,2,,,,
210122,21012,3,凶恶面具,armor,rare,war,6,1,ferocious_mask,2,420,2,thrash,3,,,,
22012,22012,1,凶恶面具,armor,rare,fortune,3,1,ferocious_mask,3,140,2,thrash,2,,,,
220121,22012,2,凶恶面具,armor,rare,fortune,5,1,ferocious_mask,3,280,2,thrash,2,,,,
220122,22012,3,凶恶面具,armor,rare,fortune,6,1,ferocious_mask,3,420,2,thrash,3,,,,
23012,23012,1,凶恶面具,armor,rare,balance,3,1,ferocious_mask,3,140,2,thrash,2,,,,
230121,23012,2,凶恶面具,armor,rare,balance,5,1,ferocious_mask,3,280,2,thrash,2,,,,
230122,23012,3,凶恶面具,armor,rare,balance,6,1,ferocious_mask,3,420,2,thrash,3,,,,
24012,24012,1,凶恶面具,armor,rare,nature,3,1,ferocious_mask,3,140,2,thrash,2,,,,
240121,24012,2,凶恶面具,armor,rare,nature,5,1,ferocious_mask,3,280,2,thrash,2,,,,
240122,24012,3,凶恶面具,armor,rare,nature,6,1,ferocious_mask,3,420,2,thrash,3,,,,
25012,25012,1,凶恶面具,armor,rare,chaos,3,1,ferocious_mask,3,140,2,thrash,2,,,,
250121,25012,2,凶恶面具,armor,rare,chaos,5,1,ferocious_mask,3,280,2,thrash,2,,,,
250122,25012,3,凶恶面具,armor,rare,chaos,6,1,ferocious_mask,3,420,2,thrash,3,,,,
26012,26012,1,凶恶面具,armor,rare,all,3,1,ferocious_mask,4,140,2,thrash,2,,,,
260121,26012,2,凶恶面具,armor,rare,all,5,1,ferocious_mask,4,280,2,thrash,2,,,,
260122,26012,3,凶恶面具,armor,rare,all,6,1,ferocious_mask,4,420,2,thrash,3,,,,
21013,21013,1,羽毛帽,armor,rare,war,3,1,feather_cap,3,140,2,flying,0,,,,
210131,21013,2,羽毛帽,armor,rare,war,5,1,feather_cap,3,280,2,flying,0,,,,
210132,21013,3,羽毛帽,armor,rare,war,6,1,feather_cap,3,420,2,flying,0,,,,
22013,22013,1,羽毛帽,armor,rare,fortune,3,1,feather_cap,2,140,2,flying,0,,,,
220131,22013,2,羽毛帽,armor,rare,fortune,5,1,feather_cap,2,280,2,flying,0,,,,
220132,22013,3,羽毛帽,armor,rare,fortune,6,1,feather_cap,2,420,2,flying,0,,,,
23013,23013,1,羽毛帽,armor,rare,balance,3,1,feather_cap,3,140,2,flying,0,,,,
230131,23013,2,羽毛帽,armor,rare,balance,5,1,feather_cap,3,280,2,flying,0,,,,
230132,23013,3,羽毛帽,armor,rare,balance,6,1,feather_cap,3,420,2,flying,0,,,,
24013,24013,1,羽毛帽,armor,rare,nature,3,1,feather_cap,3,140,2,flying,0,,,,
240131,24013,2,羽毛帽,armor,rare,nature,5,1,feather_cap,3,280,2,flying,0,,,,
240132,24013,3,羽毛帽,armor,rare,nature,6,1,feather_cap,3,420,2,flying,0,,,,
25013,25013,1,羽毛帽,armor,rare,chaos,3,1,feather_cap,3,140,2,flying,0,,,,
250131,25013,2,羽毛帽,armor,rare,chaos,5,1,feather_cap,3,280,2,flying,0,,,,
250132,25013,3,羽毛帽,armor,rare,chaos,6,1,feather_cap,3,420,2,flying,0,,,,
26013,26013,1,羽毛帽,armor,rare,all,3,1,feather_cap,4,140,2,flying,0,,,,
260131,26013,2,羽毛帽,armor,rare,all,5,1,feather_cap,4,280,2,flying,0,,,,
260132,26013,3,羽毛帽,armor,rare,all,6,1,feather_cap,4,420,2,flying,0,,,,
21014,21014,1,变换护腕,armor,rare,war,2,1,ranged_barcers,2,140,2,reflect,0,,,,
210141,21014,2,变换护腕,armor,rare,war,4,1,ranged_barcers,2,280,2,reflect,0,,,,
210142,21014,3,变换护腕,armor,rare,war,6,1,ranged_barcers,2,420,2,reflect,0,,,,
22014,22014,1,变换护腕,armor,rare,fortune,2,1,ranged_barcers,2,140,2,reflect,0,,,,
220141,22014,2,变换护腕,armor,rare,fortune,4,1,ranged_barcers,2,280,2,reflect,0,,,,
220142,22014,3,变换护腕,armor,rare,fortune,6,1,ranged_barcers,2,420,2,reflect,0,,,,
23014,23014,1,变换护腕,armor,rare,balance,2,1,ranged_barcers,2,140,2,reflect,0,,,,
230141,23014,2,变换护腕,armor,rare,balance,4,1,ranged_barcers,2,280,2,reflect,0,,,,
230142,23014,3,变换护腕,armor,rare,balance,6,1,ranged_barcers,2,420,2,reflect,0,,,,
24014,24014,1,变换护腕,armor,rare,nature,2,1,ranged_barcers,2,140,2,reflect,0,,,,
240141,24014,2,变换护腕,armor,rare,nature,4,1,ranged_barcers,2,280,2,reflect,0,,,,
240142,24014,3,变换护腕,armor,rare,nature,6,1,ranged_barcers,2,420,2,reflect,0,,,,
25014,25014,1,变换护腕,armor,rare,chaos,2,1,ranged_barcers,2,140,2,reflect,0,,,,
250141,25014,2,变换护腕,armor,rare,chaos,4,1,ranged_barcers,2,280,2,reflect,0,,,,
250142,25014,3,变换护腕,armor,rare,chaos,6,1,ranged_barcers,2,420,2,reflect,0,,,,
26014,26014,1,变换护腕,armor,rare,all,2,1,ranged_barcers,3,140,2,reflect,0,,,,
260141,26014,2,变换护腕,armor,rare,all,4,1,ranged_barcers,3,280,2,reflect,0,,,,
260142,26014,3,变换护腕,armor,rare,all,6,1,ranged_barcers,3,420,2,reflect,0,,,,
21015,21015,1,法师帽,armor,rare,war,3,1,spiked_helmet,4,140,2,magic,2,,,,
210151,21015,2,法师帽,armor,rare,war,4,1,spiked_helmet,4,280,2,magic,2,,,,
210152,21015,3,法师帽,armor,rare,war,6,1,spiked_helmet,4,420,2,magic,2,,,,
22015,22015,1,法师帽,armor,rare,fortune,3,1,spiked_helmet,4,140,2,magic,2,,,,
220151,22015,2,法师帽,armor,rare,fortune,4,1,spiked_helmet,4,280,2,magic,2,,,,
220152,22015,3,法师帽,armor,rare,fortune,6,1,spiked_helmet,4,420,2,magic,2,,,,
23015,23015,1,法师帽,armor,rare,balance,3,1,spiked_helmet,3,140,2,magic,2,,,,
230151,23015,2,法师帽,armor,rare,balance,4,1,spiked_helmet,3,280,2,magic,2,,,,
230152,23015,3,法师帽,armor,rare,balance,6,1,spiked_helmet,3,420,2,magic,2,,,,
24015,24015,1,法师帽,armor,rare,nature,3,1,spiked_helmet,4,140,2,magic,2,,,,
240151,24015,2,法师帽,armor,rare,nature,4,1,spiked_helmet,4,280,2,magic,2,,,,
240152,24015,3,法师帽,armor,rare,nature,6,1,spiked_helmet,4,420,2,magic,2,,,,
25015,25015,1,法师帽,armor,rare,chaos,3,1,spiked_helmet,4,140,2,magic,2,,,,
250151,25015,2,法师帽,armor,rare,chaos,4,1,spiked_helmet,4,280,2,magic,2,,,,
250152,25015,3,法师帽,armor,rare,chaos,6,1,spiked_helmet,4,420,2,magic,2,,,,
26015,26015,1,法师帽,armor,rare,all,3,1,spiked_helmet,5,140,2,magic,2,,,,
260151,26015,2,法师帽,armor,rare,all,4,1,spiked_helmet,5,280,2,magic,2,,,,
260152,26015,3,法师帽,armor,rare,all,6,1,spiked_helmet,5,420,2,magic,2,,,,
21016,21016,1,格斗手套,armor,rare,war,3,1,fighting_gloves,3,140,2,melee,2,,,,
210161,21016,2,格斗手套,armor,rare,war,4,1,fighting_gloves,3,280,2,melee,2,,,,
210162,21016,3,格斗手套,armor,rare,war,6,1,fighting_gloves,3,420,2,melee,2,,,,
22016,22016,1,格斗手套,armor,rare,fortune,3,1,fighting_gloves,3,140,2,melee,2,,,,
220161,22016,2,格斗手套,armor,rare,fortune,4,1,fighting_gloves,3,280,2,melee,2,,,,
220162,22016,3,格斗手套,armor,rare,fortune,6,1,fighting_gloves,3,420,2,melee,2,,,,
24016,24016,1,格斗手套,armor,rare,nature,3,1,fighting_gloves,3,140,2,melee,2,,,,
240161,24016,2,格斗手套,armor,rare,nature,4,1,fighting_gloves,3,280,2,melee,2,,,,
240162,24016,3,格斗手套,armor,rare,nature,6,1,fighting_gloves,3,420,2,melee,2,,,,
25016,25016,1,格斗手套,armor,rare,chaos,3,1,fighting_gloves,3,140,2,melee,2,,,,
250161,25016,2,格斗手套,armor,rare,chaos,4,1,fighting_gloves,3,280,2,melee,2,,,,
250162,25016,3,格斗手套,armor,rare,chaos,6,1,fighting_gloves,3,420,2,melee,2,,,,
26016,26016,1,格斗手套,armor,rare,all,3,1,fighting_gloves,4,140,2,melee,2,,,,
260161,26016,2,格斗手套,armor,rare,all,4,1,fighting_gloves,4,280,2,melee,2,,,,
260162,26016,3,格斗手套,armor,rare,all,6,1,fighting_gloves,4,420,2,melee,2,,,,
21017,21017,1,羊皮盾,armor,rare,war,2,1,shield,2,140,2,shield,1,,,,
210171,21017,2,羊皮盾,armor,rare,war,4,1,shield,2,280,2,shield,1,,,,
210172,21017,3,羊皮盾,armor,rare,war,5,1,shield,2,420,2,shield,2,,,,
22017,22017,1,羊皮盾,armor,rare,fortune,2,1,shield,2,140,2,shield,1,,,,
220171,22017,2,羊皮盾,armor,rare,fortune,4,1,shield,2,280,2,shield,1,,,,
220172,22017,3,羊皮盾,armor,rare,fortune,5,1,shield,2,420,2,shield,2,,,,
23017,23017,1,羊皮盾,armor,rare,balance,2,1,shield,2,140,2,shield,1,,,,
230171,23017,2,羊皮盾,armor,rare,balance,4,1,shield,2,280,2,shield,1,,,,
230172,23017,3,羊皮盾,armor,rare,balance,5,1,shield,2,420,2,shield,2,,,,
24017,24017,1,羊皮盾,armor,rare,nature,2,1,shield,2,140,2,shield,1,,,,
240171,24017,2,羊皮盾,armor,rare,nature,4,1,shield,2,280,2,shield,1,,,,
240172,24017,3,羊皮盾,armor,rare,nature,5,1,shield,2,420,2,shield,2,,,,
26017,26017,1,羊皮盾,armor,rare,all,2,1,shield,3,140,2,shield,1,,,,
260171,26017,2,羊皮盾,armor,rare,all,4,1,shield,3,280,2,shield,1,,,,
260172,26017,3,羊皮盾,armor,rare,all,5,1,shield,3,420,2,shield,2,,,,
22018,22018,1,金冠,armor,rare,fortune,2,1,light_tiara,2,140,2,chance,2,,,,
220181,22018,2,金冠,armor,rare,fortune,4,1,light_tiara,2,280,2,chance,2,,,,
220182,22018,3,金冠,armor,rare,fortune,4,1,light_tiara,2,420,2,chance,3,,,,
23018,23018,1,金冠,armor,rare,balance,2,1,light_tiara,2,140,2,chance,2,,,,
230181,23018,2,金冠,armor,rare,balance,4,1,light_tiara,2,280,2,chance,2,,,,
230182,23018,3,金冠,armor,rare,balance,4,1,light_tiara,2,420,2,chance,3,,,,
24018,24018,1,金冠,armor,rare,nature,2,1,light_tiara,2,140,2,chance,2,,,,
240181,24018,2,金冠,armor,rare,nature,4,1,light_tiara,2,280,2,chance,2,,,,
240182,24018,3,金冠,armor,rare,nature,4,1,light_tiara,2,420,2,chance,3,,,,
25018,25018,1,金冠,armor,rare,chaos,2,1,light_tiara,2,140,2,chance,2,,,,
250181,25018,2,金冠,armor,rare,chaos,4,1,light_tiara,2,280,2,chance,2,,,,
250182,25018,3,金冠,armor,rare,chaos,4,1,light_tiara,2,420,2,chance,3,,,,
26018,26018,1,金冠,armor,rare,all,2,1,light_tiara,3,140,2,chance,2,,,,
260181,26018,2,金冠,armor,rare,all,4,1,light_tiara,3,280,2,chance,2,,,,
260182,26018,3,金冠,armor,rare,all,4,1,light_tiara,3,420,2,chance,3,,,,
21019,21019,1,尖刺护甲,armor,rare,war,4,1,spiked_armor,3,140,2,thorns,2,,,,
210191,21019,2,尖刺护甲,armor,rare,war,5,1,spiked_armor,3,280,2,thorns,2,,,,
210192,21019,3,尖刺护甲,armor,rare,war,7,1,spiked_armor,3,420,2,thorns,2,,,,
23019,23019,1,尖刺护甲,armor,rare,balance,4,1,spiked_armor,3,140,2,thorns,2,,,,
230191,23019,2,尖刺护甲,armor,rare,balance,5,1,spiked_armor,3,280,2,thorns,2,,,,
230192,23019,3,尖刺护甲,armor,rare,balance,7,1,spiked_armor,3,420,2,thorns,2,,,,
24019,24019,1,尖刺护甲,armor,rare,nature,4,1,spiked_armor,3,140,2,thorns,2,,,,
240191,24019,2,尖刺护甲,armor,rare,nature,5,1,spiked_armor,3,280,2,thorns,2,,,,
240192,24019,3,尖刺护甲,armor,rare,nature,7,1,spiked_armor,3,420,2,thorns,2,,,,
25019,25019,1,尖刺护甲,armor,rare,chaos,4,1,spiked_armor,3,140,2,thorns,2,,,,
250191,25019,2,尖刺护甲,armor,rare,chaos,5,1,spiked_armor,3,280,2,thorns,2,,,,
250192,25019,3,尖刺护甲,armor,rare,chaos,7,1,spiked_armor,3,420,2,thorns,2,,,,
26019,26019,1,尖刺护甲,armor,rare,all,4,1,spiked_armor,4,140,2,thorns,2,,,,
260191,26019,2,尖刺护甲,armor,rare,all,5,1,spiked_armor,4,280,2,thorns,2,,,,
260192,26019,3,尖刺护甲,armor,rare,all,7,1,spiked_armor,4,420,2,thorns,2,,,,
21020,21020,1,魔法护盾,armor,rare,war,4,1,mirror_shield,3,140,2,reflect,0,,,,
210201,21020,2,魔法护盾,armor,rare,war,5,1,mirror_shield,3,280,2,reflect,0,,,,
210202,21020,3,魔法护盾,armor,rare,war,6,1,mirror_shield,3,420,2,reflect,0,,,,
22020,22020,1,魔法护盾,armor,rare,fortune,4,1,mirror_shield,3,140,2,reflect,0,,,,
220201,22020,2,魔法护盾,armor,rare,fortune,5,1,mirror_shield,3,280,2,reflect,0,,,,
220202,22020,3,魔法护盾,armor,rare,fortune,6,1,mirror_shield,3,420,2,reflect,0,,,,
23020,23020,1,魔法护盾,armor,rare,balance,4,1,mirror_shield,3,140,2,reflect,0,,,,
230201,23020,2,魔法护盾,armor,rare,balance,5,1,mirror_shield,3,280,2,reflect,0,,,,
230202,23020,3,魔法护盾,armor,rare,balance,6,1,mirror_shield,3,420,2,reflect,0,,,,
25020,25020,1,魔法护盾,armor,rare,chaos,4,1,mirror_shield,3,140,2,reflect,0,,,,
250201,25020,2,魔法护盾,armor,rare,chaos,5,1,mirror_shield,3,280,2,reflect,0,,,,
250202,25020,3,魔法护盾,armor,rare,chaos,6,1,mirror_shield,3,420,2,reflect,0,,,,
26020,26020,1,魔法护盾,armor,rare,all,4,1,mirror_shield,4,140,2,reflect,0,,,,
260201,26020,2,魔法护盾,armor,rare,all,5,1,mirror_shield,4,280,2,reflect,0,,,,
260202,26020,3,魔法护盾,armor,rare,all,6,1,mirror_shield,4,420,2,reflect,0,,,,
21021,21021,1,冲锋盾牌,armor,rarity,war,4,1,captains_shield,3,210,2,rally,1,silence,1,,
210211,21021,2,冲锋盾牌,armor,rarity,war,5,1,captains_shield,3,420,2,rally,1,silence,1,,
210212,21021,3,冲锋盾牌,armor,rarity,war,7,1,captains_shield,3,630,2,rally,1,silence,1,,
22021,22021,1,冲锋盾牌,armor,rarity,fortune,4,1,captains_shield,3,210,2,rally,1,silence,1,,
220211,22021,2,冲锋盾牌,armor,rarity,fortune,5,1,captains_shield,3,420,2,rally,1,silence,1,,
220212,22021,3,冲锋盾牌,armor,rarity,fortune,7,1,captains_shield,3,630,2,rally,1,silence,1,,
23021,23021,1,冲锋盾牌,armor,rarity,balance,4,1,captains_shield,3,210,2,rally,1,silence,1,,
230211,23021,2,冲锋盾牌,armor,rarity,balance,5,1,captains_shield,3,420,2,rally,1,silence,1,,
230212,23021,3,冲锋盾牌,armor,rarity,balance,7,1,captains_shield,3,630,2,rally,1,silence,1,,
24021,24021,1,冲锋盾牌,armor,rarity,nature,4,1,captains_shield,3,210,2,rally,1,silence,1,,
240211,24021,2,冲锋盾牌,armor,rarity,nature,5,1,captains_shield,3,420,2,rally,1,silence,1,,
240212,24021,3,冲锋盾牌,armor,rarity,nature,7,1,captains_shield,3,630,2,rally,1,silence,1,,
25021,25021,1,冲锋盾牌,armor,rarity,chaos,4,1,captains_shield,3,210,2,rally,1,silence,1,,
250211,25021,2,冲锋盾牌,armor,rarity,chaos,5,1,captains_shield,3,420,2,rally,1,silence,1,,
250212,25021,3,冲锋盾牌,armor,rarity,chaos,7,1,captains_shield,3,630,2,rally,1,silence,1,,
26021,26021,1,冲锋盾牌,armor,rarity,all,4,1,captains_shield,4,210,2,rally,1,silence,1,,
260211,26021,2,冲锋盾牌,armor,rarity,all,5,1,captains_shield,4,420,2,rally,1,silence,1,,
260212,26021,3,冲锋盾牌,armor,rarity,all,7,1,captains_shield,4,630,2,rally,1,silence,1,,
22022,22022,1,美杜莎之盾,armor,rarity,fortune,3,1,medusa_shield,5,210,2,heal_all,2,entangle,0,,
220221,22022,2,美杜莎之盾,armor,rarity,fortune,5,1,medusa_shield,5,420,2,heal_all,2,entangle,0,,
220222,22022,3,美杜莎之盾,armor,rarity,fortune,6,1,medusa_shield,5,630,2,heal_all,3,entangle,0,,
23022,23022,1,美杜莎之盾,armor,rarity,balance,3,1,medusa_shield,5,210,2,heal_all,2,entangle,0,,
230221,23022,2,美杜莎之盾,armor,rarity,balance,5,1,medusa_shield,5,420,2,heal_all,2,entangle,0,,
230222,23022,3,美杜莎之盾,armor,rarity,balance,6,1,medusa_shield,5,630,2,heal_all,3,entangle,0,,
24022,24022,1,美杜莎之盾,armor,rarity,nature,3,1,medusa_shield,4,210,2,heal_all,2,entangle,0,,
240221,24022,2,美杜莎之盾,armor,rarity,nature,5,1,medusa_shield,4,420,2,heal_all,2,entangle,0,,
240222,24022,3,美杜莎之盾,armor,rarity,nature,6,1,medusa_shield,4,630,2,heal_all,3,entangle,0,,
26022,26022,1,美杜莎之盾,armor,rarity,all,3,1,medusa_shield,6,210,2,heal_all,2,entangle,0,,
260221,26022,2,美杜莎之盾,armor,rarity,all,5,1,medusa_shield,6,420,2,heal_all,2,entangle,0,,
260222,26022,3,美杜莎之盾,armor,rarity,all,6,1,medusa_shield,6,630,2,heal_all,3,entangle,0,,
22023,22023,1,修理板甲,armor,rarity,fortune,3,1,repair_plate,2,210,2,heal,2,,,,
220231,22023,2,修理板甲,armor,rarity,fortune,5,1,repair_plate,2,420,2,heal,2,,,,
220232,22023,3,修理板甲,armor,rarity,fortune,5,1,repair_plate,2,630,2,heal,2,heal_all,1,,
23023,23023,1,修理板甲,armor,rarity,balance,3,1,repair_plate,2,210,2,heal,2,,,,
230231,23023,2,修理板甲,armor,rarity,balance,5,1,repair_plate,2,420,2,heal,2,,,,
230232,23023,3,修理板甲,armor,rarity,balance,5,1,repair_plate,2,630,2,heal,2,heal_all,1,,
24023,24023,1,修理板甲,armor,rarity,nature,3,1,repair_plate,2,210,2,heal,2,,,,
240231,24023,2,修理板甲,armor,rarity,nature,5,1,repair_plate,2,420,2,heal,2,,,,
240232,24023,3,修理板甲,armor,rarity,nature,5,1,repair_plate,2,630,2,heal,2,heal_all,1,,
26023,26023,1,修理板甲,armor,rarity,all,3,1,repair_plate,3,210,2,heal,2,,,,
260231,26023,2,修理板甲,armor,rarity,all,5,1,repair_plate,3,420,2,heal,2,,,,
260232,26023,3,修理板甲,armor,rarity,all,5,1,repair_plate,3,630,2,heal,2,heal_all,1,,
22024,22024,1,战斗宝冠,armor,rarity,fortune,4,1,battle_tiara,3,210,2,chance,4,,,,
220241,22024,2,战斗宝冠,armor,rarity,fortune,6,1,battle_tiara,3,420,2,chance,4,,,,
220242,22024,3,战斗宝冠,armor,rarity,fortune,6,1,battle_tiara,3,630,2,chance,5,cleave,0,,
23024,23024,1,战斗宝冠,armor,rarity,balance,4,1,battle_tiara,4,210,2,chance,4,,,,
230241,23024,2,战斗宝冠,armor,rarity,balance,6,1,battle_tiara,4,420,2,chance,4,,,,
230242,23024,3,战斗宝冠,armor,rarity,balance,6,1,battle_tiara,4,630,2,chance,5,cleave,0,,
24024,24024,1,战斗宝冠,armor,rarity,nature,4,1,battle_tiara,4,210,2,chance,4,,,,
240241,24024,2,战斗宝冠,armor,rarity,nature,6,1,battle_tiara,4,420,2,chance,4,,,,
240242,24024,3,战斗宝冠,armor,rarity,nature,6,1,battle_tiara,4,630,2,chance,5,cleave,0,,
25024,25024,1,战斗宝冠,armor,rarity,chaos,4,1,battle_tiara,4,210,2,chance,4,,,,
250241,25024,2,战斗宝冠,armor,rarity,chaos,6,1,battle_tiara,4,420,2,chance,4,,,,
250242,25024,3,战斗宝冠,armor,rarity,chaos,6,1,battle_tiara,4,630,2,chance,5,cleave,0,,
26024,26024,1,战斗宝冠,armor,rarity,all,4,1,battle_tiara,5,210,2,chance,4,,,,
260241,26024,2,战斗宝冠,armor,rarity,all,6,1,battle_tiara,5,420,2,chance,4,,,,
260242,26024,3,战斗宝冠,armor,rarity,all,6,1,battle_tiara,5,630,2,chance,5,cleave,0,,
21025,21025,1,岩石护甲,armor,rarity,war,5,1,rock_armor,3,210,2,shield,1,,,,
210251,21025,2,岩石护甲,armor,rarity,war,7,1,rock_armor,3,420,2,shield,1,,,,
210252,21025,3,岩石护甲,armor,rarity,war,7,1,rock_armor,3,630,2,shield,2,,,,
22025,22025,1,岩石护甲,armor,rarity,fortune,5,1,rock_armor,3,210,2,shield,1,,,,
220251,22025,2,岩石护甲,armor,rarity,fortune,7,1,rock_armor,3,420,2,shield,1,,,,
220252,22025,3,岩石护甲,armor,rarity,fortune,7,1,rock_armor,3,630,2,shield,2,,,,
23025,23025,1,岩石护甲,armor,rarity,balance,5,1,rock_armor,3,210,2,shield,1,,,,
230251,23025,2,岩石护甲,armor,rarity,balance,7,1,rock_armor,3,420,2,shield,1,,,,
230252,23025,3,岩石护甲,armor,rarity,balance,7,1,rock_armor,3,630,2,shield,2,,,,
24025,24025,1,岩石护甲,armor,rarity,nature,5,1,rock_armor,3,210,2,shield,1,,,,
240251,24025,2,岩石护甲,armor,rarity,nature,7,1,rock_armor,3,420,2,shield,1,,,,
240252,24025,3,岩石护甲,armor,rarity,nature,7,1,rock_armor,3,630,2,shield,2,,,,
26025,26025,1,岩石护甲,armor,rarity,all,5,1,rock_armor,4,210,2,shield,1,,,,
260251,26025,2,岩石护甲,armor,rarity,all,7,1,rock_armor,4,420,2,shield,1,,,,
260252,26025,3,岩石护甲,armor,rarity,all,7,1,rock_armor,4,630,2,shield,2,,,,
21026,21026,1,恶魔护甲,armor,epic,war,6,1,armor_of_darkness,3,280,2,thrash,2,swap,0,,
210261,21026,2,恶魔护甲,armor,epic,war,7,1,armor_of_darkness,3,560,2,thrash,2,swap,0,,
210262,21026,3,恶魔护甲,armor,epic,war,7,1,armor_of_darkness,3,840,2,thrash,3,swap,0,,
22026,22026,1,恶魔护甲,armor,epic,fortune,6,1,armor_of_darkness,3,280,2,thrash,2,swap,0,,
220261,22026,2,恶魔护甲,armor,epic,fortune,7,1,armor_of_darkness,3,560,2,thrash,2,swap,0,,
220262,22026,3,恶魔护甲,armor,epic,fortune,7,1,armor_of_darkness,3,840,2,thrash,3,swap,0,,
23026,23026,1,恶魔护甲,armor,epic,balance,6,1,armor_of_darkness,3,280,2,thrash,2,swap,0,,
230261,23026,2,恶魔护甲,armor,epic,balance,7,1,armor_of_darkness,3,560,2,thrash,2,swap,0,,
230262,23026,3,恶魔护甲,armor,epic,balance,7,1,armor_of_darkness,3,840,2,thrash,3,swap,0,,
24026,24026,1,恶魔护甲,armor,epic,nature,6,1,armor_of_darkness,3,280,2,thrash,2,swap,0,,
240261,24026,2,恶魔护甲,armor,epic,nature,7,1,armor_of_darkness,3,560,2,thrash,2,swap,0,,
240262,24026,3,恶魔护甲,armor,epic,nature,7,1,armor_of_darkness,3,840,2,thrash,3,swap,0,,
25026,25026,1,恶魔护甲,armor,epic,chaos,6,1,armor_of_darkness,3,280,2,thrash,2,swap,0,,
250261,25026,2,恶魔护甲,armor,epic,chaos,7,1,armor_of_darkness,3,560,2,thrash,2,swap,0,,
250262,25026,3,恶魔护甲,armor,epic,chaos,7,1,armor_of_darkness,3,840,2,thrash,3,swap,0,,
26026,26026,1,恶魔护甲,armor,epic,all,6,1,armor_of_darkness,4,280,2,thrash,2,swap,0,,
260261,26026,2,恶魔护甲,armor,epic,all,7,1,armor_of_darkness,4,560,2,thrash,2,swap,0,,
260262,26026,3,恶魔护甲,armor,epic,all,7,1,armor_of_darkness,4,840,2,thrash,3,swap,0,,
21027,21027,1,保护者护甲,armor,epic,war,5,1,protector,4,280,2,shield,3,draft,1,,
210271,21027,2,保护者护甲,armor,epic,war,7,1,protector,4,560,2,shield,3,draft,1,,
210272,21027,3,保护者护甲,armor,epic,war,7,1,protector,4,840,2,shield,3,draft,1,crystal,1
22027,22027,1,保护者护甲,armor,epic,fortune,5,1,protector,4,280,2,shield,3,draft,1,,
220271,22027,2,保护者护甲,armor,epic,fortune,7,1,protector,4,560,2,shield,3,draft,1,,
220272,22027,3,保护者护甲,armor,epic,fortune,7,1,protector,4,840,2,shield,3,draft,1,crystal,1
23027,23027,1,保护者护甲,armor,epic,balance,5,1,protector,4,280,2,shield,3,draft,1,,
230271,23027,2,保护者护甲,armor,epic,balance,7,1,protector,4,560,2,shield,3,draft,1,,
230272,23027,3,保护者护甲,armor,epic,balance,7,1,protector,4,840,2,shield,3,draft,1,crystal,1
24027,24027,1,保护者护甲,armor,epic,nature,5,1,protector,4,280,2,shield,3,draft,1,,
240271,24027,2,保护者护甲,armor,epic,nature,7,1,protector,4,560,2,shield,3,draft,1,,
240272,24027,3,保护者护甲,armor,epic,nature,7,1,protector,4,840,2,shield,3,draft,1,crystal,1
26027,26027,1,保护者护甲,armor,epic,all,5,1,protector,5,280,2,shield,3,draft,1,,
260271,26027,2,保护者护甲,armor,epic,all,7,1,protector,5,560,2,shield,3,draft,1,,
260272,26027,3,保护者护甲,armor,epic,all,7,1,protector,5,840,2,shield,3,draft,1,crystal,1
21028,21028,1,骷髅革甲,armor,epic,war,5,1,infectious_armor,3,280,2,thorns,3,disease,1,immunity,0
210281,21028,2,骷髅革甲,armor,epic,war,6,1,infectious_armor,3,560,2,thorns,3,disease,1,immunity,0
210282,21028,3,骷髅革甲,armor,epic,war,7,1,infectious_armor,3,840,2,thorns,3,disease,2,immunity,0
23028,23028,1,骷髅革甲,armor,epic,balance,5,1,infectious_armor,3,280,2,thorns,3,disease,1,immunity,0
230281,23028,2,骷髅革甲,armor,epic,balance,6,1,infectious_armor,3,560,2,thorns,3,disease,1,immunity,0
230282,23028,3,骷髅革甲,armor,epic,balance,7,1,infectious_armor,3,840,2,thorns,3,disease,2,immunity,0
24028,24028,1,骷髅革甲,armor,epic,nature,5,1,infectious_armor,3,280,2,thorns,3,disease,1,immunity,0
240281,24028,2,骷髅革甲,armor,epic,nature,6,1,infectious_armor,3,560,2,thorns,3,disease,1,immunity,0
240282,24028,3,骷髅革甲,armor,epic,nature,7,1,infectious_armor,3,840,2,thorns,3,disease,2,immunity,0
26028,26028,1,骷髅革甲,armor,epic,all,5,1,infectious_armor,4,280,2,thorns,3,disease,1,immunity,0
260281,26028,2,骷髅革甲,armor,epic,all,6,1,infectious_armor,4,560,2,thorns,3,disease,1,immunity,0
260282,26028,3,骷髅革甲,armor,epic,all,7,1,infectious_armor,4,840,2,thorns,3,disease,2,immunity,0
21029,21029,1,木制护腕,armor,rare,war,1,1,wooden_bracers,1,140,2,breaker,2,,,,
210291,21029,2,木制护腕,armor,rare,war,3,1,wooden_bracers,1,280,2,breaker,2,,,,
210292,21029,3,木制护腕,armor,rare,war,4,1,wooden_bracers,1,420,2,breaker,3,,,,
22029,22029,1,木制护腕,armor,rare,fortune,1,1,wooden_bracers,1,140,2,breaker,2,,,,
220291,22029,2,木制护腕,armor,rare,fortune,3,1,wooden_bracers,1,280,2,breaker,2,,,,
220292,22029,3,木制护腕,armor,rare,fortune,4,1,wooden_bracers,1,420,2,breaker,3,,,,
23029,23029,1,木制护腕,armor,rare,balance,1,1,wooden_bracers,1,140,2,breaker,2,,,,
230291,23029,2,木制护腕,armor,rare,balance,3,1,wooden_bracers,1,280,2,breaker,2,,,,
230292,23029,3,木制护腕,armor,rare,balance,4,1,wooden_bracers,1,420,2,breaker,3,,,,
24029,24029,1,木制护腕,armor,rare,nature,1,1,wooden_bracers,1,140,2,breaker,2,,,,
240291,24029,2,木制护腕,armor,rare,nature,3,1,wooden_bracers,1,280,2,breaker,2,,,,
240292,24029,3,木制护腕,armor,rare,nature,4,1,wooden_bracers,1,420,2,breaker,3,,,,
25029,25029,1,木制护腕,armor,rare,chaos,1,1,wooden_bracers,1,140,2,breaker,2,,,,
250291,25029,2,木制护腕,armor,rare,chaos,3,1,wooden_bracers,1,280,2,breaker,2,,,,
250292,25029,3,木制护腕,armor,rare,chaos,4,1,wooden_bracers,1,420,2,breaker,3,,,,
26029,26029,1,木制护腕,armor,rare,all,1,1,wooden_bracers,2,140,2,breaker,2,,,,
260291,26029,2,木制护腕,armor,rare,all,3,1,wooden_bracers,2,280,2,breaker,2,,,,
260292,26029,3,木制护腕,armor,rare,all,4,1,wooden_bracers,2,420,2,breaker,3,,,,
,,,,,,,,,,,,,,,,,,
,,,,,,,,,,,,,,,,,,
31001,31001,1,短剑,equip,normal,war,0,1,short_sword,2,70,2,melee,1,,,,
310011,31001,2,短剑,equip,normal,war,0,1,short_sword,2,140,2,melee,2,,,,
310012,31001,3,短剑,equip,normal,war,0,1,short_sword,2,210,2,melee,3,,,,
32001,32001,1,短剑,equip,normal,fortune,0,1,short_sword,2,70,2,melee,1,,,,
320011,32001,2,短剑,equip,normal,fortune,0,1,short_sword,2,140,2,melee,2,,,,
320012,32001,3,短剑,equip,normal,fortune,0,1,short_sword,2,210,2,melee,3,,,,
34001,34001,1,短剑,equip,normal,nature,0,1,short_sword,2,70,2,melee,1,,,,
340011,34001,2,短剑,equip,normal,nature,0,1,short_sword,2,140,2,melee,2,,,,
340012,34001,3,短剑,equip,normal,nature,0,1,short_sword,2,210,2,melee,3,,,,
35001,35001,1,短剑,equip,normal,chaos,0,1,short_sword,2,70,2,melee,1,,,,
350011,35001,2,短剑,equip,normal,chaos,0,1,short_sword,2,140,2,melee,2,,,,
350012,35001,3,短剑,equip,normal,chaos,0,1,short_sword,2,210,2,melee,3,,,,
36001,36001,1,短剑,equip,normal,all,0,1,short_sword,3,70,2,melee,1,,,,
360011,36001,2,短剑,equip,normal,all,0,1,short_sword,3,140,2,melee,2,,,,
360012,36001,3,短剑,equip,normal,all,0,1,short_sword,3,210,2,melee,3,,,,
31002,31002,1,短弓,equip,normal,war,0,1,short_bow,3,70,2,ranged,1,,,,
310021,31002,2,短弓,equip,normal,war,0,1,short_bow,3,140,2,ranged,1,disease,1,,
310022,31002,3,短弓,equip,normal,war,0,1,short_bow,3,210,2,ranged,2,disease,1,,
32002,32002,1,短弓,equip,normal,fortune,0,1,short_bow,2,70,2,ranged,1,,,,
320021,32002,2,短弓,equip,normal,fortune,0,1,short_bow,2,140,2,ranged,1,disease,1,,
320022,32002,3,短弓,equip,normal,fortune,0,1,short_bow,2,210,2,ranged,2,disease,1,,
33002,33002,1,短弓,equip,normal,balance,0,1,short_bow,3,70,2,ranged,1,,,,
330021,33002,2,短弓,equip,normal,balance,0,1,short_bow,3,140,2,ranged,1,disease,1,,
330022,33002,3,短弓,equip,normal,balance,0,1,short_bow,3,210,2,ranged,2,disease,1,,
34002,34002,1,短弓,equip,normal,nature,0,1,short_bow,2,70,2,ranged,1,,,,
340021,34002,2,短弓,equip,normal,nature,0,1,short_bow,2,140,2,ranged,1,disease,1,,
340022,34002,3,短弓,equip,normal,nature,0,1,short_bow,2,210,2,ranged,2,disease,1,,
35002,35002,1,短弓,equip,normal,chaos,0,1,short_bow,3,70,2,ranged,1,,,,
350021,35002,2,短弓,equip,normal,chaos,0,1,short_bow,3,140,2,ranged,1,disease,1,,
350022,35002,3,短弓,equip,normal,chaos,0,1,short_bow,3,210,2,ranged,2,disease,1,,
36002,36002,1,短弓,equip,normal,all,0,1,short_bow,4,70,2,ranged,1,,,,
360021,36002,2,短弓,equip,normal,all,0,1,short_bow,4,140,2,ranged,1,disease,1,,
360022,36002,3,短弓,equip,normal,all,0,1,short_bow,4,210,2,ranged,2,disease,1,,
31003,31003,1,橡木法杖,equip,normal,war,0,1,oak_staff,3,70,2,magic,1,,,,
310031,31003,2,橡木法杖,equip,normal,war,0,1,oak_staff,3,140,2,magic,1,melee,1,,
310032,31003,3,橡木法杖,equip,normal,war,0,1,oak_staff,3,210,2,magic,2,melee,1,,
32003,32003,1,橡木法杖,equip,normal,fortune,0,1,oak_staff,3,70,2,magic,1,,,,
320031,32003,2,橡木法杖,equip,normal,fortune,0,1,oak_staff,3,140,2,magic,1,melee,1,,
320032,32003,3,橡木法杖,equip,normal,fortune,0,1,oak_staff,3,210,2,magic,2,melee,1,,
33003,33003,1,橡木法杖,equip,normal,balance,0,1,oak_staff,2,70,2,magic,1,,,,
330031,33003,2,橡木法杖,equip,normal,balance,0,1,oak_staff,2,140,2,magic,1,melee,1,,
330032,33003,3,橡木法杖,equip,normal,balance,0,1,oak_staff,2,210,2,magic,2,melee,1,,
34003,34003,1,橡木法杖,equip,normal,nature,0,1,oak_staff,3,70,2,magic,1,,,,
340031,34003,2,橡木法杖,equip,normal,nature,0,1,oak_staff,3,140,2,magic,1,melee,1,,
340032,34003,3,橡木法杖,equip,normal,nature,0,1,oak_staff,3,210,2,magic,2,melee,1,,
35003,35003,1,橡木法杖,equip,normal,chaos,0,1,oak_staff,3,70,2,magic,1,,,,
350031,35003,2,橡木法杖,equip,normal,chaos,0,1,oak_staff,3,140,2,magic,1,melee,1,,
350032,35003,3,橡木法杖,equip,normal,chaos,0,1,oak_staff,3,210,2,magic,2,melee,1,,
36003,36003,1,橡木法杖,equip,normal,all,0,1,oak_staff,4,70,2,magic,1,,,,
360031,36003,2,橡木法杖,equip,normal,all,0,1,oak_staff,4,140,2,magic,1,melee,1,,
360032,36003,3,橡木法杖,equip,normal,all,0,1,oak_staff,4,210,2,magic,2,melee,1,,
31004,31004,1,野蛮战靴,equip,normal,war,0,1,violent_boots,2,70,2,thrash,1,,,,
310041,31004,2,野蛮战靴,equip,normal,war,0,1,violent_boots,2,140,2,thrash,2,,,,
310042,31004,3,野蛮战靴,equip,normal,war,0,1,violent_boots,2,210,2,thrash,3,,,,
32004,32004,1,野蛮战靴,equip,normal,fortune,0,1,violent_boots,3,70,2,thrash,1,,,,
320041,32004,2,野蛮战靴,equip,normal,fortune,0,1,violent_boots,3,140,2,thrash,2,,,,
320042,32004,3,野蛮战靴,equip,normal,fortune,0,1,violent_boots,3,210,2,thrash,3,,,,
33004,33004,1,野蛮战靴,equip,normal,balance,0,1,violent_boots,3,70,2,thrash,1,,,,
330041,33004,2,野蛮战靴,equip,normal,balance,0,1,violent_boots,3,140,2,thrash,2,,,,
330042,33004,3,野蛮战靴,equip,normal,balance,0,1,violent_boots,3,210,2,thrash,3,,,,
34004,34004,1,野蛮战靴,equip,normal,nature,0,1,violent_boots,3,70,2,thrash,1,,,,
340041,34004,2,野蛮战靴,equip,normal,nature,0,1,violent_boots,3,140,2,thrash,2,,,,
340042,34004,3,野蛮战靴,equip,normal,nature,0,1,violent_boots,3,210,2,thrash,3,,,,
35004,35004,1,野蛮战靴,equip,normal,chaos,0,1,violent_boots,3,70,2,thrash,1,,,,
350041,35004,2,野蛮战靴,equip,normal,chaos,0,1,violent_boots,3,140,2,thrash,2,,,,
350042,35004,3,野蛮战靴,equip,normal,chaos,0,1,violent_boots,3,210,2,thrash,3,,,,
36004,36004,1,野蛮战靴,equip,normal,all,0,1,violent_boots,4,70,2,thrash,1,,,,
360041,36004,2,野蛮战靴,equip,normal,all,0,1,violent_boots,4,140,2,thrash,2,,,,
360042,36004,3,野蛮战靴,equip,normal,all,0,1,violent_boots,4,210,2,thrash,3,,,,
32005,32005,1,飞鞋,equip,normal,fortune,0,1,light_shoes,3,70,2,flying,0,,,,
320051,32005,2,飞鞋,equip,normal,fortune,0,1,light_shoes,3,140,2,flying,0,melee,1,,
320052,32005,3,飞鞋,equip,normal,fortune,0,1,light_shoes,3,210,2,flying,0,melee,1,ranged,1
33005,33005,1,飞鞋,equip,normal,balance,0,1,light_shoes,3,70,2,flying,0,,,,
330051,33005,2,飞鞋,equip,normal,balance,0,1,light_shoes,3,140,2,flying,0,melee,1,,
330052,33005,3,飞鞋,equip,normal,balance,0,1,light_shoes,3,210,2,flying,0,melee,1,ranged,1
34005,34005,1,飞鞋,equip,normal,nature,0,1,light_shoes,3,70,2,flying,0,,,,
340051,34005,2,飞鞋,equip,normal,nature,0,1,light_shoes,3,140,2,flying,0,melee,1,,
340052,34005,3,飞鞋,equip,normal,nature,0,1,light_shoes,3,210,2,flying,0,melee,1,ranged,1
35005,35005,1,飞鞋,equip,normal,chaos,0,1,light_shoes,3,70,2,flying,0,,,,
350051,35005,2,飞鞋,equip,normal,chaos,0,1,light_shoes,3,140,2,flying,0,melee,1,,
350052,35005,3,飞鞋,equip,normal,chaos,0,1,light_shoes,3,210,2,flying,0,melee,1,ranged,1
36005,36005,1,飞鞋,equip,normal,all,0,1,light_shoes,4,70,2,flying,0,,,,
360051,36005,2,飞鞋,equip,normal,all,0,1,light_shoes,4,140,2,flying,0,melee,1,,
360052,36005,3,飞鞋,equip,normal,all,0,1,light_shoes,4,210,2,flying,0,melee,1,ranged,1
31006,31006,1,翡翠戒指,equip,normal,war,0,1,ring_of_poison,4,70,2,entangle,0,,,,
310061,31006,2,翡翠戒指,equip,normal,war,0,1,ring_of_poison,4,140,2,entangle,0,shield,1,,
310062,31006,3,翡翠戒指,equip,normal,war,0,1,ring_of_poison,4,210,2,entangle,0,shield,1,melee,1
32006,32006,1,翡翠戒指,equip,normal,fortune,0,1,ring_of_poison,4,70,2,entangle,0,,,,
320061,32006,2,翡翠戒指,equip,normal,fortune,0,1,ring_of_poison,4,140,2,entangle,0,shield,1,,
320062,32006,3,翡翠戒指,equip,normal,fortune,0,1,ring_of_poison,4,210,2,entangle,0,shield,1,melee,1
33006,33006,1,翡翠戒指,equip,normal,balance,0,1,ring_of_poison,4,70,2,entangle,0,,,,
330061,33006,2,翡翠戒指,equip,normal,balance,0,1,ring_of_poison,4,140,2,entangle,0,shield,1,,
330062,33006,3,翡翠戒指,equip,normal,balance,0,1,ring_of_poison,4,210,2,entangle,0,shield,1,melee,1
34006,34006,1,翡翠戒指,equip,normal,nature,0,1,ring_of_poison,3,70,2,entangle,0,,,,
340061,34006,2,翡翠戒指,equip,normal,nature,0,1,ring_of_poison,3,140,2,entangle,0,shield,1,,
340062,34006,3,翡翠戒指,equip,normal,nature,0,1,ring_of_poison,3,210,2,entangle,0,shield,1,melee,1
35006,35006,1,翡翠戒指,equip,normal,chaos,0,1,ring_of_poison,4,70,2,entangle,0,,,,
350061,35006,2,翡翠戒指,equip,normal,chaos,0,1,ring_of_poison,4,140,2,entangle,0,shield,1,,
350062,35006,3,翡翠戒指,equip,normal,chaos,0,1,ring_of_poison,4,210,2,entangle,0,shield,1,melee,1
36006,36006,1,翡翠戒指,equip,normal,all,0,1,ring_of_poison,5,70,2,entangle,0,,,,
360061,36006,2,翡翠戒指,equip,normal,all,0,1,ring_of_poison,5,140,2,entangle,0,shield,1,,
360062,36006,3,翡翠戒指,equip,normal,all,0,1,ring_of_poison,5,210,2,entangle,0,shield,1,melee,1
31007,31007,1,长剑,equip,rare,war,0,1,long_sword,3,140,2,melee,2,,,,
310071,31007,2,长剑,equip,rare,war,0,1,long_sword,3,280,2,melee,3,,,,
310072,31007,3,长剑,equip,rare,war,0,1,long_sword,3,420,2,melee,4,,,,
32007,32007,1,长剑,equip,rare,fortune,0,1,long_sword,3,140,2,melee,2,,,,
320071,32007,2,长剑,equip,rare,fortune,0,1,long_sword,3,280,2,melee,3,,,,
320072,32007,3,长剑,equip,rare,fortune,0,1,long_sword,3,420,2,melee,4,,,,
34007,34007,1,长剑,equip,rare,nature,0,1,long_sword,3,140,2,melee,2,,,,
340071,34007,2,长剑,equip,rare,nature,0,1,long_sword,3,280,2,melee,3,,,,
340072,34007,3,长剑,equip,rare,nature,0,1,long_sword,3,420,2,melee,4,,,,
35007,35007,1,长剑,equip,rare,chaos,0,1,long_sword,3,140,2,melee,2,,,,
350071,35007,2,长剑,equip,rare,chaos,0,1,long_sword,3,280,2,melee,3,,,,
350072,35007,3,长剑,equip,rare,chaos,0,1,long_sword,3,420,2,melee,4,,,,
36007,36007,1,长剑,equip,rare,all,0,1,long_sword,4,140,2,melee,2,,,,
360071,36007,2,长剑,equip,rare,all,0,1,long_sword,4,280,2,melee,3,,,,
360072,36007,3,长剑,equip,rare,all,0,1,long_sword,4,420,2,melee,4,,,,
32008,32008,1,幸运靴,equip,rare,fortune,0,1,lucky_shoes,2,140,2,chance,2,,,,
320081,32008,2,幸运靴,equip,rare,fortune,0,1,lucky_shoes,2,280,2,chance,3,,,,
320082,32008,3,幸运靴,equip,rare,fortune,0,1,lucky_shoes,2,420,2,chance,4,,,,
33008,33008,1,幸运靴,equip,rare,balance,0,1,lucky_shoes,3,140,2,chance,2,,,,
330081,33008,2,幸运靴,equip,rare,balance,0,1,lucky_shoes,3,280,2,chance,3,,,,
330082,33008,3,幸运靴,equip,rare,balance,0,1,lucky_shoes,3,420,2,chance,4,,,,
34008,34008,1,幸运靴,equip,rare,nature,0,1,lucky_shoes,3,140,2,chance,2,,,,
340081,34008,2,幸运靴,equip,rare,nature,0,1,lucky_shoes,3,280,2,chance,3,,,,
340082,34008,3,幸运靴,equip,rare,nature,0,1,lucky_shoes,3,420,2,chance,4,,,,
35008,35008,1,幸运靴,equip,rare,chaos,0,1,lucky_shoes,3,140,2,chance,2,,,,
350081,35008,2,幸运靴,equip,rare,chaos,0,1,lucky_shoes,3,280,2,chance,3,,,,
350082,35008,3,幸运靴,equip,rare,chaos,0,1,lucky_shoes,3,420,2,chance,4,,,,
36008,36008,1,幸运靴,equip,rare,all,0,1,lucky_shoes,4,140,2,chance,2,,,,
360081,36008,2,幸运靴,equip,rare,all,0,1,lucky_shoes,4,280,2,chance,3,,,,
360082,36008,3,幸运靴,equip,rare,all,0,1,lucky_shoes,4,420,2,chance,4,,,,
31009,31009,1,猎弓,equip,rare,war,0,1,hunters_bow,3,140,2,ranged,1,breaker,2,,
310091,31009,2,猎弓,equip,rare,war,0,1,hunters_bow,3,280,2,ranged,1,breaker,3,,
310092,31009,3,猎弓,equip,rare,war,0,1,hunters_bow,3,420,2,ranged,1,breaker,4,,
32009,32009,1,猎弓,equip,rare,fortune,0,1,hunters_bow,3,140,2,ranged,1,breaker,2,,
320091,32009,2,猎弓,equip,rare,fortune,0,1,hunters_bow,3,280,2,ranged,1,breaker,3,,
320092,32009,3,猎弓,equip,rare,fortune,0,1,hunters_bow,3,420,2,ranged,1,breaker,4,,
33009,33009,1,猎弓,equip,rare,balance,0,1,hunters_bow,3,140,2,ranged,1,breaker,2,,
330091,33009,2,猎弓,equip,rare,balance,0,1,hunters_bow,3,280,2,ranged,1,breaker,3,,
330092,33009,3,猎弓,equip,rare,balance,0,1,hunters_bow,3,420,2,ranged,1,breaker,4,,
34009,34009,1,猎弓,equip,rare,nature,0,1,hunters_bow,2,140,2,ranged,1,breaker,2,,
340091,34009,2,猎弓,equip,rare,nature,0,1,hunters_bow,2,280,2,ranged,1,breaker,3,,
340092,34009,3,猎弓,equip,rare,nature,0,1,hunters_bow,2,420,2,ranged,1,breaker,4,,
36009,36009,1,猎弓,equip,rare,all,0,1,hunters_bow,4,140,2,ranged,1,breaker,2,,
360091,36009,2,猎弓,equip,rare,all,0,1,hunters_bow,4,280,2,ranged,1,breaker,3,,
360092,36009,3,猎弓,equip,rare,all,0,1,hunters_bow,4,420,2,ranged,1,breaker,4,,
31010,31010,1,均衡之戒,equip,rare,war,0,1,balance_ring,2,140,2,counter,0,,,,
310101,31010,2,均衡之戒,equip,rare,war,0,1,balance_ring,2,280,2,counter,0,heal,1,,
310102,31010,3,均衡之戒,equip,rare,war,0,1,balance_ring,2,420,2,counter,0,heal,1,mshield,1
32010,32010,1,均衡之戒,equip,rare,fortune,0,1,balance_ring,2,140,2,counter,0,,,,
320101,32010,2,均衡之戒,equip,rare,fortune,0,1,balance_ring,2,280,2,counter,0,heal,1,,
320102,32010,3,均衡之戒,equip,rare,fortune,0,1,balance_ring,2,420,2,counter,0,heal,1,mshield,1
33010,33010,1,均衡之戒,equip,rare,balance,0,1,balance_ring,2,140,2,counter,0,,,,
330101,33010,2,均衡之戒,equip,rare,balance,0,1,balance_ring,2,280,2,counter,0,heal,1,,
330102,33010,3,均衡之戒,equip,rare,balance,0,1,balance_ring,2,420,2,counter,0,heal,1,mshield,1
34010,34010,1,均衡之戒,equip,rare,nature,0,1,balance_ring,2,140,2,counter,0,,,,
340101,34010,2,均衡之戒,equip,rare,nature,0,1,balance_ring,2,280,2,counter,0,heal,1,,
340102,34010,3,均衡之戒,equip,rare,nature,0,1,balance_ring,2,420,2,counter,0,heal,1,mshield,1
35010,35010,1,均衡之戒,equip,rare,chaos,0,1,balance_ring,2,140,2,counter,0,,,,
350101,35010,2,均衡之戒,equip,rare,chaos,0,1,balance_ring,2,280,2,counter,0,heal,1,,
350102,35010,3,均衡之戒,equip,rare,chaos,0,1,balance_ring,2,420,2,counter,0,heal,1,mshield,1
36010,36010,1,均衡之戒,equip,rare,all,0,1,balance_ring,3,140,2,counter,0,,,,
360101,36010,2,均衡之戒,equip,rare,all,0,1,balance_ring,3,280,2,counter,0,heal,1,,
360102,36010,3,均衡之戒,equip,rare,all,0,1,balance_ring,3,420,2,counter,0,heal,1,mshield,1
31011,31011,1,勇气挂坠,equip,rare,war,0,1,pendant_of_courage,3,140,2,rally,1,,,,
310111,31011,2,勇气挂坠,equip,rare,war,0,1,pendant_of_courage,3,280,2,rally,1,melee,1,,
310112,31011,3,勇气挂坠,equip,rare,war,0,1,pendant_of_courage,3,420,2,rally,2,melee,1,,
32011,32011,1,勇气挂坠,equip,rare,fortune,0,1,pendant_of_courage,3,140,2,rally,1,,,,
320111,32011,2,勇气挂坠,equip,rare,fortune,0,1,pendant_of_courage,3,280,2,rally,1,melee,1,,
320112,32011,3,勇气挂坠,equip,rare,fortune,0,1,pendant_of_courage,3,420,2,rally,2,melee,1,,
33011,33011,1,勇气挂坠,equip,rare,balance,0,1,pendant_of_courage,3,140,2,rally,1,,,,
330111,33011,2,勇气挂坠,equip,rare,balance,0,1,pendant_of_courage,3,280,2,rally,1,melee,1,,
330112,33011,3,勇气挂坠,equip,rare,balance,0,1,pendant_of_courage,3,420,2,rally,2,melee,1,,
34011,34011,1,勇气挂坠,equip,rare,nature,0,1,pendant_of_courage,3,140,2,rally,1,,,,
340111,34011,2,勇气挂坠,equip,rare,nature,0,1,pendant_of_courage,3,280,2,rally,1,melee,1,,
340112,34011,3,勇气挂坠,equip,rare,nature,0,1,pendant_of_courage,3,420,2,rally,2,melee,1,,
35011,35011,1,勇气挂坠,equip,rare,chaos,0,1,pendant_of_courage,3,140,2,rally,1,,,,
350111,35011,2,勇气挂坠,equip,rare,chaos,0,1,pendant_of_courage,3,280,2,rally,1,melee,1,,
350112,35011,3,勇气挂坠,equip,rare,chaos,0,1,pendant_of_courage,3,420,2,rally,2,melee,1,,
36011,36011,1,勇气挂坠,equip,rare,all,0,1,pendant_of_courage,4,140,2,rally,1,,,,
360111,36011,2,勇气挂坠,equip,rare,all,0,1,pendant_of_courage,4,280,2,rally,1,melee,1,,
360112,36011,3,勇气挂坠,equip,rare,all,0,1,pendant_of_courage,4,420,2,rally,2,melee,1,,
31012,31012,1,乌木法杖,equip,rare,war,0,1,ebony_staff,4,140,2,magic,2,,,,
310121,31012,2,乌木法杖,equip,rare,war,0,1,ebony_staff,4,280,2,magic,2,crystal,1,,
310122,31012,3,乌木法杖,equip,rare,war,0,1,ebony_staff,4,420,2,magic,3,crystal,1,,
32012,32012,1,乌木法杖,equip,rare,fortune,0,1,ebony_staff,4,140,2,magic,2,,,,
320121,32012,2,乌木法杖,equip,rare,fortune,0,1,ebony_staff,4,280,2,magic,2,crystal,1,,
320122,32012,3,乌木法杖,equip,rare,fortune,0,1,ebony_staff,4,420,2,magic,3,crystal,1,,
33012,33012,1,乌木法杖,equip,rare,balance,0,1,ebony_staff,3,140,2,magic,2,,,,
330121,33012,2,乌木法杖,equip,rare,balance,0,1,ebony_staff,3,280,2,magic,2,crystal,1,,
330122,33012,3,乌木法杖,equip,rare,balance,0,1,ebony_staff,3,420,2,magic,3,crystal,1,,
34012,34012,1,乌木法杖,equip,rare,nature,0,1,ebony_staff,4,140,2,magic,2,,,,
340121,34012,2,乌木法杖,equip,rare,nature,0,1,ebony_staff,4,280,2,magic,2,crystal,1,,
340122,34012,3,乌木法杖,equip,rare,nature,0,1,ebony_staff,4,420,2,magic,3,crystal,1,,
35012,35012,1,乌木法杖,equip,rare,chaos,0,1,ebony_staff,4,140,2,magic,2,,,,
350121,35012,2,乌木法杖,equip,rare,chaos,0,1,ebony_staff,4,280,2,magic,2,crystal,1,,
350122,35012,3,乌木法杖,equip,rare,chaos,0,1,ebony_staff,4,420,2,magic,3,crystal,1,,
36012,36012,1,乌木法杖,equip,rare,all,0,1,ebony_staff,5,140,2,magic,2,,,,
360121,36012,2,乌木法杖,equip,rare,all,0,1,ebony_staff,5,280,2,magic,2,crystal,1,,
360122,36012,3,乌木法杖,equip,rare,all,0,1,ebony_staff,5,420,2,magic,3,crystal,1,,
31013,31013,1,战斗法杖,equip,rare,war,0,1,combat_staff,4,140,2,magic,1,counter,0,,
310131,31013,2,战斗法杖,equip,rare,war,0,1,combat_staff,4,280,2,magic,1,counter,0,shield,1
310132,31013,3,战斗法杖,equip,rare,war,0,1,combat_staff,4,420,2,magic,2,counter,0,shield,1
32013,32013,1,战斗法杖,equip,rare,fortune,0,1,combat_staff,4,140,2,magic,1,counter,0,,
320131,32013,2,战斗法杖,equip,rare,fortune,0,1,combat_staff,4,280,2,magic,1,counter,0,shield,1
320132,32013,3,战斗法杖,equip,rare,fortune,0,1,combat_staff,4,420,2,magic,2,counter,0,shield,1
33013,33013,1,战斗法杖,equip,rare,balance,0,1,combat_staff,3,140,2,magic,1,counter,0,,
330131,33013,2,战斗法杖,equip,rare,balance,0,1,combat_staff,3,280,2,magic,1,counter,0,shield,1
330132,33013,3,战斗法杖,equip,rare,balance,0,1,combat_staff,3,420,2,magic,2,counter,0,shield,1
34013,34013,1,战斗法杖,equip,rare,nature,0,1,combat_staff,4,140,2,magic,1,counter,0,,
340131,34013,2,战斗法杖,equip,rare,nature,0,1,combat_staff,4,280,2,magic,1,counter,0,shield,1
340132,34013,3,战斗法杖,equip,rare,nature,0,1,combat_staff,4,420,2,magic,2,counter,0,shield,1
35013,35013,1,战斗法杖,equip,rare,chaos,0,1,combat_staff,4,140,2,magic,1,counter,0,,
350131,35013,2,战斗法杖,equip,rare,chaos,0,1,combat_staff,4,280,2,magic,1,counter,0,shield,1
350132,35013,3,战斗法杖,equip,rare,chaos,0,1,combat_staff,4,420,2,magic,2,counter,0,shield,1
36013,36013,1,战斗法杖,equip,rare,all,0,1,combat_staff,5,140,2,magic,1,counter,0,,
360131,36013,2,战斗法杖,equip,rare,all,0,1,combat_staff,5,280,2,magic,1,counter,0,shield,1
360132,36013,3,战斗法杖,equip,rare,all,0,1,combat_staff,5,420,2,magic,2,counter,0,shield,1
32014,32014,1,治疗法杖,equip,rare,fortune,0,1,heal_staff,2,140,2,heal,1,,,,
320141,32014,2,治疗法杖,equip,rare,fortune,0,1,heal_staff,2,280,2,heal,1,melee,1,,
320142,32014,3,治疗法杖,equip,rare,fortune,0,1,heal_staff,2,420,2,heal,2,melee,1,,
33014,33014,1,治疗法杖,equip,rare,balance,0,1,heal_staff,2,140,2,heal,1,,,,
330141,33014,2,治疗法杖,equip,rare,balance,0,1,heal_staff,2,280,2,heal,1,melee,1,,
330142,33014,3,治疗法杖,equip,rare,balance,0,1,heal_staff,2,420,2,heal,2,melee,1,,
34014,34014,1,治疗法杖,equip,rare,nature,0,1,heal_staff,2,140,2,heal,1,,,,
340141,34014,2,治疗法杖,equip,rare,nature,0,1,heal_staff,2,280,2,heal,1,melee,1,,
340142,34014,3,治疗法杖,equip,rare,nature,0,1,heal_staff,2,420,2,heal,2,melee,1,,
36014,36014,1,治疗法杖,equip,rare,all,0,1,heal_staff,3,140,2,heal,1,,,,
360141,36014,2,治疗法杖,equip,rare,all,0,1,heal_staff,3,280,2,heal,1,melee,1,,
360142,36014,3,治疗法杖,equip,rare,all,0,1,heal_staff,3,420,2,heal,2,melee,1,,
32015,32015,1,治疗长笛,equip,rare,fortune,0,1,healing_flute,3,140,2,heal,2,,,,
320151,32015,2,治疗长笛,equip,rare,fortune,0,1,healing_flute,3,280,2,heal,1,heal_all,1,,
320152,32015,3,治疗长笛,equip,rare,fortune,0,1,healing_flute,3,420,2,heal,2,heal_all,1,,
33015,33015,1,治疗长笛,equip,rare,balance,0,1,healing_flute,3,140,2,heal,2,,,,
330151,33015,2,治疗长笛,equip,rare,balance,0,1,healing_flute,3,280,2,heal,1,heal_all,1,,
330152,33015,3,治疗长笛,equip,rare,balance,0,1,healing_flute,3,420,2,heal,2,heal_all,1,,
34015,34015,1,治疗长笛,equip,rare,nature,0,1,healing_flute,3,140,2,heal,2,,,,
340151,34015,2,治疗长笛,equip,rare,nature,0,1,healing_flute,3,280,2,heal,1,heal_all,1,,
340152,34015,3,治疗长笛,equip,rare,nature,0,1,healing_flute,3,420,2,heal,2,heal_all,1,,
36015,36015,1,治疗长笛,equip,rare,all,0,1,healing_flute,4,140,2,heal,2,,,,
360151,36015,2,治疗长笛,equip,rare,all,0,1,healing_flute,4,280,2,heal,1,heal_all,1,,
360152,36015,3,治疗长笛,equip,rare,all,0,1,healing_flute,4,420,2,heal,2,heal_all,1,,
31016,31016,1,霍特普的宝石,equip,rare,war,0,1,pendant_of_disease,2,140,2,disease,2,,,,
310161,31016,2,霍特普的宝石,equip,rare,war,0,1,pendant_of_disease,2,280,2,disease,3,,,,
310162,31016,3,霍特普的宝石,equip,rare,war,0,1,pendant_of_disease,2,420,2,disease,4,,,,
32016,32016,1,霍特普的宝石,equip,rare,fortune,0,1,pendant_of_disease,2,140,2,disease,2,,,,
320161,32016,2,霍特普的宝石,equip,rare,fortune,0,1,pendant_of_disease,2,280,2,disease,3,,,,
320162,32016,3,霍特普的宝石,equip,rare,fortune,0,1,pendant_of_disease,2,420,2,disease,4,,,,
33016,33016,1,霍特普的宝石,equip,rare,balance,0,1,pendant_of_disease,2,140,2,disease,2,,,,
330161,33016,2,霍特普的宝石,equip,rare,balance,0,1,pendant_of_disease,2,280,2,disease,3,,,,
330162,33016,3,霍特普的宝石,equip,rare,balance,0,1,pendant_of_disease,2,420,2,disease,4,,,,
34016,34016,1,霍特普的宝石,equip,rare,nature,0,1,pendant_of_disease,2,140,2,disease,2,,,,
340161,34016,2,霍特普的宝石,equip,rare,nature,0,1,pendant_of_disease,2,280,2,disease,3,,,,
340162,34016,3,霍特普的宝石,equip,rare,nature,0,1,pendant_of_disease,2,420,2,disease,4,,,,
35016,35016,1,霍特普的宝石,equip,rare,chaos,0,1,pendant_of_disease,2,140,2,disease,2,,,,
350161,35016,2,霍特普的宝石,equip,rare,chaos,0,1,pendant_of_disease,2,280,2,disease,3,,,,
350162,35016,3,霍特普的宝石,equip,rare,chaos,0,1,pendant_of_disease,2,420,2,disease,4,,,,
36016,36016,1,霍特普的宝石,equip,rare,all,0,1,pendant_of_disease,3,140,2,disease,2,,,,
360161,36016,2,霍特普的宝石,equip,rare,all,0,1,pendant_of_disease,3,280,2,disease,3,,,,
360162,36016,3,霍特普的宝石,equip,rare,all,0,1,pendant_of_disease,3,420,2,disease,4,,,,
31017,31017,1,毒刃,equip,rare,war,0,1,toxic_blade,2,140,2,melee,1,disease,1,,
310171,31017,2,毒刃,equip,rare,war,0,1,toxic_blade,2,280,2,melee,1,disease,2,,
310172,31017,3,毒刃,equip,rare,war,0,1,toxic_blade,2,420,2,melee,2,disease,2,,
32017,32017,1,毒刃,equip,rare,fortune,0,1,toxic_blade,3,140,2,melee,1,disease,1,,
320171,32017,2,毒刃,equip,rare,fortune,0,1,toxic_blade,3,280,2,melee,1,disease,2,,
320172,32017,3,毒刃,equip,rare,fortune,0,1,toxic_blade,3,420,2,melee,2,disease,2,,
33017,33017,1,毒刃,equip,rare,balance,0,1,toxic_blade,3,140,2,melee,1,disease,1,,
330171,33017,2,毒刃,equip,rare,balance,0,1,toxic_blade,3,280,2,melee,1,disease,2,,
330172,33017,3,毒刃,equip,rare,balance,0,1,toxic_blade,3,420,2,melee,2,disease,2,,
34017,34017,1,毒刃,equip,rare,nature,0,1,toxic_blade,2,140,2,melee,1,disease,1,,
340171,34017,2,毒刃,equip,rare,nature,0,1,toxic_blade,2,280,2,melee,1,disease,2,,
340172,34017,3,毒刃,equip,rare,nature,0,1,toxic_blade,2,420,2,melee,2,disease,2,,
35017,35017,1,毒刃,equip,rare,chaos,0,1,toxic_blade,2,140,2,melee,1,disease,1,,
350171,35017,2,毒刃,equip,rare,chaos,0,1,toxic_blade,2,280,2,melee,1,disease,2,,
350172,35017,3,毒刃,equip,rare,chaos,0,1,toxic_blade,2,420,2,melee,2,disease,2,,
36017,36017,1,毒刃,equip,rare,all,0,1,toxic_blade,4,140,2,melee,1,disease,1,,
360171,36017,2,毒刃,equip,rare,all,0,1,toxic_blade,4,280,2,melee,1,disease,2,,
360172,36017,3,毒刃,equip,rare,all,0,1,toxic_blade,4,420,2,melee,2,disease,2,,
32018,32018,1,诡诈手枪,equip,rare,fortune,0,1,poison_shot,3,140,2,chance,3,,,,
320181,32018,2,诡诈手枪,equip,rare,fortune,0,1,poison_shot,3,280,2,chance,4,,,,
320182,32018,3,诡诈手枪,equip,rare,fortune,0,1,poison_shot,3,420,2,chance,5,,,,
33018,33018,1,诡诈手枪,equip,rare,balance,0,1,poison_shot,4,140,2,chance,3,,,,
330181,33018,2,诡诈手枪,equip,rare,balance,0,1,poison_shot,4,280,2,chance,4,,,,
330182,33018,3,诡诈手枪,equip,rare,balance,0,1,poison_shot,4,420,2,chance,5,,,,
34018,34018,1,诡诈手枪,equip,rare,nature,0,1,poison_shot,4,140,2,chance,3,,,,
340181,34018,2,诡诈手枪,equip,rare,nature,0,1,poison_shot,4,280,2,chance,4,,,,
340182,34018,3,诡诈手枪,equip,rare,nature,0,1,poison_shot,4,420,2,chance,5,,,,
35018,35018,1,诡诈手枪,equip,rare,chaos,0,1,poison_shot,4,140,2,chance,3,,,,
350181,35018,2,诡诈手枪,equip,rare,chaos,0,1,poison_shot,4,280,2,chance,4,,,,
350182,35018,3,诡诈手枪,equip,rare,chaos,0,1,poison_shot,4,420,2,chance,5,,,,
36018,36018,1,诡诈手枪,equip,rare,all,0,1,poison_shot,5,140,2,chance,3,,,,
360181,36018,2,诡诈手枪,equip,rare,all,0,1,poison_shot,5,280,2,chance,4,,,,
360182,36018,3,诡诈手枪,equip,rare,all,0,1,poison_shot,5,420,2,chance,5,,,,
31019,31019,1,长矛,equip,rare,war,0,1,long_spear,3,140,2,reach,0,,,,
310191,31019,2,长矛,equip,rare,war,0,1,long_spear,3,280,2,reach,0,breaker,1,,
310192,31019,3,长矛,equip,rare,war,0,1,long_spear,3,420,2,reach,0,breaker,3,,
32019,32019,1,长矛,equip,rare,fortune,0,1,long_spear,3,140,2,reach,0,,,,
320191,32019,2,长矛,equip,rare,fortune,0,1,long_spear,3,280,2,reach,0,breaker,1,,
320192,32019,3,长矛,equip,rare,fortune,0,1,long_spear,3,420,2,reach,0,breaker,3,,
34019,34019,1,长矛,equip,rare,nature,0,1,long_spear,3,140,2,reach,0,,,,
340191,34019,2,长矛,equip,rare,nature,0,1,long_spear,3,280,2,reach,0,breaker,1,,
340192,34019,3,长矛,equip,rare,nature,0,1,long_spear,3,420,2,reach,0,breaker,3,,
35019,35019,1,长矛,equip,rare,chaos,0,1,long_spear,3,140,2,reach,0,,,,
350191,35019,2,长矛,equip,rare,chaos,0,1,long_spear,3,280,2,reach,0,breaker,1,,
350192,35019,3,长矛,equip,rare,chaos,0,1,long_spear,3,420,2,reach,0,breaker,3,,
36019,36019,1,长矛,equip,rare,all,0,1,long_spear,4,140,2,reach,0,,,,
360191,36019,2,长矛,equip,rare,all,0,1,long_spear,4,280,2,reach,0,breaker,1,,
360192,36019,3,长矛,equip,rare,all,0,1,long_spear,4,420,2,reach,0,breaker,3,,
31020,31020,1,破碎战锤,equip,rare,war,0,1,hammer,3,140,2,melee,1,breaker,2,,
310201,31020,2,破碎战锤,equip,rare,war,0,1,hammer,3,280,2,melee,1,breaker,3,,
310202,31020,3,破碎战锤,equip,rare,war,0,1,hammer,3,420,2,melee,2,breaker,3,,
32020,32020,1,破碎战锤,equip,rare,fortune,0,1,hammer,3,140,2,melee,1,breaker,2,,
320201,32020,2,破碎战锤,equip,rare,fortune,0,1,hammer,3,280,2,melee,1,breaker,3,,
320202,32020,3,破碎战锤,equip,rare,fortune,0,1,hammer,3,420,2,melee,2,breaker,3,,
33020,33020,1,破碎战锤,equip,rare,balance,0,1,hammer,3,140,2,melee,1,breaker,2,,
330201,33020,2,破碎战锤,equip,rare,balance,0,1,hammer,3,280,2,melee,1,breaker,3,,
330202,33020,3,破碎战锤,equip,rare,balance,0,1,hammer,3,420,2,melee,2,breaker,3,,
34020,34020,1,破碎战锤,equip,rare,nature,0,1,hammer,2,140,2,melee,1,breaker,2,,
340201,34020,2,破碎战锤,equip,rare,nature,0,1,hammer,2,280,2,melee,1,breaker,3,,
340202,34020,3,破碎战锤,equip,rare,nature,0,1,hammer,2,420,2,melee,2,breaker,3,,
35020,35020,1,破碎战锤,equip,rare,chaos,0,1,hammer,3,140,2,melee,1,breaker,2,,
350201,35020,2,破碎战锤,equip,rare,chaos,0,1,hammer,3,280,2,melee,1,breaker,3,,
350202,35020,3,破碎战锤,equip,rare,chaos,0,1,hammer,3,420,2,melee,2,breaker,3,,
36020,36020,1,破碎战锤,equip,rare,all,0,1,hammer,4,140,2,melee,1,breaker,2,,
360201,36020,2,破碎战锤,equip,rare,all,0,1,hammer,4,280,2,melee,1,breaker,3,,
360202,36020,3,破碎战锤,equip,rare,all,0,1,hammer,4,420,2,melee,2,breaker,3,,
31021,31021,1,魔法指环,equip,rare,war,0,1,ring_of_mages,4,140,2,magic,1,reflect,0,,
310211,31021,2,魔法指环,equip,rare,war,0,1,ring_of_mages,4,280,2,magic,1,reflect,0,mshield,1
310212,31021,3,魔法指环,equip,rare,war,0,1,ring_of_mages,4,420,2,magic,2,reflect,0,mshield,1
32021,32021,1,魔法指环,equip,rare,fortune,0,1,ring_of_mages,4,140,2,magic,1,reflect,0,,
320211,32021,2,魔法指环,equip,rare,fortune,0,1,ring_of_mages,4,280,2,magic,1,reflect,0,mshield,1
320212,32021,3,魔法指环,equip,rare,fortune,0,1,ring_of_mages,4,420,2,magic,2,reflect,0,mshield,1
33021,33021,1,魔法指环,equip,rare,balance,0,1,ring_of_mages,3,140,2,magic,1,reflect,0,,
330211,33021,2,魔法指环,equip,rare,balance,0,1,ring_of_mages,3,280,2,magic,1,reflect,0,mshield,1
330212,33021,3,魔法指环,equip,rare,balance,0,1,ring_of_mages,3,420,2,magic,2,reflect,0,mshield,1
34021,34021,1,魔法指环,equip,rare,nature,0,1,ring_of_mages,4,140,2,magic,1,reflect,0,,
340211,34021,2,魔法指环,equip,rare,nature,0,1,ring_of_mages,4,280,2,magic,1,reflect,0,mshield,1
340212,34021,3,魔法指环,equip,rare,nature,0,1,ring_of_mages,4,420,2,magic,2,reflect,0,mshield,1
35021,35021,1,魔法指环,equip,rare,chaos,0,1,ring_of_mages,3,140,2,magic,1,reflect,0,,
350211,35021,2,魔法指环,equip,rare,chaos,0,1,ring_of_mages,3,280,2,magic,1,reflect,0,mshield,1
350212,35021,3,魔法指环,equip,rare,chaos,0,1,ring_of_mages,3,420,2,magic,2,reflect,0,mshield,1
36021,36021,1,魔法指环,equip,rare,all,0,1,ring_of_mages,5,140,2,magic,1,reflect,0,,
360211,36021,2,魔法指环,equip,rare,all,0,1,ring_of_mages,5,280,2,magic,1,reflect,0,mshield,1
360212,36021,3,魔法指环,equip,rare,all,0,1,ring_of_mages,5,420,2,magic,2,reflect,0,mshield,1
31022,31022,1,战斧,equip,rarity,war,0,1,battle_axe,2,210,2,melee,2,cleave,0,,
310221,31022,2,战斧,equip,rarity,war,0,1,battle_axe,2,420,2,melee,3,cleave,0,,
310222,31022,3,战斧,equip,rarity,war,0,1,battle_axe,2,630,2,melee,4,cleave,0,,
32022,32022,1,战斧,equip,rarity,fortune,0,1,battle_axe,3,210,2,melee,2,cleave,0,,
320221,32022,2,战斧,equip,rarity,fortune,0,1,battle_axe,3,420,2,melee,3,cleave,0,,
320222,32022,3,战斧,equip,rarity,fortune,0,1,battle_axe,3,630,2,melee,4,cleave,0,,
33022,33022,1,战斧,equip,rarity,balance,0,1,battle_axe,3,210,2,melee,2,cleave,0,,
330221,33022,2,战斧,equip,rarity,balance,0,1,battle_axe,3,420,2,melee,3,cleave,0,,
330222,33022,3,战斧,equip,rarity,balance,0,1,battle_axe,3,630,2,melee,4,cleave,0,,
34022,34022,1,战斧,equip,rarity,nature,0,1,battle_axe,3,210,2,melee,2,cleave,0,,
340221,34022,2,战斧,equip,rarity,nature,0,1,battle_axe,3,420,2,melee,3,cleave,0,,
340222,34022,3,战斧,equip,rarity,nature,0,1,battle_axe,3,630,2,melee,4,cleave,0,,
35022,35022,1,战斧,equip,rarity,chaos,0,1,battle_axe,3,210,2,melee,2,cleave,0,,
350221,35022,2,战斧,equip,rarity,chaos,0,1,battle_axe,3,420,2,melee,3,cleave,0,,
350222,35022,3,战斧,equip,rarity,chaos,0,1,battle_axe,3,630,2,melee,4,cleave,0,,
36022,36022,1,战斧,equip,rarity,all,0,1,battle_axe,4,210,2,melee,2,cleave,0,,
360221,36022,2,战斧,equip,rarity,all,0,1,battle_axe,4,420,2,melee,3,cleave,0,,
360222,36022,3,战斧,equip,rarity,all,0,1,battle_axe,4,630,2,melee,4,cleave,0,,
31023,31023,1,冲锋弓,equip,rarity,war,0,1,heralds_bow,4,210,2,ranged,2,rally,1,,
310231,31023,2,冲锋弓,equip,rarity,war,0,1,heralds_bow,4,420,2,ranged,2,rally,2,,
310232,31023,3,冲锋弓,equip,rarity,war,0,1,heralds_bow,4,630,2,ranged,3,rally,2,,
32023,32023,1,冲锋弓,equip,rarity,fortune,0,1,heralds_bow,4,210,2,ranged,2,rally,1,,
320231,32023,2,冲锋弓,equip,rarity,fortune,0,1,heralds_bow,4,420,2,ranged,2,rally,2,,
320232,32023,3,冲锋弓,equip,rarity,fortune,0,1,heralds_bow,4,630,2,ranged,3,rally,2,,
33023,33023,1,冲锋弓,equip,rarity,balance,0,1,heralds_bow,4,210,2,ranged,2,rally,1,,
330231,33023,2,冲锋弓,equip,rarity,balance,0,1,heralds_bow,4,420,2,ranged,2,rally,2,,
330232,33023,3,冲锋弓,equip,rarity,balance,0,1,heralds_bow,4,630,2,ranged,3,rally,2,,
34023,34023,1,冲锋弓,equip,rarity,nature,0,1,heralds_bow,4,210,2,ranged,2,rally,1,,
340231,34023,2,冲锋弓,equip,rarity,nature,0,1,heralds_bow,4,420,2,ranged,2,rally,2,,
340232,34023,3,冲锋弓,equip,rarity,nature,0,1,heralds_bow,4,630,2,ranged,3,rally,2,,
35023,35023,1,冲锋弓,equip,rarity,chaos,0,1,heralds_bow,4,210,2,ranged,2,rally,1,,
350231,35023,2,冲锋弓,equip,rarity,chaos,0,1,heralds_bow,4,420,2,ranged,2,rally,2,,
350232,35023,3,冲锋弓,equip,rarity,chaos,0,1,heralds_bow,4,630,2,ranged,3,rally,2,,
36023,36023,1,冲锋弓,equip,rarity,all,0,1,heralds_bow,5,210,2,ranged,2,rally,1,,
360231,36023,2,冲锋弓,equip,rarity,all,0,1,heralds_bow,5,420,2,ranged,2,rally,2,,
360232,36023,3,冲锋弓,equip,rarity,all,0,1,heralds_bow,5,630,2,ranged,3,rally,2,,
31024,31024,1,十字弩,equip,rarity,war,0,1,crossbow,3,210,2,ranged,2,disease,1,,
310241,31024,2,十字弩,equip,rarity,war,0,1,crossbow,3,420,2,ranged,2,disease,2,,
310242,31024,3,十字弩,equip,rarity,war,0,1,crossbow,3,630,2,ranged,3,disease,2,,
32024,32024,1,十字弩,equip,rarity,fortune,0,1,crossbow,3,210,2,ranged,2,disease,1,,
320241,32024,2,十字弩,equip,rarity,fortune,0,1,crossbow,3,420,2,ranged,2,disease,2,,
320242,32024,3,十字弩,equip,rarity,fortune,0,1,crossbow,3,630,2,ranged,3,disease,2,,
33024,33024,1,十字弩,equip,rarity,balance,0,1,crossbow,3,210,2,ranged,2,disease,1,,
330241,33024,2,十字弩,equip,rarity,balance,0,1,crossbow,3,420,2,ranged,2,disease,2,,
330242,33024,3,十字弩,equip,rarity,balance,0,1,crossbow,3,630,2,ranged,3,disease,2,,
34024,34024,1,十字弩,equip,rarity,nature,0,1,crossbow,3,210,2,ranged,2,disease,1,,
340241,34024,2,十字弩,equip,rarity,nature,0,1,crossbow,3,420,2,ranged,2,disease,2,,
340242,34024,3,十字弩,equip,rarity,nature,0,1,crossbow,3,630,2,ranged,3,disease,2,,
35024,35024,1,十字弩,equip,rarity,chaos,0,1,crossbow,3,210,2,ranged,2,disease,1,,
350241,35024,2,十字弩,equip,rarity,chaos,0,1,crossbow,3,420,2,ranged,2,disease,2,,
350242,35024,3,十字弩,equip,rarity,chaos,0,1,crossbow,3,630,2,ranged,3,disease,2,,
36024,36024,1,十字弩,equip,rarity,all,0,1,crossbow,4,210,2,ranged,2,disease,1,,
360241,36024,2,十字弩,equip,rarity,all,0,1,crossbow,4,420,2,ranged,2,disease,2,,
360242,36024,3,十字弩,equip,rarity,all,0,1,crossbow,4,630,2,ranged,3,disease,2,,
33025,33025,1,能量法杖,equip,rarity,balance,0,1,staff_of_flight,2,210,2,magic,2,,,,
330251,33025,2,能量法杖,equip,rarity,balance,0,1,staff_of_flight,2,420,2,magic,2,mshield,1,,
330252,33025,3,能量法杖,equip,rarity,balance,0,1,staff_of_flight,2,630,2,magic,2,mshield,2,,
35025,35025,1,能量法杖,equip,rarity,chaos,0,1,staff_of_flight,3,210,2,magic,2,,,,
350251,35025,2,能量法杖,equip,rarity,chaos,0,1,staff_of_flight,3,420,2,magic,2,mshield,1,,
350252,35025,3,能量法杖,equip,rarity,chaos,0,1,staff_of_flight,3,630,2,magic,2,mshield,2,,
36025,36025,1,能量法杖,equip,rarity,all,0,1,staff_of_flight,4,210,2,magic,2,,,,
360251,36025,2,能量法杖,equip,rarity,all,0,1,staff_of_flight,4,420,2,magic,2,mshield,1,,
360252,36025,3,能量法杖,equip,rarity,all,0,1,staff_of_flight,4,630,2,magic,2,mshield,2,,
32026,32026,1,世纪之角,equip,rarity,fortune,0,1,horn_of_ages,3,210,2,heal,3,,,,
320261,32026,2,世纪之角,equip,rarity,fortune,0,1,horn_of_ages,3,420,2,heal,2,heal_all,1,,
320262,32026,3,世纪之角,equip,rarity,fortune,0,1,horn_of_ages,3,630,2,heal,3,heal_all,1,,
33026,33026,1,世纪之角,equip,rarity,balance,0,1,horn_of_ages,3,210,2,heal,3,,,,
330261,33026,2,世纪之角,equip,rarity,balance,0,1,horn_of_ages,3,420,2,heal,2,heal_all,1,,
330262,33026,3,世纪之角,equip,rarity,balance,0,1,horn_of_ages,3,630,2,heal,3,heal_all,1,,
34026,34026,1,世纪之角,equip,rarity,nature,0,1,horn_of_ages,3,210,2,heal,3,,,,
340261,34026,2,世纪之角,equip,rarity,nature,0,1,horn_of_ages,3,420,2,heal,2,heal_all,1,,
340262,34026,3,世纪之角,equip,rarity,nature,0,1,horn_of_ages,3,630,2,heal,3,heal_all,1,,
36026,36026,1,世纪之角,equip,rarity,all,0,1,horn_of_ages,4,210,2,heal,3,,,,
360261,36026,2,世纪之角,equip,rarity,all,0,1,horn_of_ages,4,420,2,heal,2,heal_all,1,,
360262,36026,3,世纪之角,equip,rarity,all,0,1,horn_of_ages,4,630,2,heal,3,heal_all,1,,
31027,31027,1,暮光之戟,equip,rarity,war,0,1,twilight,3,210,2,melee,2,reach,0,,
310271,31027,2,暮光之戟,equip,rarity,war,0,1,twilight,3,420,2,melee,3,reach,0,,
310272,31027,3,暮光之戟,equip,rarity,war,0,1,twilight,3,630,2,melee,4,reach,0,,
32027,32027,1,暮光之戟,equip,rarity,fortune,0,1,twilight,3,210,2,melee,2,reach,0,,
320271,32027,2,暮光之戟,equip,rarity,fortune,0,1,twilight,3,420,2,melee,3,reach,0,,
320272,32027,3,暮光之戟,equip,rarity,fortune,0,1,twilight,3,630,2,melee,4,reach,0,,
34027,34027,1,暮光之戟,equip,rarity,nature,0,1,twilight,3,210,2,melee,2,reach,0,,
340271,34027,2,暮光之戟,equip,rarity,nature,0,1,twilight,3,420,2,melee,3,reach,0,,
340272,34027,3,暮光之戟,equip,rarity,nature,0,1,twilight,3,630,2,melee,4,reach,0,,
35027,35027,1,暮光之戟,equip,rarity,chaos,0,1,twilight,3,210,2,melee,2,reach,0,,
350271,35027,2,暮光之戟,equip,rarity,chaos,0,1,twilight,3,420,2,melee,3,reach,0,,
350272,35027,3,暮光之戟,equip,rarity,chaos,0,1,twilight,3,630,2,melee,4,reach,0,,
36027,36027,1,暮光之戟,equip,rarity,all,0,1,twilight,4,210,2,melee,2,reach,0,,
360271,36027,2,暮光之戟,equip,rarity,all,0,1,twilight,4,420,2,melee,3,reach,0,,
360272,36027,3,暮光之戟,equip,rarity,all,0,1,twilight,4,630,2,melee,4,reach,0,,
31028,31028,1,石笋手套,equip,rarity,war,0,1,stalagmite_gloves,3,210,2,thrash,2,breaker,2,,
310281,31028,2,石笋手套,equip,rarity,war,0,1,stalagmite_gloves,3,420,2,thrash,2,breaker,3,,
310282,31028,3,石笋手套,equip,rarity,war,0,1,stalagmite_gloves,3,630,2,thrash,3,breaker,3,,
32028,32028,1,石笋手套,equip,rarity,fortune,0,1,stalagmite_gloves,3,210,2,thrash,2,breaker,2,,
320281,32028,2,石笋手套,equip,rarity,fortune,0,1,stalagmite_gloves,3,420,2,thrash,2,breaker,3,,
320282,32028,3,石笋手套,equip,rarity,fortune,0,1,stalagmite_gloves,3,630,2,thrash,3,breaker,3,,
33028,33028,1,石笋手套,equip,rarity,balance,0,1,stalagmite_gloves,3,210,2,thrash,2,breaker,2,,
330281,33028,2,石笋手套,equip,rarity,balance,0,1,stalagmite_gloves,3,420,2,thrash,2,breaker,3,,
330282,33028,3,石笋手套,equip,rarity,balance,0,1,stalagmite_gloves,3,630,2,thrash,3,breaker,3,,
34028,34028,1,石笋手套,equip,rarity,nature,0,1,stalagmite_gloves,3,210,2,thrash,2,breaker,2,,
340281,34028,2,石笋手套,equip,rarity,nature,0,1,stalagmite_gloves,3,420,2,thrash,2,breaker,3,,
340282,34028,3,石笋手套,equip,rarity,nature,0,1,stalagmite_gloves,3,630,2,thrash,3,breaker,3,,
35028,35028,1,石笋手套,equip,rarity,chaos,0,1,stalagmite_gloves,3,210,2,thrash,2,breaker,2,,
350281,35028,2,石笋手套,equip,rarity,chaos,0,1,stalagmite_gloves,3,420,2,thrash,2,breaker,3,,
350282,35028,3,石笋手套,equip,rarity,chaos,0,1,stalagmite_gloves,3,630,2,thrash,3,breaker,3,,
36028,36028,1,石笋手套,equip,rarity,all,0,1,stalagmite_gloves,4,210,2,thrash,2,breaker,2,,
360281,36028,2,石笋手套,equip,rarity,all,0,1,stalagmite_gloves,4,420,2,thrash,2,breaker,3,,
360282,36028,3,石笋手套,equip,rarity,all,0,1,stalagmite_gloves,4,630,2,thrash,3,breaker,3,,
31029,31029,1,圣剑,equip,epic,war,0,1,excalibur,3,280,2,melee,3,rally,1,,
310291,31029,2,圣剑,equip,epic,war,0,1,excalibur,3,560,2,melee,4,rally,1,,
310292,31029,3,圣剑,equip,epic,war,0,1,excalibur,3,840,2,melee,4,rally,2,,
32029,32029,1,圣剑,equip,epic,fortune,0,1,excalibur,4,280,2,melee,3,rally,1,,
320291,32029,2,圣剑,equip,epic,fortune,0,1,excalibur,4,560,2,melee,4,rally,1,,
320292,32029,3,圣剑,equip,epic,fortune,0,1,excalibur,4,840,2,melee,4,rally,2,,
33029,33029,1,圣剑,equip,epic,balance,0,1,excalibur,4,280,2,melee,3,rally,1,,
330291,33029,2,圣剑,equip,epic,balance,0,1,excalibur,4,560,2,melee,4,rally,1,,
330292,33029,3,圣剑,equip,epic,balance,0,1,excalibur,4,840,2,melee,4,rally,2,,
34029,34029,1,圣剑,equip,epic,nature,0,1,excalibur,3,280,2,melee,3,rally,1,,
340291,34029,2,圣剑,equip,epic,nature,0,1,excalibur,3,560,2,melee,4,rally,1,,
340292,34029,3,圣剑,equip,epic,nature,0,1,excalibur,3,840,2,melee,4,rally,2,,
35029,35029,1,圣剑,equip,epic,chaos,0,1,excalibur,3,280,2,melee,3,rally,1,,
350291,35029,2,圣剑,equip,epic,chaos,0,1,excalibur,3,560,2,melee,4,rally,1,,
350292,35029,3,圣剑,equip,epic,chaos,0,1,excalibur,3,840,2,melee,4,rally,2,,
36029,36029,1,圣剑,equip,epic,all,0,1,excalibur,5,280,2,melee,3,rally,1,,
360291,36029,2,圣剑,equip,epic,all,0,1,excalibur,5,560,2,melee,4,rally,1,,
360292,36029,3,圣剑,equip,epic,all,0,1,excalibur,5,840,2,melee,4,rally,2,,
31030,31030,1,蝎子巨弩,equip,epic,war,0,1,molten_crossbow,3,280,2,ranged,3,,,,
310301,31030,2,蝎子巨弩,equip,epic,war,0,1,molten_crossbow,3,560,2,ranged,3,cleave,0,,
310302,31030,3,蝎子巨弩,equip,epic,war,0,1,molten_crossbow,3,840,2,ranged,4,cleave,0,,
32030,32030,1,蝎子巨弩,equip,epic,fortune,0,1,molten_crossbow,2,280,2,ranged,3,,,,
320301,32030,2,蝎子巨弩,equip,epic,fortune,0,1,molten_crossbow,2,560,2,ranged,3,cleave,0,,
320302,32030,3,蝎子巨弩,equip,epic,fortune,0,1,molten_crossbow,2,840,2,ranged,4,cleave,0,,
33030,33030,1,蝎子巨弩,equip,epic,balance,0,1,molten_crossbow,3,280,2,ranged,3,,,,
330301,33030,2,蝎子巨弩,equip,epic,balance,0,1,molten_crossbow,3,560,2,ranged,3,cleave,0,,
330302,33030,3,蝎子巨弩,equip,epic,balance,0,1,molten_crossbow,3,840,2,ranged,4,cleave,0,,
34030,34030,1,蝎子巨弩,equip,epic,nature,0,1,molten_crossbow,2,280,2,ranged,3,,,,
340301,34030,2,蝎子巨弩,equip,epic,nature,0,1,molten_crossbow,2,560,2,ranged,3,cleave,0,,
340302,34030,3,蝎子巨弩,equip,epic,nature,0,1,molten_crossbow,2,840,2,ranged,4,cleave,0,,
35030,35030,1,蝎子巨弩,equip,epic,chaos,0,1,molten_crossbow,3,280,2,ranged,3,,,,
350301,35030,2,蝎子巨弩,equip,epic,chaos,0,1,molten_crossbow,3,560,2,ranged,3,cleave,0,,
350302,35030,3,蝎子巨弩,equip,epic,chaos,0,1,molten_crossbow,3,840,2,ranged,4,cleave,0,,
36030,36030,1,蝎子巨弩,equip,epic,all,0,1,molten_crossbow,4,280,2,ranged,3,,,,
360301,36030,2,蝎子巨弩,equip,epic,all,0,1,molten_crossbow,4,560,2,ranged,3,cleave,0,,
360302,36030,3,蝎子巨弩,equip,epic,all,0,1,molten_crossbow,4,840,2,ranged,4,cleave,0,,
31031,31031,1,黑曜石之矛,equip,epic,war,0,1,obsidian_spear,3,280,2,melee,3,reach,0,disease,1
310311,31031,2,黑曜石之矛,equip,epic,war,0,1,obsidian_spear,3,560,2,melee,3,reach,0,disease,2
310312,31031,3,黑曜石之矛,equip,epic,war,0,1,obsidian_spear,3,840,2,melee,4,reach,0,disease,2
32031,32031,1,黑曜石之矛,equip,epic,fortune,0,1,obsidian_spear,4,280,2,melee,3,reach,0,disease,1
320311,32031,2,黑曜石之矛,equip,epic,fortune,0,1,obsidian_spear,4,560,2,melee,3,reach,0,disease,2
320312,32031,3,黑曜石之矛,equip,epic,fortune,0,1,obsidian_spear,4,840,2,melee,4,reach,0,disease,2
33031,33031,1,黑曜石之矛,equip,epic,balance,0,1,obsidian_spear,4,280,2,melee,3,reach,0,disease,1
330311,33031,2,黑曜石之矛,equip,epic,balance,0,1,obsidian_spear,4,560,2,melee,3,reach,0,disease,2
330312,33031,3,黑曜石之矛,equip,epic,balance,0,1,obsidian_spear,4,840,2,melee,4,reach,0,disease,2
34031,34031,1,黑曜石之矛,equip,epic,nature,0,1,obsidian_spear,3,280,2,melee,3,reach,0,disease,1
340311,34031,2,黑曜石之矛,equip,epic,nature,0,1,obsidian_spear,3,560,2,melee,3,reach,0,disease,2
340312,34031,3,黑曜石之矛,equip,epic,nature,0,1,obsidian_spear,3,840,2,melee,4,reach,0,disease,2
35031,35031,1,黑曜石之矛,equip,epic,chaos,0,1,obsidian_spear,3,280,2,melee,3,reach,0,disease,1
350311,35031,2,黑曜石之矛,equip,epic,chaos,0,1,obsidian_spear,3,560,2,melee,3,reach,0,disease,2
350312,35031,3,黑曜石之矛,equip,epic,chaos,0,1,obsidian_spear,3,840,2,melee,4,reach,0,disease,2
36031,36031,1,黑曜石之矛,equip,epic,all,0,1,obsidian_spear,5,280,2,melee,3,reach,0,disease,1
360311,36031,2,黑曜石之矛,equip,epic,all,0,1,obsidian_spear,5,560,2,melee,3,reach,0,disease,2
360312,36031,3,黑曜石之矛,equip,epic,all,0,1,obsidian_spear,5,840,2,melee,4,reach,0,disease,2
,,,,,,,,,,,,,,,,,,
40001,40001,1,投掷匕首,consume,normal,all,,1,throwing_knife,2,70,2,damage,1,,,,
40002,40002,1,小瓶药水,consume,normal,all,,1,healing_vial,3,70,2,heal,2,,,,
40003,40003,1,治疗药水,consume,normal,all,,1,potion,2,70,2,heal,1,,,,
40004,40004,1,光之炸弹,consume,rare,all,,1,bomb,3,140,2,damage,2,,,,
40005,40005,1,回旋镖,consume,rare,all,,1,boomerang,2,140,2,damage_all,1,,,,
40006,40006,1,龙之血,consume,rare,all,,1,dragons_blood,4,140,2,heal,3,,,,
40007,40007,1,治愈之音,consume,rare,all,,1,soothing_music,2,140,2,heal_all,1,,,,
40008,40008,1,枯萎匕首,consume,rarity,all,,1,ceremonial_knife,4,210,2,damage,4,,,,
40009,40009,1,浸毒匕首,consume,rarity,all,,1,poison_dagger,3,210,2,damage,3,disease,1,,
40010,40010,1,易碎药膏,consume,rarity,all,,1,brittle_ointment,4,210,2,destroy,0,,,,
40011,40011,1,天使之声,consume,rarity,all,,1,rejuvenating_sound,3,210,2,heal_all,2,,,,
40012,40012,1,龙之泪,consume,rarity,all,,1,dragons_tear,1,210,1,crystal,2,,,,
40013,40013,1,猛烈炸弹,consume,epic,all,,1,wolf_bombs,2,280,2,damage_all,1,breaker,3,,
40014,40014,1,手里剑,consume,epic,all,,1,shuriken,2,280,2,silence,2,disease_all,3,,
40015,40015,1,万能药,consume,rarity,all,,1,elixir_all,5,210,2,unsummon,0,,,,
,,,,,,,,,,,,,,,,,,
,,,,,,,,,,,,,,,,,,
119001,11900,1,穴居人莽汉,monster,normal,war,1,0,triglodite,2,40,2,melee,3,,,,
149018,14901,8,沙鼠王,monster,epic,nature,9,0,gerbip,1,120,2,melee,3,ranged,3,draft,3
,,,,,,,,,,,,,,,,,,
21901,21901,1,振金铠甲,armor,epic,war,99,0,chain_mail,1,140,2,,,,,,
